dependency,skus,wareh,diff,buffer,weight_mode,mode,benchiter,orders,train_test,parcel_train,parcel_test,flexibility,duration,cap_used,local_search,gap
HD-SF,100,2,0.0,0.0,uniform,QMKJ,1,200,0.5,21,40,0.6,68.329606351,100,0,5.192039981685117e-11
HD-SF,100,2,0.0,0.0,uniform,CHI_1.0e-5,1,200,0.5,53,53,0.47,5.94392988,100,0,0.0
HD-SF,100,2,0.0,0.0,uniform,CHI_1.0e-5_LS,1,200,0.5,30,36,0.64,6.163014696,100,5,0.0
HD-SF,100,2,0.0,0.0,uniform,KL,1,200,0.5,19,38,0.62,3.017008894,100,100,0.0
HD-SF,100,2,0.0,0.0,uniform,KL_LS,1,200,0.5,19,38,0.62,3.2360413319999997,100,1,0.0
HD-SF,100,2,0.0,0.0,uniform,GO,1,200,0.5,51,54,0.46,0.280198689,100,0,0.0
HD-SF,100,2,0.0,0.0,uniform,GO_LS,1,200,0.5,36,39,0.61,0.49924028400000003,100,2,0.0
HD-SF,100,2,0.0,0.0,uniform,GP,1,200,0.5,45,48,0.52,0.203881336,100,0,0.0
HD-SF,100,2,0.0,0.0,uniform,GP_LS,1,200,0.5,22,38,0.62,0.422982242,100,5,0.0
HD-SF,100,2,0.0,0.0,uniform,GS,1,200,0.5,43,65,0.35,1.036351808,100,0,0.0
HD-SF,100,2,0.0,0.0,uniform,GS_LS,1,200,0.5,26,45,0.55,1.25542879,100,4,0.0
HD-SF,100,2,0.0,0.0,uniform,BS,1,200,0.5,43,65,0.35,0.352415744,100,0,0.0
HD-SF,100,2,0.0,0.0,uniform,BS_LS,1,200,0.5,26,45,0.55,0.571770797,100,4,0.0
HD-SF,100,2,0.0,0.0,uniform,EMCI,1,200,0.5,56,68,0.32,0.740045984,100,0,0.0
HD-SF,100,2,0.0,0.0,uniform,EMCI_LS,1,200,0.5,33,57,0.43,0.959129919,100,4,0.0
HD-SF,100,2,0.0,0.0,uniform,OPT,1,200,0.5,16,49,0.51,2.841389524,100,0,0.0
HD-SF,100,2,0.0,0.0,uniform,RND,1,200,0.5,68,68,0.32,0.441832722,100,0,0.0
HD-SF,100,2,0.0,0.0,uniform,QMKJ,1,1000,0.5,163,226,0.548,101.568793936,100,0,5.4028879327602315e-11
HD-SF,100,2,0.0,0.0,uniform,CHI_1.0e-5,1,1000,0.5,250,227,0.546,0.951013277,100,0,0.0
HD-SF,100,2,0.0,0.0,uniform,CHI_1.0e-5_LS,1,1000,0.5,173,209,0.582,0.9513009560000001,100,7,0.0
HD-SF,100,2,0.0,0.0,uniform,KL,1,1000,0.5,161,218,0.564,3.359503773,100,100,0.0
HD-SF,100,2,0.0,0.0,uniform,KL_LS,1,1000,0.5,161,218,0.564,3.36059031,100,1,0.0
HD-SF,100,2,0.0,0.0,uniform,GO,1,1000,0.5,270,286,0.428,0.001012098,100,0,0.0
HD-SF,100,2,0.0,0.0,uniform,GO_LS,1,1000,0.5,195,249,0.502,0.001335143,100,8,0.0
HD-SF,100,2,0.0,0.0,uniform,GP,1,1000,0.5,262,258,0.484,0.000325821,100,0,0.0
HD-SF,100,2,0.0,0.0,uniform,GP_LS,1,1000,0.5,190,214,0.572,0.000621706,100,4,0.0
HD-SF,100,2,0.0,0.0,uniform,GS,1,1000,0.5,211,228,0.544,0.000231745,100,0,0.0
HD-SF,100,2,0.0,0.0,uniform,GS_LS,1,1000,0.5,173,223,0.554,0.000504977,100,5,0.0
HD-SF,100,2,0.0,0.0,uniform,BS,1,1000,0.5,211,228,0.544,0.000222728,100,0,0.0
HD-SF,100,2,0.0,0.0,uniform,BS_LS,1,1000,0.5,173,223,0.554,0.000488676,100,5,0.0
HD-SF,100,2,0.0,0.0,uniform,EMCI,1,1000,0.5,274,274,0.452,4.1778e-5,100,0,0.0
HD-SF,100,2,0.0,0.0,uniform,EMCI_LS,1,1000,0.5,202,230,0.54,0.00030947,100,5,0.0
HD-SF,100,2,0.0,0.0,uniform,OPT,1,1000,0.5,157,208,0.584,310.380350675,100,0,0.0
HD-SF,100,2,0.0,0.0,uniform,RND,1,1000,0.5,342,330,0.3396,0.000554941,100,0,0.0
HD-SF,100,2,0.0,0.0,uniform,QMKJ,1,2000,0.5,336,372,0.628,1.336434855,100,0,0.0
HD-SF,100,2,0.0,0.0,uniform,CHI_1.0e-5,1,2000,0.5,378,409,0.591,0.930101362,100,0,0.0
HD-SF,100,2,0.0,0.0,uniform,CHI_1.0e-5_LS,1,2000,0.5,359,404,0.596,0.9304002520000001,100,2,0.0
HD-SF,100,2,0.0,0.0,uniform,KL,1,2000,0.5,315,366,0.634,3.492267096,100,100,0.0
HD-SF,100,2,0.0,0.0,uniform,KL_LS,1,2000,0.5,315,366,0.634,3.493412463,100,1,0.0
HD-SF,100,2,0.0,0.0,uniform,GO,1,2000,0.5,624,619,0.381,0.002194004,100,0,0.0
HD-SF,100,2,0.0,0.0,uniform,GO_LS,1,2000,0.5,355,384,0.616,0.002692238,100,9,0.0
HD-SF,100,2,0.0,0.0,uniform,GP,1,2000,0.5,513,552,0.448,0.000499857,100,0,0.0
HD-SF,100,2,0.0,0.0,uniform,GP_LS,1,2000,0.5,362,382,0.618,0.000935293,100,5,0.0
HD-SF,100,2,0.0,0.0,uniform,GS,1,2000,0.5,567,557,0.443,0.000371426,100,0,0.0
HD-SF,100,2,0.0,0.0,uniform,GS_LS,1,2000,0.5,377,437,0.563,0.0007785790000000001,100,5,0.0
HD-SF,100,2,0.0,0.0,uniform,BS,1,2000,0.5,567,557,0.443,0.000336591,100,0,0.0
HD-SF,100,2,0.0,0.0,uniform,BS_LS,1,2000,0.5,377,437,0.563,0.000786625,100,5,0.0
HD-SF,100,2,0.0,0.0,uniform,EMCI,1,2000,0.5,603,575,0.425,8.7774e-5,100,0,0.0
HD-SF,100,2,0.0,0.0,uniform,EMCI_LS,1,2000,0.5,417,460,0.54,0.000440355,100,4,0.0
HD-SF,100,2,0.0,0.0,uniform,OPT,1,2000,0.5,311,379,0.621,816.005921995,100,0,0.0
HD-SF,100,2,0.0,0.0,uniform,RND,1,2000,0.5,682,676,0.3242,0.001254703,100,0,0.0
HD-SF,100,2,0.2,0.0,uniform,QMKJ,1,200,0.5,16,41,0.59,1.229689742,100,0,1.615625887997978e-13
HD-SF,100,2,0.2,0.0,uniform,CHI_1.0e-5,1,200,0.5,30,47,0.53,1.223480208,100,0,0.0
HD-SF,100,2,0.2,0.0,uniform,CHI_1.0e-5_LS,1,200,0.5,27,52,0.48,1.223669052,100,3,0.0
HD-SF,100,2,0.2,0.0,uniform,KL,1,200,0.5,16,42,0.58,3.192441502,100,100,0.0
HD-SF,100,2,0.2,0.0,uniform,KL_LS,1,200,0.5,16,42,0.58,3.1925780379999997,100,1,0.0
HD-SF,100,2,0.2,0.0,uniform,GO,1,200,0.5,37,58,0.42,0.000228248,100,0,0.0
HD-SF,100,2,0.2,0.0,uniform,GO_LS,1,200,0.5,28,52,0.48,0.000403286,100,2,0.0
HD-SF,100,2,0.2,0.0,uniform,GP,1,200,0.5,35,57,0.43,0.000183635,100,0,0.0
HD-SF,100,2,0.2,0.0,uniform,GP_LS,1,200,0.5,27,52,0.48,0.000376617,100,3,0.0
HD-SF,100,2,0.2,0.0,uniform,GS,1,200,0.5,37,57,0.43,0.000136425,100,0,0.0
HD-SF,100,2,0.2,0.0,uniform,GS_LS,1,200,0.5,23,45,0.55,0.000314338,100,5,0.0
HD-SF,100,2,0.2,0.0,uniform,BS,1,200,0.5,37,57,0.43,0.000150312,100,0,0.0
HD-SF,100,2,0.2,0.0,uniform,BS_LS,1,200,0.5,23,45,0.55,0.00033550999999999996,100,5,0.0
HD-SF,100,2,0.2,0.0,uniform,EMCI,1,200,0.5,35,55,0.45,4.4854e-5,100,0,0.0
HD-SF,100,2,0.2,0.0,uniform,EMCI_LS,1,200,0.5,21,49,0.51,0.000221055,100,5,0.0
HD-SF,100,2,0.2,0.0,uniform,OPT,1,200,0.5,14,52,0.48,0.280150039,100,0,0.0
HD-SF,100,2,0.2,0.0,uniform,RND,1,200,0.5,65,68,0.324,0.000492594,100,0,0.0
HD-SF,100,2,0.2,0.0,uniform,QMKJ,1,1000,0.5,160,199,0.602,0.310276603,100,0,0.0
HD-SF,100,2,0.2,0.0,uniform,CHI_1.0e-5,1,1000,0.5,225,239,0.522,1.228251986,100,0,0.0
HD-SF,100,2,0.2,0.0,uniform,CHI_1.0e-5_LS,1,1000,0.5,159,185,0.63,1.228597084,100,8,0.0
HD-SF,100,2,0.2,0.0,uniform,KL,1,1000,0.5,155,184,0.632,3.202405616,100,100,0.0
HD-SF,100,2,0.2,0.0,uniform,KL_LS,1,1000,0.5,155,184,0.632,3.203755278,100,1,0.0
HD-SF,100,2,0.2,0.0,uniform,GO,1,1000,0.5,242,259,0.482,0.001068995,100,0,0.0
HD-SF,100,2,0.2,0.0,uniform,GO_LS,1,1000,0.5,180,218,0.564,0.0013623160000000001,100,3,0.0
HD-SF,100,2,0.2,0.0,uniform,GP,1,1000,0.5,244,267,0.466,0.000451537,100,0,0.0
HD-SF,100,2,0.2,0.0,uniform,GP_LS,1,1000,0.5,206,234,0.532,0.0007932680000000001,100,2,0.0
HD-SF,100,2,0.2,0.0,uniform,GS,1,1000,0.5,243,260,0.48,0.000285836,100,0,0.0
HD-SF,100,2,0.2,0.0,uniform,GS_LS,1,1000,0.5,189,221,0.558,0.000596879,100,3,0.0
HD-SF,100,2,0.2,0.0,uniform,BS,1,1000,0.5,243,260,0.48,0.000272331,100,0,0.0
HD-SF,100,2,0.2,0.0,uniform,BS_LS,1,1000,0.5,189,221,0.558,0.000584316,100,3,0.0
HD-SF,100,2,0.2,0.0,uniform,EMCI,1,1000,0.5,266,302,0.396,6.2627e-5,100,0,0.0
HD-SF,100,2,0.2,0.0,uniform,EMCI_LS,1,1000,0.5,196,238,0.524,0.000357209,100,3,0.0
HD-SF,100,2,0.2,0.0,uniform,OPT,1,1000,0.5,148,190,0.62,99.486691556,100,0,0.0
HD-SF,100,2,0.2,0.0,uniform,RND,1,1000,0.5,329,328,0.345,0.000651982,100,0,0.0
HD-SF,100,2,0.2,0.0,uniform,QMKJ,1,2000,0.5,373,448,0.552,0.161191833,100,0,0.0
HD-SF,100,2,0.2,0.0,uniform,CHI_1.0e-5,1,2000,0.5,385,456,0.544,1.152261004,100,0,0.0
HD-SF,100,2,0.2,0.0,uniform,CHI_1.0e-5_LS,1,2000,0.5,347,431,0.569,1.152674781,100,7,0.0
HD-SF,100,2,0.2,0.0,uniform,KL,1,2000,0.5,325,431,0.569,3.458949247,100,100,0.0
HD-SF,100,2,0.2,0.0,uniform,KL_LS,1,2000,0.5,325,431,0.569,3.459966425,100,1,0.0
HD-SF,100,2,0.2,0.0,uniform,GO,1,2000,0.5,495,511,0.489,0.002257113,100,0,0.0
HD-SF,100,2,0.2,0.0,uniform,GO_LS,1,2000,0.5,438,495,0.505,0.002634801,100,2,0.0
HD-SF,100,2,0.2,0.0,uniform,GP,1,2000,0.5,462,461,0.539,0.000569388,100,0,0.0
HD-SF,100,2,0.2,0.0,uniform,GP_LS,1,2000,0.5,374,444,0.556,0.001109562,100,6,0.0
HD-SF,100,2,0.2,0.0,uniform,GS,1,2000,0.5,424,466,0.534,0.000398667,100,0,0.0
HD-SF,100,2,0.2,0.0,uniform,GS_LS,1,2000,0.5,372,440,0.56,0.000886843,100,5,0.0
HD-SF,100,2,0.2,0.0,uniform,BS,1,2000,0.5,424,466,0.534,0.000412514,100,0,0.0
HD-SF,100,2,0.2,0.0,uniform,BS_LS,1,2000,0.5,372,440,0.56,0.000823445,100,5,0.0
HD-SF,100,2,0.2,0.0,uniform,EMCI,1,2000,0.5,450,492,0.508,6.6235e-5,100,0,0.0
HD-SF,100,2,0.2,0.0,uniform,EMCI_LS,1,2000,0.5,420,476,0.524,0.000420499,100,3,0.0
HD-SF,100,2,0.2,0.0,uniform,OPT,1,2000,0.5,324,405,0.595,900.064252724,100,0,0.04909365558912349
HD-SF,100,2,0.2,0.0,uniform,RND,1,2000,0.5,656,665,0.3352,0.000736281,100,0,0.0
HD-SF,100,4,0.0,0.0,uniform,QMKJ,1,200,0.5,51,95,0.25,4.860269768,100,0,1.9897764097167974e-9
HD-SF,100,4,0.0,0.0,uniform,CHI_1.0e-5,1,200,0.5,93,113,0.13,1.214756729,100,0,0.0
HD-SF,100,4,0.0,0.0,uniform,CHI_1.0e-5_LS,1,200,0.5,60,101,0.23,1.2149412750000002,100,4,0.0
HD-SF,100,4,0.0,0.0,uniform,KL,1,200,0.5,46,98,0.25,3.920928318,100,100,0.0
HD-SF,100,4,0.0,0.0,uniform,KL_LS,1,200,0.5,46,98,0.25,3.921897416,100,1,0.0
HD-SF,100,4,0.0,0.0,uniform,GO,1,200,0.5,89,113,0.17,0.00026642,100,0,0.0
HD-SF,100,4,0.0,0.0,uniform,GO_LS,1,200,0.5,55,96,0.22,0.000477045,100,5,0.0
HD-SF,100,4,0.0,0.0,uniform,GP,1,200,0.5,92,108,0.17,0.000175219,100,0,0.0
HD-SF,100,4,0.0,0.0,uniform,GP_LS,1,200,0.5,61,105,0.2,0.000388499,100,5,0.0
HD-SF,100,4,0.0,0.0,uniform,GS,1,200,0.5,69,110,0.19,0.000130415,100,0,0.0
HD-SF,100,4,0.0,0.0,uniform,GS_LS,1,200,0.5,59,103,0.21,0.000293331,100,3,0.0
HD-SF,100,4,0.0,0.0,uniform,BS,1,200,0.5,69,110,0.19,0.000158457,100,0,0.0
HD-SF,100,4,0.0,0.0,uniform,BS_LS,1,200,0.5,59,103,0.21,0.000334377,100,3,0.0
HD-SF,100,4,0.0,0.0,uniform,EMCI,1,200,0.5,108,124,0.12,4.7679e-5,100,0,0.0
HD-SF,100,4,0.0,0.0,uniform,EMCI_LS,1,200,0.5,77,115,0.18,0.000206657,100,3,0.0
HD-SF,100,4,0.0,0.0,uniform,OPT,1,200,0.5,37,94,0.25,900.023517836,100,0,0.02919708029196867
HD-SF,100,4,0.0,0.0,uniform,RND,1,200,0.5,130,131,0.118,0.000759054,100,0,0.0
HD-SF,100,4,0.0,0.0,uniform,QMKJ,1,1000,0.5,317,361,0.392,4.250276665,100,0,0.0
HD-SF,100,4,0.0,0.0,uniform,CHI_1.0e-5,1,1000,0.5,385,385,0.364,1.440196703,100,0,0.0
HD-SF,100,4,0.0,0.0,uniform,CHI_1.0e-5_LS,1,1000,0.5,346,359,0.426,1.440592676,100,4,0.0
HD-SF,100,4,0.0,0.0,uniform,KL,1,1000,0.5,307,373,0.382,4.031183333,100,100,0.0
HD-SF,100,4,0.0,0.0,uniform,KL_LS,1,1000,0.5,307,373,0.382,4.033268985000001,100,1,0.0
HD-SF,100,4,0.0,0.0,uniform,GO,1,1000,0.5,491,498,0.228,0.001113969,100,0,0.0
HD-SF,100,4,0.0,0.0,uniform,GO_LS,1,1000,0.5,406,437,0.304,0.0015199109999999999,100,3,0.0
HD-SF,100,4,0.0,0.0,uniform,GP,1,1000,0.5,492,469,0.26,0.000406142,100,0,0.0
HD-SF,100,4,0.0,0.0,uniform,GP_LS,1,1000,0.5,407,404,0.342,0.000807536,100,3,0.0
HD-SF,100,4,0.0,0.0,uniform,GS,1,1000,0.5,456,450,0.296,0.000358863,100,0,0.0
HD-SF,100,4,0.0,0.0,uniform,GS_LS,1,1000,0.5,345,373,0.378,0.000885331,100,5,0.0
HD-SF,100,4,0.0,0.0,uniform,BS,1,1000,0.5,456,450,0.296,0.000274555,100,0,0.0
HD-SF,100,4,0.0,0.0,uniform,BS_LS,1,1000,0.5,345,373,0.378,0.000745899,100,5,0.0
HD-SF,100,4,0.0,0.0,uniform,EMCI,1,1000,0.5,508,506,0.24,6.9952e-5,100,0,0.0
HD-SF,100,4,0.0,0.0,uniform,EMCI_LS,1,1000,0.5,317,357,0.412,0.000653657,100,10,0.0
HD-SF,100,4,0.0,0.0,uniform,OPT,1,1000,0.5,308,362,0.412,901.504643762,100,0,0.267326732673264
HD-SF,100,4,0.0,0.0,uniform,RND,1,1000,0.5,640,594,0.1236,0.001319374,100,0,0.0
HD-SF,100,4,0.0,0.0,uniform,QMKJ,1,2000,0.5,589,702,0.437,103.603393506,100,0,0.0
HD-SF,100,4,0.0,0.0,uniform,CHI_1.0e-5,1,2000,0.5,711,743,0.413,1.22961875,100,0,0.0
HD-SF,100,4,0.0,0.0,uniform,CHI_1.0e-5_LS,1,2000,0.5,651,718,0.427,1.2302467780000002,100,5,0.0
HD-SF,100,4,0.0,0.0,uniform,KL,1,2000,0.5,601,682,0.442,4.462013883,100,100,0.0
HD-SF,100,4,0.0,0.0,uniform,KL_LS,1,2000,0.5,601,682,0.442,4.463686248999999,100,1,0.0
HD-SF,100,4,0.0,0.0,uniform,GO,1,2000,0.5,973,994,0.224,0.002371678,100,0,0.0
HD-SF,100,4,0.0,0.0,uniform,GO_LS,1,2000,0.5,744,837,0.321,0.003019463,100,6,0.0
HD-SF,100,4,0.0,0.0,uniform,GP,1,2000,0.5,968,1011,0.22,0.000527068,100,0,0.0
HD-SF,100,4,0.0,0.0,uniform,GP_LS,1,2000,0.5,831,912,0.278,0.001191615,100,2,0.0
HD-SF,100,4,0.0,0.0,uniform,GS,1,2000,0.5,778,840,0.346,0.000448861,100,0,0.0
HD-SF,100,4,0.0,0.0,uniform,GS_LS,1,2000,0.5,641,706,0.439,0.0011332550000000001,100,7,0.0
HD-SF,100,4,0.0,0.0,uniform,BS,1,2000,0.5,778,840,0.346,0.000468889,100,0,0.0
HD-SF,100,4,0.0,0.0,uniform,BS_LS,1,2000,0.5,641,706,0.439,0.001134758,100,7,0.0
HD-SF,100,4,0.0,0.0,uniform,EMCI,1,2000,0.5,1081,1157,0.14,9.581e-5,100,0,0.0
HD-SF,100,4,0.0,0.0,uniform,EMCI_LS,1,2000,0.5,710,766,0.38,0.000748364,100,6,0.0
HD-SF,100,4,0.0,0.0,uniform,OPT,1,2000,0.5,612,698,0.426,900.170442355,100,0,0.2574441687344897
HD-SF,100,4,0.0,0.0,uniform,RND,1,2000,0.5,1220,1271,0.1179,0.002451597,100,0,0.0
HD-SF,100,4,0.2,0.0,uniform,QMKJ,1,200,0.5,40,93,0.31,4.227865739,100,0,2.6208618092028205e-11
HD-SF,100,4,0.2,0.0,uniform,CHI_1.0e-5,1,200,0.5,73,111,0.23,1.365011312,100,0,0.0
HD-SF,100,4,0.2,0.0,uniform,CHI_1.0e-5_LS,1,200,0.5,39,91,0.29,1.365343065,100,6,0.0
HD-SF,100,4,0.2,0.0,uniform,KL,1,200,0.5,33,90,0.28,3.707422354,100,100,0.0
HD-SF,100,4,0.2,0.0,uniform,KL_LS,1,200,0.5,33,90,0.28,3.70847029,100,1,0.0
HD-SF,100,4,0.2,0.0,uniform,GO,1,200,0.5,80,106,0.16,0.000256201,100,0,0.0
HD-SF,100,4,0.2,0.0,uniform,GO_LS,1,200,0.5,45,96,0.24,0.00045844099999999997,100,4,0.0
HD-SF,100,4,0.2,0.0,uniform,GP,1,200,0.5,85,104,0.21,0.000214532,100,0,0.0
HD-SF,100,4,0.2,0.0,uniform,GP_LS,1,200,0.5,45,84,0.35,0.000508153,100,7,0.0
HD-SF,100,4,0.2,0.0,uniform,GS,1,200,0.5,44,90,0.32,0.000231144,100,0,0.0
HD-SF,100,4,0.2,0.0,uniform,GS_LS,1,200,0.5,44,90,0.32,0.000382108,100,1,0.0
HD-SF,100,4,0.2,0.0,uniform,BS,1,200,0.5,44,90,0.32,0.000221135,100,0,0.0
HD-SF,100,4,0.2,0.0,uniform,BS_LS,1,200,0.5,44,90,0.32,0.000376396,100,1,0.0
HD-SF,100,4,0.2,0.0,uniform,EMCI,1,200,0.5,99,116,0.17,4.8771e-5,100,0,0.0
HD-SF,100,4,0.2,0.0,uniform,EMCI_LS,1,200,0.5,51,105,0.2,0.00028739900000000003,100,5,0.0
HD-SF,100,4,0.2,0.0,uniform,OPT,1,200,0.5,27,92,0.31,84.979329793,100,0,0.0
HD-SF,100,4,0.2,0.0,uniform,RND,1,200,0.5,126,125,0.132,0.000722355,100,0,0.0
HD-SF,100,4,0.2,0.0,uniform,QMKJ,1,1000,0.5,273,346,0.432,1.612275523,100,0,0.0
HD-SF,100,4,0.2,0.0,uniform,CHI_1.0e-5,1,1000,0.5,374,423,0.326,1.40053028,100,0,0.0
HD-SF,100,4,0.2,0.0,uniform,CHI_1.0e-5_LS,1,1000,0.5,305,358,0.418,1.4009825079999998,100,4,0.0
HD-SF,100,4,0.2,0.0,uniform,KL,1,1000,0.5,258,330,0.474,4.141576536,100,100,0.0
HD-SF,100,4,0.2,0.0,uniform,KL_LS,1,1000,0.5,258,330,0.474,4.1435015459999995,100,1,0.0
HD-SF,100,4,0.2,0.0,uniform,GO,1,1000,0.5,453,507,0.226,0.001133766,100,0,0.0
HD-SF,100,4,0.2,0.0,uniform,GO_LS,1,1000,0.5,386,464,0.29,0.0016025649999999998,100,2,0.0
HD-SF,100,4,0.2,0.0,uniform,GP,1,1000,0.5,456,524,0.212,0.000464231,100,0,0.0
HD-SF,100,4,0.2,0.0,uniform,GP_LS,1,1000,0.5,303,395,0.382,0.001086999,100,7,0.0
HD-SF,100,4,0.2,0.0,uniform,GS,1,1000,0.5,353,419,0.33,0.000373841,100,0,0.0
HD-SF,100,4,0.2,0.0,uniform,GS_LS,1,1000,0.5,280,378,0.39,0.000950883,100,7,0.0
HD-SF,100,4,0.2,0.0,uniform,BS,1,1000,0.5,353,419,0.33,0.000309821,100,0,0.0
HD-SF,100,4,0.2,0.0,uniform,BS_LS,1,1000,0.5,280,378,0.39,0.000852759,100,7,0.0
HD-SF,100,4,0.2,0.0,uniform,EMCI,1,1000,0.5,489,536,0.214,7.8537e-5,100,0,0.0
HD-SF,100,4,0.2,0.0,uniform,EMCI_LS,1,1000,0.5,329,372,0.398,0.0005596189999999999,100,5,0.0
HD-SF,100,4,0.2,0.0,uniform,OPT,1,1000,0.5,262,342,0.448,900.604818033,100,0,0.24278215223096794
HD-SF,100,4,0.2,0.0,uniform,RND,1,1000,0.5,616,623,0.1212,0.000899426,100,0,0.0
HD-SF,100,4,0.2,0.0,uniform,QMKJ,1,2000,0.5,584,698,0.443,3.833083377,100,0,0.0
HD-SF,100,4,0.2,0.0,uniform,CHI_1.0e-5,1,2000,0.5,678,754,0.396,1.527036478,100,0,0.0
HD-SF,100,4,0.2,0.0,uniform,CHI_1.0e-5_LS,1,2000,0.5,589,749,0.399,1.5276537740000002,100,4,0.0
HD-SF,100,4,0.2,0.0,uniform,KL,1,2000,0.5,566,692,0.431,4.121574277,100,100,0.0
HD-SF,100,4,0.2,0.0,uniform,KL_LS,1,2000,0.5,566,692,0.431,4.123404798999999,100,1,0.0
HD-SF,100,4,0.2,0.0,uniform,GO,1,2000,0.5,924,1017,0.223,0.002305604,100,0,0.0
HD-SF,100,4,0.2,0.0,uniform,GO_LS,1,2000,0.5,755,887,0.314,0.002975359,100,3,0.0
HD-SF,100,4,0.2,0.0,uniform,GP,1,2000,0.5,840,930,0.281,0.000662302,100,0,0.0
HD-SF,100,4,0.2,0.0,uniform,GP_LS,1,2000,0.5,698,789,0.373,0.0013266970000000002,100,4,0.0
HD-SF,100,4,0.2,0.0,uniform,GS,1,2000,0.5,718,803,0.357,0.000522269,100,0,0.0
HD-SF,100,4,0.2,0.0,uniform,GS_LS,1,2000,0.5,613,728,0.421,0.001206611,100,8,0.0
HD-SF,100,4,0.2,0.0,uniform,BS,1,2000,0.5,718,803,0.357,0.000473719,100,0,0.0
HD-SF,100,4,0.2,0.0,uniform,BS_LS,1,2000,0.5,613,728,0.421,0.00116252,100,8,0.0
HD-SF,100,4,0.2,0.0,uniform,EMCI,1,2000,0.5,899,967,0.264,8.4839e-5,100,0,0.0
HD-SF,100,4,0.2,0.0,uniform,EMCI_LS,1,2000,0.5,710,834,0.365,0.000717915,100,5,0.0
HD-SF,100,4,0.2,0.0,uniform,OPT,1,2000,0.5,588,739,0.392,900.126872932,100,0,0.2770780856423156
HD-SF,100,4,0.2,0.0,uniform,RND,1,2000,0.5,1225,1228,0.1319,0.001982838,100,0,0.0
HD-SF,100,6,0.0,0.0,uniform,QMKJ,1,200,0.5,41,90,0.33,20.705926744,100,0,3.7231751246202257e-9
HD-SF,100,6,0.0,0.0,uniform,CHI_1.0e-5,1,200,0.5,77,108,0.25,1.300619222,100,0,0.0
HD-SF,100,6,0.0,0.0,uniform,CHI_1.0e-5_LS,1,200,0.5,58,113,0.23,1.300824507,100,2,0.0
HD-SF,100,6,0.0,0.0,uniform,KL,1,200,0.5,39,84,0.37,3.278610178,100,100,0.0
HD-SF,100,6,0.0,0.0,uniform,KL_LS,1,200,0.5,37,87,0.37,3.27986983,100,3,0.0
HD-SF,100,6,0.0,0.0,uniform,GO,1,200,0.5,80,118,0.21,0.000263775,100,0,0.0
HD-SF,100,6,0.0,0.0,uniform,GO_LS,1,200,0.5,51,95,0.3,0.0005037749999999999,100,4,0.0
HD-SF,100,6,0.0,0.0,uniform,GP,1,200,0.5,88,134,0.15,0.000244409,100,0,0.0
HD-SF,100,6,0.0,0.0,uniform,GP_LS,1,200,0.5,55,108,0.27,0.000530556,100,6,0.0
HD-SF,100,6,0.0,0.0,uniform,GS,1,200,0.5,57,101,0.26,0.000227857,100,0,0.0
HD-SF,100,6,0.0,0.0,uniform,GS_LS,1,200,0.5,54,99,0.27,0.00044733900000000005,100,2,0.0
HD-SF,100,6,0.0,0.0,uniform,BS,1,200,0.5,57,101,0.26,0.000182522,100,0,0.0
HD-SF,100,6,0.0,0.0,uniform,BS_LS,1,200,0.5,54,99,0.27,0.000363832,100,2,0.0
HD-SF,100,6,0.0,0.0,uniform,EMCI,1,200,0.5,111,140,0.11,4.9793e-5,100,0,0.0
HD-SF,100,6,0.0,0.0,uniform,EMCI_LS,1,200,0.5,73,135,0.12,0.000305081,100,4,0.0
HD-SF,100,6,0.0,0.0,uniform,OPT,1,200,0.5,30,91,0.35,207.585173016,100,0,0.0
HD-SF,100,6,0.0,0.0,uniform,RND,1,200,0.5,141,155,0.08,0.001753608,100,0,0.0
HD-SF,100,6,0.0,0.0,uniform,QMKJ,1,1000,0.5,355,431,0.37,23.544926367,100,0,0.0
HD-SF,100,6,0.0,0.0,uniform,CHI_1.0e-5,1,1000,0.5,431,463,0.326,1.285230234,100,0,0.0
HD-SF,100,6,0.0,0.0,uniform,CHI_1.0e-5_LS,1,1000,0.5,409,484,0.306,1.285629082,100,3,0.0
HD-SF,100,6,0.0,0.0,uniform,KL,1,1000,0.5,341,424,0.374,3.741898815,100,100,0.0
HD-SF,100,6,0.0,0.0,uniform,KL_LS,1,1000,0.5,341,424,0.374,3.743595447,100,1,0.0
HD-SF,100,6,0.0,0.0,uniform,GO,1,1000,0.5,574,642,0.13,0.001139697,100,0,0.0
HD-SF,100,6,0.0,0.0,uniform,GO_LS,1,1000,0.5,479,541,0.24,0.001562169,100,4,0.0
HD-SF,100,6,0.0,0.0,uniform,GP,1,1000,0.5,565,592,0.164,0.000439393,100,0,0.0
HD-SF,100,6,0.0,0.0,uniform,GP_LS,1,1000,0.5,413,497,0.302,0.001001938,100,9,0.0
HD-SF,100,6,0.0,0.0,uniform,GS,1,1000,0.5,427,480,0.316,0.000310262,100,0,0.0
HD-SF,100,6,0.0,0.0,uniform,GS_LS,1,1000,0.5,364,421,0.368,0.0007833989999999999,100,8,0.0
HD-SF,100,6,0.0,0.0,uniform,BS,1,1000,0.5,427,480,0.316,0.000280836,100,0,0.0
HD-SF,100,6,0.0,0.0,uniform,BS_LS,1,1000,0.5,364,421,0.368,0.000796022,100,8,0.0
HD-SF,100,6,0.0,0.0,uniform,EMCI,1,1000,0.5,640,678,0.122,4.6557e-5,100,0,0.0
HD-SF,100,6,0.0,0.0,uniform,EMCI_LS,1,1000,0.5,458,557,0.22,0.00042122000000000004,100,4,0.0
HD-SF,100,6,0.0,0.0,uniform,OPT,1,1000,0.5,337,435,0.35,900.090195543,100,0,0.270011947431299
HD-SF,100,6,0.0,0.0,uniform,RND,1,1000,0.5,726,752,0.0726,0.002900539,100,0,0.0
HD-SF,100,6,0.0,0.0,uniform,QMKJ,1,2000,0.5,732,805,0.379,21.590734269,100,0,2.1110720293680144e-10
HD-SF,100,6,0.0,0.0,uniform,CHI_1.0e-5,1,2000,0.5,796,850,0.36,1.418644137,100,0,0.0
HD-SF,100,6,0.0,0.0,uniform,CHI_1.0e-5_LS,1,2000,0.5,715,806,0.383,1.4194213949999999,100,8,0.0
HD-SF,100,6,0.0,0.0,uniform,KL,1,2000,0.5,721,821,0.366,3.628156932,100,100,0.0
HD-SF,100,6,0.0,0.0,uniform,KL_LS,1,2000,0.5,721,821,0.366,3.629768233,100,1,0.0
HD-SF,100,6,0.0,0.0,uniform,GO,1,2000,0.5,1117,1133,0.199,0.002420318,100,0,0.0
HD-SF,100,6,0.0,0.0,uniform,GO_LS,1,2000,0.5,868,923,0.295,0.0032022849999999996,100,8,0.0
HD-SF,100,6,0.0,0.0,uniform,GP,1,2000,0.5,1178,1174,0.177,0.000680877,100,0,0.0
HD-SF,100,6,0.0,0.0,uniform,GP_LS,1,2000,0.5,820,875,0.342,0.001564784,100,8,0.0
HD-SF,100,6,0.0,0.0,uniform,GS,1,2000,0.5,849,950,0.319,0.00062955,100,0,0.0
HD-SF,100,6,0.0,0.0,uniform,GS_LS,1,2000,0.5,776,871,0.34,0.001298985,100,6,0.0
HD-SF,100,6,0.0,0.0,uniform,BS,1,2000,0.5,849,950,0.319,0.000620323,100,0,0.0
HD-SF,100,6,0.0,0.0,uniform,BS_LS,1,2000,0.5,776,871,0.34,0.00130136,100,6,0.0
HD-SF,100,6,0.0,0.0,uniform,EMCI,1,2000,0.5,1273,1275,0.13,6.0844e-5,100,0,0.0
HD-SF,100,6,0.0,0.0,uniform,EMCI_LS,1,2000,0.5,843,941,0.301,0.000740288,100,5,0.0
HD-SF,100,6,0.0,0.0,uniform,OPT,1,2000,0.5,690,800,0.388,900.189520191,100,0,0.27218934911242443
HD-SF,100,6,0.0,0.0,uniform,RND,1,2000,0.5,1483,1437,0.0827,0.002021791,100,0,0.0
HD-SF,100,6,0.2,0.0,uniform,QMKJ,1,200,0.5,60,117,0.18,7.546991654,100,0,1.5492954671506592e-9
HD-SF,100,6,0.2,0.0,uniform,CHI_1.0e-5,1,200,0.5,105,142,0.14,1.444942062,100,0,0.0
HD-SF,100,6,0.2,0.0,uniform,CHI_1.0e-5_LS,1,200,0.5,75,132,0.19,1.445199254,100,5,0.0
HD-SF,100,6,0.2,0.0,uniform,KL,1,200,0.5,52,133,0.16,3.411734548,100,100,0.0
HD-SF,100,6,0.2,0.0,uniform,KL_LS,1,200,0.5,52,133,0.16,3.413040518,100,1,0.0
HD-SF,100,6,0.2,0.0,uniform,GO,1,200,0.5,95,136,0.18,0.000282359,100,0,0.0
HD-SF,100,6,0.2,0.0,uniform,GO_LS,1,200,0.5,81,130,0.14,0.000510337,100,2,0.0
HD-SF,100,6,0.2,0.0,uniform,GP,1,200,0.5,99,135,0.11,0.000505588,100,0,0.0
HD-SF,100,6,0.2,0.0,uniform,GP_LS,1,200,0.5,71,135,0.11,0.0008154299999999999,100,4,0.0
HD-SF,100,6,0.2,0.0,uniform,GS,1,200,0.5,79,129,0.15,0.000284734,100,0,0.0
HD-SF,100,6,0.2,0.0,uniform,GS_LS,1,200,0.5,69,136,0.17,0.000521318,100,3,0.0
HD-SF,100,6,0.2,0.0,uniform,BS,1,200,0.5,79,129,0.15,0.00023967,100,0,0.0
HD-SF,100,6,0.2,0.0,uniform,BS_LS,1,200,0.5,69,136,0.17,0.000460294,100,3,0.0
HD-SF,100,6,0.2,0.0,uniform,EMCI,1,200,0.5,130,144,0.1,7.2166e-5,100,0,0.0
HD-SF,100,6,0.2,0.0,uniform,EMCI_LS,1,200,0.5,76,140,0.12,0.000392007,100,5,0.0
HD-SF,100,6,0.2,0.0,uniform,OPT,1,200,0.5,47,127,0.18,900.034187394,100,0,0.14965986394556804
HD-SF,100,6,0.2,0.0,uniform,RND,1,200,0.5,147,156,0.068,0.000600817,100,0,0.0
HD-SF,100,6,0.2,0.0,uniform,QMKJ,1,1000,0.5,339,401,0.406,13.121594026,100,0,0.0
HD-SF,100,6,0.2,0.0,uniform,CHI_1.0e-5,1,1000,0.5,427,473,0.306,1.327063702,100,0,0.0
HD-SF,100,6,0.2,0.0,uniform,CHI_1.0e-5_LS,1,1000,0.5,376,433,0.356,1.327491825,100,3,0.0
HD-SF,100,6,0.2,0.0,uniform,KL,1,1000,0.5,331,374,0.44,3.484510721,100,100,0.0
HD-SF,100,6,0.2,0.0,uniform,KL_LS,1,1000,0.5,331,374,0.44,3.486123366,100,1,0.0
HD-SF,100,6,0.2,0.0,uniform,GO,1,1000,0.5,514,548,0.226,0.00109336,100,0,0.0
HD-SF,100,6,0.2,0.0,uniform,GO_LS,1,1000,0.5,436,503,0.25,0.0015432039999999998,100,5,0.0
HD-SF,100,6,0.2,0.0,uniform,GP,1,1000,0.5,509,507,0.274,0.000374733,100,0,0.0
HD-SF,100,6,0.2,0.0,uniform,GP_LS,1,1000,0.5,420,469,0.326,0.0009154079999999999,100,5,0.0
HD-SF,100,6,0.2,0.0,uniform,GS,1,1000,0.5,395,464,0.322,0.000362379,100,0,0.0
HD-SF,100,6,0.2,0.0,uniform,GS_LS,1,1000,0.5,376,431,0.346,0.000815218,100,3,0.0
HD-SF,100,6,0.2,0.0,uniform,BS,1,1000,0.5,395,464,0.322,0.000348975,100,0,0.0
HD-SF,100,6,0.2,0.0,uniform,BS_LS,1,1000,0.5,376,431,0.346,0.000741692,100,3,0.0
HD-SF,100,6,0.2,0.0,uniform,EMCI,1,1000,0.5,585,639,0.12,5.901e-5,100,0,0.0
HD-SF,100,6,0.2,0.0,uniform,EMCI_LS,1,1000,0.5,398,446,0.338,0.0005708099999999999,100,8,0.0
HD-SF,100,6,0.2,0.0,uniform,OPT,1,1000,0.5,316,375,0.424,900.088616552,100,0,0.2990196078431336
HD-SF,100,6,0.2,0.0,uniform,RND,1,1000,0.5,709,722,0.0864,0.185098564,100,0,0.0
HD-SF,100,6,0.2,0.0,uniform,QMKJ,1,2000,0.5,744,846,0.359,25.029229681,100,0,4.0123543851289935e-10
HD-SF,100,6,0.2,0.0,uniform,CHI_1.0e-5,1,2000,0.5,818,869,0.358,1.642087267,100,0,0.0
HD-SF,100,6,0.2,0.0,uniform,CHI_1.0e-5_LS,1,2000,0.5,772,838,0.372,1.6428102519999999,100,5,0.0
HD-SF,100,6,0.2,0.0,uniform,KL,1,2000,0.5,726,814,0.386,3.594423052,100,100,0.0
HD-SF,100,6,0.2,0.0,uniform,KL_LS,1,2000,0.5,726,814,0.386,3.596721773,100,1,0.0
HD-SF,100,6,0.2,0.0,uniform,GO,1,2000,0.5,1028,1054,0.242,0.002576141,100,0,0.0
HD-SF,100,6,0.2,0.0,uniform,GO_LS,1,2000,0.5,856,943,0.304,0.0034945630000000004,100,6,0.0
HD-SF,100,6,0.2,0.0,uniform,GP,1,2000,0.5,1081,1066,0.222,0.000714801,100,0,0.0
HD-SF,100,6,0.2,0.0,uniform,GP_LS,1,2000,0.5,801,863,0.346,0.001848036,100,11,0.0
HD-SF,100,6,0.2,0.0,uniform,GS,1,2000,0.5,916,944,0.31,0.000526458,100,0,0.0
HD-SF,100,6,0.2,0.0,uniform,GS_LS,1,2000,0.5,797,859,0.352,0.0013747490000000002,100,6,0.0
HD-SF,100,6,0.2,0.0,uniform,BS,1,2000,0.5,916,944,0.31,0.000577463,100,0,0.0
HD-SF,100,6,0.2,0.0,uniform,BS_LS,1,2000,0.5,797,859,0.352,0.001388364,100,6,0.0
HD-SF,100,6,0.2,0.0,uniform,EMCI,1,2000,0.5,1246,1261,0.142,0.000136807,100,0,0.0
HD-SF,100,6,0.2,0.0,uniform,EMCI_LS,1,2000,0.5,883,968,0.295,0.000908444,100,5,0.0
HD-SF,100,6,0.2,0.0,uniform,OPT,1,2000,0.5,731,829,0.37,900.221756461,100,0,0.32120161756210097
HD-SF,100,6,0.2,0.0,uniform,RND,1,2000,0.5,1435,1436,0.0866,0.00197328,100,0,0.0
HD-SF,100,8,0.0,0.0,uniform,QMKJ,1,200,0.5,54,102,0.28,25.871816612,100,0,1.9297723065175826e-9
HD-SF,100,8,0.0,0.0,uniform,CHI_1.0e-5,1,200,0.5,116,154,0.1,1.601106407,100,0,0.0
HD-SF,100,8,0.0,0.0,uniform,CHI_1.0e-5_LS,1,200,0.5,74,126,0.18,1.601553806,100,9,0.0
HD-SF,100,8,0.0,0.0,uniform,KL,1,200,0.5,55,103,0.27,2.672299501,100,100,0.0
HD-SF,100,8,0.0,0.0,uniform,KL_LS,1,200,0.5,55,103,0.27,2.673686663,100,1,0.0
HD-SF,100,8,0.0,0.0,uniform,GO,1,200,0.5,101,144,0.1,0.000297629,100,0,0.0
HD-SF,100,8,0.0,0.0,uniform,GO_LS,1,200,0.5,68,119,0.18,0.0006431169999999999,100,6,0.0
HD-SF,100,8,0.0,0.0,uniform,GP,1,200,0.5,105,138,0.11,0.000254858,100,0,0.0
HD-SF,100,8,0.0,0.0,uniform,GP_LS,1,200,0.5,73,127,0.17,0.000655259,100,7,0.0
HD-SF,100,8,0.0,0.0,uniform,GS,1,200,0.5,72,136,0.1,0.000226955,100,0,0.0
HD-SF,100,8,0.0,0.0,uniform,GS_LS,1,200,0.5,72,136,0.1,0.00045567400000000004,100,1,0.0
HD-SF,100,8,0.0,0.0,uniform,BS,1,200,0.5,72,136,0.1,0.000202159,100,0,0.0
HD-SF,100,8,0.0,0.0,uniform,BS_LS,1,200,0.5,72,136,0.1,0.000406663,100,1,0.0
HD-SF,100,8,0.0,0.0,uniform,EMCI,1,200,0.5,147,158,0.04,9.7213e-5,100,0,0.0
HD-SF,100,8,0.0,0.0,uniform,EMCI_LS,1,200,0.5,79,125,0.18,0.00045595600000000004,100,5,0.0
HD-SF,100,8,0.0,0.0,uniform,OPT,1,200,0.5,47,104,0.25,900.046191816,100,0,0.1156462585033935
HD-SF,100,8,0.0,0.0,uniform,RND,1,200,0.5,160,158,0.052,0.002619141,100,0,0.0
HD-SF,100,8,0.0,0.0,uniform,QMKJ,1,1000,0.5,409,418,0.382,61.646744787,100,0,8.065419450542185e-10
HD-SF,100,8,0.0,0.0,uniform,CHI_1.0e-5,1,1000,0.5,512,530,0.282,1.637090776,100,0,0.0
HD-SF,100,8,0.0,0.0,uniform,CHI_1.0e-5_LS,1,1000,0.5,443,452,0.354,1.637765892,100,8,0.0
HD-SF,100,8,0.0,0.0,uniform,KL,1,1000,0.5,405,430,0.364,3.206000918,100,100,0.0
HD-SF,100,8,0.0,0.0,uniform,KL_LS,1,1000,0.5,405,430,0.364,3.2078229940000003,100,1,0.0
HD-SF,100,8,0.0,0.0,uniform,GO,1,1000,0.5,668,672,0.14,0.001160807,100,0,0.0
HD-SF,100,8,0.0,0.0,uniform,GO_LS,1,1000,0.5,487,512,0.292,0.001873363,100,8,0.0
HD-SF,100,8,0.0,0.0,uniform,GP,1,1000,0.5,625,682,0.146,0.000464751,100,0,0.0
HD-SF,100,8,0.0,0.0,uniform,GP_LS,1,1000,0.5,477,534,0.28,0.0012144970000000001,100,8,0.0
HD-SF,100,8,0.0,0.0,uniform,GS,1,1000,0.5,518,561,0.23,0.000434414,100,0,0.0
HD-SF,100,8,0.0,0.0,uniform,GS_LS,1,1000,0.5,451,463,0.322,0.001282464,100,6,0.0
HD-SF,100,8,0.0,0.0,uniform,BS,1,1000,0.5,518,561,0.23,0.000394169,100,0,0.0
HD-SF,100,8,0.0,0.0,uniform,BS_LS,1,1000,0.5,451,463,0.322,0.001074194,100,6,0.0
HD-SF,100,8,0.0,0.0,uniform,EMCI,1,1000,0.5,703,730,0.084,8.4809e-5,100,0,0.0
HD-SF,100,8,0.0,0.0,uniform,EMCI_LS,1,1000,0.5,468,503,0.28,0.0008957589999999999,100,10,0.0
HD-SF,100,8,0.0,0.0,uniform,OPT,1,1000,0.5,403,444,0.364,900.144741891,100,0,0.33554817275747134
HD-SF,100,8,0.0,0.0,uniform,RND,1,1000,0.5,795,805,0.0564,0.005731248,100,0,0.0
HD-SF,100,8,0.0,0.0,uniform,QMKJ,1,2000,0.5,900,994,0.291,70.084692036,100,0,0.0
HD-SF,100,8,0.0,0.0,uniform,CHI_1.0e-5,1,2000,0.5,977,998,0.291,1.808453042,100,0,0.0
HD-SF,100,8,0.0,0.0,uniform,CHI_1.0e-5_LS,1,2000,0.5,977,998,0.291,1.809020255,100,1,0.0
HD-SF,100,8,0.0,0.0,uniform,KL,1,2000,0.5,873,963,0.315,3.233718826,100,100,0.0
HD-SF,100,8,0.0,0.0,uniform,KL_LS,1,2000,0.5,873,963,0.315,3.235637273,100,1,0.0
HD-SF,100,8,0.0,0.0,uniform,GO,1,2000,0.5,1280,1310,0.129,0.002554289,100,0,0.0
HD-SF,100,8,0.0,0.0,uniform,GO_LS,1,2000,0.5,1153,1218,0.186,0.00345092,100,4,0.0
HD-SF,100,8,0.0,0.0,uniform,GP,1,2000,0.5,1188,1184,0.197,0.000807494,100,0,0.0
HD-SF,100,8,0.0,0.0,uniform,GP_LS,1,2000,0.5,1081,1116,0.235,0.0017364659999999999,100,3,0.0
HD-SF,100,8,0.0,0.0,uniform,GS,1,2000,0.5,1342,1379,0.1,0.000577383,100,0,0.0
HD-SF,100,8,0.0,0.0,uniform,GS_LS,1,2000,0.5,1137,1203,0.176,0.001683918,100,8,0.0
HD-SF,100,8,0.0,0.0,uniform,BS,1,2000,0.5,1342,1379,0.1,0.000583945,100,0,0.0
HD-SF,100,8,0.0,0.0,uniform,BS_LS,1,2000,0.5,1137,1203,0.176,0.001654913,100,8,0.0
HD-SF,100,8,0.0,0.0,uniform,EMCI,1,2000,0.5,1354,1362,0.131,0.000132599,100,0,0.0
HD-SF,100,8,0.0,0.0,uniform,EMCI_LS,1,2000,0.5,1095,1166,0.213,0.000956925,100,5,0.0
HD-SF,100,8,0.0,0.0,uniform,OPT,1,2000,0.5,1121,1210,0.173,900.339752964,100,0,0.38095238095237915
HD-SF,100,8,0.0,0.0,uniform,RND,1,2000,0.5,1648,1609,0.0558,0.014414511,100,0,0.0
HD-SF,100,8,0.2,0.0,uniform,QMKJ,1,200,0.5,55,114,0.24,49.371534744,100,0,0.0
HD-SF,100,8,0.2,0.0,uniform,CHI_1.0e-5,1,200,0.5,108,152,0.1,1.628008455,100,0,0.0
HD-SF,100,8,0.2,0.0,uniform,CHI_1.0e-5_LS,1,200,0.5,63,133,0.18,1.628444433,100,8,0.0
HD-SF,100,8,0.2,0.0,uniform,KL,1,200,0.5,53,107,0.27,2.743018295,100,100,0.0
HD-SF,100,8,0.2,0.0,uniform,KL_LS,1,200,0.5,53,107,0.27,2.744649334,100,1,0.0
HD-SF,100,8,0.2,0.0,uniform,GO,1,200,0.5,107,161,0.08,0.000318297,100,0,0.0
HD-SF,100,8,0.2,0.0,uniform,GO_LS,1,200,0.5,64,117,0.22,0.000623611,100,6,0.0
HD-SF,100,8,0.2,0.0,uniform,GP,1,200,0.5,110,143,0.09,0.000237085,100,0,0.0
HD-SF,100,8,0.2,0.0,uniform,GP_LS,1,200,0.5,69,124,0.21,0.000609835,100,7,0.0
HD-SF,100,8,0.2,0.0,uniform,GS,1,200,0.5,74,130,0.2,0.00025577,100,0,0.0
HD-SF,100,8,0.2,0.0,uniform,GS_LS,1,200,0.5,72,129,0.2,0.000555142,100,2,0.0
HD-SF,100,8,0.2,0.0,uniform,BS,1,200,0.5,74,130,0.2,0.000239098,100,0,0.0
HD-SF,100,8,0.2,0.0,uniform,BS_LS,1,200,0.5,72,129,0.2,0.0005244539999999999,100,2,0.0
HD-SF,100,8,0.2,0.0,uniform,EMCI,1,200,0.5,125,167,0.03,7.4269e-5,100,0,0.0
HD-SF,100,8,0.2,0.0,uniform,EMCI_LS,1,200,0.5,86,138,0.16,0.000366639,100,4,0.0
HD-SF,100,8,0.2,0.0,uniform,OPT,1,200,0.5,42,110,0.25,900.041940253,100,0,0.13380281690139903
HD-SF,100,8,0.2,0.0,uniform,RND,1,200,0.5,159,176,0.044,0.001045641,100,0,0.0
HD-SF,100,8,0.2,0.0,uniform,QMKJ,1,1000,0.5,406,481,0.332,69.738999059,100,0,8.918320046997006e-10
HD-SF,100,8,0.2,0.0,uniform,CHI_1.0e-5,1,1000,0.5,512,554,0.252,1.601598761,100,0,0.0
HD-SF,100,8,0.2,0.0,uniform,CHI_1.0e-5_LS,1,1000,0.5,419,488,0.318,1.6024341770000001,100,11,0.0
HD-SF,100,8,0.2,0.0,uniform,KL,1,1000,0.5,406,464,0.342,3.165074912,100,100,0.0
HD-SF,100,8,0.2,0.0,uniform,KL_LS,1,1000,0.5,406,464,0.342,3.1673350300000003,100,1,0.0
HD-SF,100,8,0.2,0.0,uniform,GO,1,1000,0.5,612,651,0.144,0.001230908,100,0,0.0
HD-SF,100,8,0.2,0.0,uniform,GO_LS,1,1000,0.5,495,539,0.26,0.001868363,100,6,0.0
HD-SF,100,8,0.2,0.0,uniform,GP,1,1000,0.5,640,670,0.136,0.000575289,100,0,0.0
HD-SF,100,8,0.2,0.0,uniform,GP_LS,1,1000,0.5,489,575,0.252,0.001364458,100,7,0.0
HD-SF,100,8,0.2,0.0,uniform,GS,1,1000,0.5,528,606,0.188,0.000297628,100,0,0.0
HD-SF,100,8,0.2,0.0,uniform,GS_LS,1,1000,0.5,508,580,0.206,0.000896129,100,2,0.0
HD-SF,100,8,0.2,0.0,uniform,BS,1,1000,0.5,528,606,0.188,0.000396914,100,0,0.0
HD-SF,100,8,0.2,0.0,uniform,BS_LS,1,1000,0.5,508,580,0.206,0.000929271,100,2,0.0
HD-SF,100,8,0.2,0.0,uniform,EMCI,1,1000,0.5,736,764,0.056,7.3328e-5,100,0,0.0
HD-SF,100,8,0.2,0.0,uniform,EMCI_LS,1,1000,0.5,564,604,0.198,0.000620874,100,4,0.0
HD-SF,100,8,0.2,0.0,uniform,OPT,1,1000,0.5,429,476,0.312,900.140032019,100,0,0.3832077502691024
HD-SF,100,8,0.2,0.0,uniform,RND,1,1000,0.5,821,806,0.051,0.000729658,100,0,0.0
HD-SF,100,8,0.2,0.0,uniform,QMKJ,1,2000,0.5,916,998,0.28,160.993937208,100,0,1.8925042862791953e-10
HD-SF,100,8,0.2,0.0,uniform,CHI_1.0e-5,1,2000,0.5,1027,1008,0.264,1.539919117,100,0,0.0
HD-SF,100,8,0.2,0.0,uniform,CHI_1.0e-5_LS,1,2000,0.5,973,993,0.284,1.540745166,100,5,0.0
HD-SF,100,8,0.2,0.0,uniform,KL,1,2000,0.5,919,998,0.274,2.908904321,100,100,0.0
HD-SF,100,8,0.2,0.0,uniform,KL_LS,1,2000,0.5,919,998,0.274,2.9110003019999997,100,1,0.0
HD-SF,100,8,0.2,0.0,uniform,GO,1,2000,0.5,1378,1372,0.107,0.00243142,100,0,0.0
HD-SF,100,8,0.2,0.0,uniform,GO_LS,1,2000,0.5,979,1042,0.266,0.003474055,100,11,0.0
HD-SF,100,8,0.2,0.0,uniform,GP,1,2000,0.5,1287,1322,0.129,0.000591389,100,0,0.0
HD-SF,100,8,0.2,0.0,uniform,GP_LS,1,2000,0.5,1154,1199,0.166,0.0014969469999999998,100,4,0.0
HD-SF,100,8,0.2,0.0,uniform,GS,1,2000,0.5,1129,1141,0.201,0.000556283,100,0,0.0
HD-SF,100,8,0.2,0.0,uniform,GS_LS,1,2000,0.5,989,1020,0.268,0.00148764,100,8,0.0
HD-SF,100,8,0.2,0.0,uniform,BS,1,2000,0.5,1129,1141,0.201,0.000490941,100,0,0.0
HD-SF,100,8,0.2,0.0,uniform,BS_LS,1,2000,0.5,989,1020,0.268,0.001513599,100,8,0.0
HD-SF,100,8,0.2,0.0,uniform,EMCI,1,2000,0.5,1463,1444,0.077,7.3548e-5,100,0,0.0
HD-SF,100,8,0.2,0.0,uniform,EMCI_LS,1,2000,0.5,1045,1072,0.245,0.000968867,100,7,0.0
HD-SF,100,8,0.2,0.0,uniform,OPT,1,2000,0.5,1324,1388,0.099,900.297939413,100,0,0.4642857142857123
HD-SF,100,8,0.2,0.0,uniform,RND,1,2000,0.5,1582,1574,0.0578,0.002400301,100,0,0.0
HD-SF,100,10,0.0,0.0,uniform,QMKJ,1,200,0.5,52,100,0.3,44.37545043,100,0,1.2497672205976652e-9
HD-SF,100,10,0.0,0.0,uniform,CHI_1.0e-5,1,200,0.5,125,140,0.06,1.502748593,100,0,0.0
HD-SF,100,10,0.0,0.0,uniform,CHI_1.0e-5_LS,1,200,0.5,83,111,0.18,1.503060218,100,5,0.0
HD-SF,100,10,0.0,0.0,uniform,KL,1,200,0.5,47,95,0.32,2.295797449,100,100,0.0
HD-SF,100,10,0.0,0.0,uniform,KL_LS,1,200,0.5,47,95,0.32,2.2969533070000003,100,1,0.0
HD-SF,100,10,0.0,0.0,uniform,GO,1,200,0.5,103,108,0.26,0.000310783,100,0,0.0
HD-SF,100,10,0.0,0.0,uniform,GO_LS,1,200,0.5,65,98,0.28,0.0007098810000000001,100,8,0.0
HD-SF,100,10,0.0,0.0,uniform,GP,1,200,0.5,111,120,0.13,0.000361287,100,0,0.0
HD-SF,100,10,0.0,0.0,uniform,GP_LS,1,200,0.5,82,112,0.2,0.0006820789999999999,100,4,0.0
HD-SF,100,10,0.0,0.0,uniform,GS,1,200,0.5,75,122,0.13,0.00020282,100,0,0.0
HD-SF,100,10,0.0,0.0,uniform,GS_LS,1,200,0.5,75,122,0.13,0.00044592599999999997,100,1,0.0
HD-SF,100,10,0.0,0.0,uniform,BS,1,200,0.5,75,122,0.13,0.000275888,100,0,0.0
HD-SF,100,10,0.0,0.0,uniform,BS_LS,1,200,0.5,75,122,0.13,0.000499247,100,1,0.0
HD-SF,100,10,0.0,0.0,uniform,EMCI,1,200,0.5,156,150,0.08,5.4883e-5,100,0,0.0
HD-SF,100,10,0.0,0.0,uniform,EMCI_LS,1,200,0.5,95,121,0.14,0.00032578100000000003,100,4,0.0
HD-SF,100,10,0.0,0.0,uniform,OPT,1,200,0.5,43,100,0.25,900.046145468,100,0,0.07692307692307154
HD-SF,100,10,0.0,0.0,uniform,RND,1,200,0.5,174,159,0.051,0.000840316,100,0,0.0
HD-SF,100,10,0.0,0.0,uniform,QMKJ,1,1000,0.5,426,511,0.296,522.123935978,100,0,9.166215840046668e-10
HD-SF,100,10,0.0,0.0,uniform,CHI_1.0e-5,1,1000,0.5,523,537,0.262,1.675043998,100,0,0.0
HD-SF,100,10,0.0,0.0,uniform,CHI_1.0e-5_LS,1,1000,0.5,484,528,0.266,1.675510313,100,3,0.0
HD-SF,100,10,0.0,0.0,uniform,KL,1,1000,0.5,422,467,0.308,2.63687387,100,100,0.0
HD-SF,100,10,0.0,0.0,uniform,KL_LS,1,1000,0.5,422,467,0.308,2.6382314860000005,100,1,0.0
HD-SF,100,10,0.0,0.0,uniform,GO,1,1000,0.5,653,683,0.134,0.00115722,100,0,0.0
HD-SF,100,10,0.0,0.0,uniform,GO_LS,1,1000,0.5,549,606,0.194,0.0017303350000000002,100,5,0.0
HD-SF,100,10,0.0,0.0,uniform,GP,1,1000,0.5,665,677,0.124,0.000504005,100,0,0.0
HD-SF,100,10,0.0,0.0,uniform,GP_LS,1,1000,0.5,479,532,0.258,0.00127495,100,9,0.0
HD-SF,100,10,0.0,0.0,uniform,GS,1,1000,0.5,553,598,0.184,0.00046924,100,0,0.0
HD-SF,100,10,0.0,0.0,uniform,GS_LS,1,1000,0.5,545,577,0.198,0.000940254,100,2,0.0
HD-SF,100,10,0.0,0.0,uniform,BS,1,1000,0.5,553,598,0.184,0.000455164,100,0,0.0
HD-SF,100,10,0.0,0.0,uniform,BS_LS,1,1000,0.5,545,577,0.198,0.000942348,100,2,0.0
HD-SF,100,10,0.0,0.0,uniform,EMCI,1,1000,0.5,791,751,0.082,6.402e-5,100,0,0.0
HD-SF,100,10,0.0,0.0,uniform,EMCI_LS,1,1000,0.5,492,552,0.26,0.0008669249999999999,100,11,0.0
HD-SF,100,10,0.0,0.0,uniform,OPT,1,1000,0.5,464,536,0.252,900.168301581,100,0,0.3360995850622372
HD-SF,100,10,0.0,0.0,uniform,RND,1,1000,0.5,838,846,0.0382,0.002126708,100,0,0.0
HD-SF,100,10,0.0,0.0,uniform,QMKJ,1,2000,0.5,780,865,0.382,181.451376749,100,0,0.0
HD-SF,100,10,0.0,0.0,uniform,CHI_1.0e-5,1,2000,0.5,835,863,0.379,1.288239127,100,0,0.0
HD-SF,100,10,0.0,0.0,uniform,CHI_1.0e-5_LS,1,2000,0.5,819,875,0.382,1.288824155,100,3,0.0
HD-SF,100,10,0.0,0.0,uniform,KL,1,2000,0.5,764,883,0.379,2.547603666,100,100,0.0
HD-SF,100,10,0.0,0.0,uniform,KL_LS,1,2000,0.5,764,883,0.379,2.548941865,100,1,0.0
HD-SF,100,10,0.0,0.0,uniform,GO,1,2000,0.5,1249,1296,0.167,0.00227173,100,0,0.0
HD-SF,100,10,0.0,0.0,uniform,GO_LS,1,2000,0.5,1191,1257,0.173,0.003113298,100,3,0.0
HD-SF,100,10,0.0,0.0,uniform,GP,1,2000,0.5,1433,1475,0.095,0.000811141,100,0,0.0
HD-SF,100,10,0.0,0.0,uniform,GP_LS,1,2000,0.5,1191,1263,0.181,0.0016003010000000002,100,4,0.0
HD-SF,100,10,0.0,0.0,uniform,GS,1,2000,0.5,1081,1172,0.206,0.000604714,100,0,0.0
HD-SF,100,10,0.0,0.0,uniform,GS_LS,1,2000,0.5,997,1061,0.263,0.0013313370000000001,100,5,0.0
HD-SF,100,10,0.0,0.0,uniform,BS,1,2000,0.5,1081,1172,0.206,0.000591189,100,0,0.0
HD-SF,100,10,0.0,0.0,uniform,BS_LS,1,2000,0.5,997,1061,0.263,0.001361855,100,5,0.0
HD-SF,100,10,0.0,0.0,uniform,EMCI,1,2000,0.5,1628,1651,0.051,0.000123051,100,0,0.0
HD-SF,100,10,0.0,0.0,uniform,EMCI_LS,1,2000,0.5,1165,1222,0.191,0.0008321509999999999,100,7,0.0
HD-SF,100,10,0.0,0.0,uniform,OPT,1,2000,0.5,858,949,0.328,900.35983373,100,0,0.30462863293864206
HD-SF,100,10,0.0,0.0,uniform,RND,1,2000,0.5,1700,1726,0.0417,0.003492018,100,0,0.0
HD-SF,100,10,0.2,0.0,uniform,QMKJ,1,200,0.5,49,104,0.29,69.519534831,100,0,3.633490721135323e-9
HD-SF,100,10,0.2,0.0,uniform,CHI_1.0e-5,1,200,0.5,114,143,0.13,1.420523612,100,0,0.0
HD-SF,100,10,0.2,0.0,uniform,CHI_1.0e-5_LS,1,200,0.5,75,117,0.22,1.420855975,100,5,0.0
HD-SF,100,10,0.2,0.0,uniform,KL,1,200,0.5,47,98,0.33,2.231398746,100,100,0.0
HD-SF,100,10,0.2,0.0,uniform,KL_LS,1,200,0.5,47,98,0.33,2.232559873,100,1,0.0
HD-SF,100,10,0.2,0.0,uniform,GO,1,200,0.5,102,131,0.15,0.000288571,100,0,0.0
HD-SF,100,10,0.2,0.0,uniform,GO_LS,1,200,0.5,77,124,0.19,0.000612247,100,5,0.0
HD-SF,100,10,0.2,0.0,uniform,GP,1,200,0.5,108,134,0.16,0.00023485,100,0,0.0
HD-SF,100,10,0.2,0.0,uniform,GP_LS,1,200,0.5,84,129,0.13,0.000500277,100,3,0.0
HD-SF,100,10,0.2,0.0,uniform,GS,1,200,0.5,66,107,0.27,0.000195126,100,0,0.0
HD-SF,100,10,0.2,0.0,uniform,GS_LS,1,200,0.5,55,87,0.36,0.0006266150000000001,100,5,0.0
HD-SF,100,10,0.2,0.0,uniform,BS,1,200,0.5,66,107,0.27,0.000257233,100,0,0.0
HD-SF,100,10,0.2,0.0,uniform,BS_LS,1,200,0.5,55,87,0.36,0.000636724,100,5,0.0
HD-SF,100,10,0.2,0.0,uniform,EMCI,1,200,0.5,138,155,0.08,5.5785e-5,100,0,0.0
HD-SF,100,10,0.2,0.0,uniform,EMCI_LS,1,200,0.5,67,115,0.22,0.000472716,100,7,0.0
HD-SF,100,10,0.2,0.0,uniform,OPT,1,200,0.5,40,104,0.29,900.048114832,100,0,0.16428571428570254
HD-SF,100,10,0.2,0.0,uniform,RND,1,200,0.5,156,167,0.046,0.000951465,100,0,0.0
HD-SF,100,10,0.2,0.0,uniform,QMKJ,1,1000,0.5,430,497,0.328,94.062107293,100,0,0.0
HD-SF,100,10,0.2,0.0,uniform,CHI_1.0e-5,1,1000,0.5,532,576,0.248,1.578341508,100,0,0.0
HD-SF,100,10,0.2,0.0,uniform,CHI_1.0e-5_LS,1,1000,0.5,500,585,0.236,1.578835555,100,2,0.0
HD-SF,100,10,0.2,0.0,uniform,KL,1,1000,0.5,425,502,0.318,2.450832387,100,100,0.0
HD-SF,100,10,0.2,0.0,uniform,KL_LS,1,1000,0.5,425,502,0.318,2.452898922,100,1,0.0
HD-SF,100,10,0.2,0.0,uniform,GO,1,1000,0.5,668,753,0.106,0.001194089,100,0,0.0
HD-SF,100,10,0.2,0.0,uniform,GO_LS,1,1000,0.5,570,666,0.16,0.0017445709999999999,100,3,0.0
HD-SF,100,10,0.2,0.0,uniform,GP,1,1000,0.5,690,779,0.114,0.000587441,100,0,0.0
HD-SF,100,10,0.2,0.0,uniform,GP_LS,1,1000,0.5,480,573,0.26,0.001409863,100,7,0.0
HD-SF,100,10,0.2,0.0,uniform,GS,1,1000,0.5,528,629,0.194,0.000484478,100,0,0.0
HD-SF,100,10,0.2,0.0,uniform,GS_LS,1,1000,0.5,507,588,0.24,0.001074434,100,4,0.0
HD-SF,100,10,0.2,0.0,uniform,BS,1,1000,0.5,528,629,0.194,0.00047474,100,0,0.0
HD-SF,100,10,0.2,0.0,uniform,BS_LS,1,1000,0.5,507,588,0.24,0.001102638,100,4,0.0
HD-SF,100,10,0.2,0.0,uniform,EMCI,1,1000,0.5,771,837,0.066,9.2203e-5,100,0,0.0
HD-SF,100,10,0.2,0.0,uniform,EMCI_LS,1,1000,0.5,505,597,0.224,0.000765044,100,9,0.0
HD-SF,100,10,0.2,0.0,uniform,OPT,1,1000,0.5,430,511,0.322,900.188532398,100,0,0.3483870967741898
HD-SF,100,10,0.2,0.0,uniform,RND,1,1000,0.5,847,888,0.0398,0.001805485,100,0,0.0
HD-SF,100,10,0.2,0.0,uniform,QMKJ,1,2000,0.5,823,928,0.352,180.428450257,100,0,0.0
HD-SF,100,10,0.2,0.0,uniform,CHI_1.0e-5,1,2000,0.5,909,988,0.328,1.560560474,100,0,0.0
HD-SF,100,10,0.2,0.0,uniform,CHI_1.0e-5_LS,1,2000,0.5,855,973,0.337,1.561275926,100,5,0.0
HD-SF,100,10,0.2,0.0,uniform,KL,1,2000,0.5,819,937,0.343,2.470126207,100,100,0.0
HD-SF,100,10,0.2,0.0,uniform,KL_LS,1,2000,0.5,819,937,0.343,2.4721034549999996,100,1,0.0
HD-SF,100,10,0.2,0.0,uniform,GO,1,2000,0.5,1175,1307,0.149,0.002396675,100,0,0.0
HD-SF,100,10,0.2,0.0,uniform,GO_LS,1,2000,0.5,937,1072,0.281,0.0034172889999999996,100,7,0.0
HD-SF,100,10,0.2,0.0,uniform,GP,1,2000,0.5,1290,1411,0.121,0.000848782,100,0,0.0
HD-SF,100,10,0.2,0.0,uniform,GP_LS,1,2000,0.5,1088,1191,0.204,0.001906345,100,8,0.0
HD-SF,100,10,0.2,0.0,uniform,GS,1,2000,0.5,1248,1315,0.147,0.00075193,100,0,0.0
HD-SF,100,10,0.2,0.0,uniform,GS_LS,1,2000,0.5,1166,1280,0.149,0.001512556,100,3,0.0
HD-SF,100,10,0.2,0.0,uniform,BS,1,2000,0.5,1248,1315,0.147,0.000733986,100,0,0.0
HD-SF,100,10,0.2,0.0,uniform,BS_LS,1,2000,0.5,1166,1280,0.149,0.001507156,100,3,0.0
HD-SF,100,10,0.2,0.0,uniform,EMCI,1,2000,0.5,1497,1574,0.079,8.2355e-5,100,0,0.0
HD-SF,100,10,0.2,0.0,uniform,EMCI_LS,1,2000,0.5,1116,1216,0.208,0.000861376,100,6,0.0
HD-SF,100,10,0.2,0.0,uniform,OPT,1,2000,0.5,1275,1360,0.137,900.338983741,100,0,0.44659340659340463
HD-SF,100,10,0.2,0.0,uniform,RND,1,2000,0.5,1658,1725,0.0384,0.002626395,100,0,0.0
HD-SF,100,2,0.0,0.2,uniform,QMKJ,1,200,0.5,5,24,0.84,0.516022004,120,0,6.292281058359494e-13
HD-SF,100,2,0.0,0.2,uniform,CHI_1.0e-5,1,200,0.5,29,42,0.66,1.178981422,120,0,0.0
HD-SF,100,2,0.0,0.2,uniform,CHI_1.0e-5_LS,1,200,0.5,17,31,0.77,1.179157081,120,5,0.0
HD-SF,100,2,0.0,0.2,uniform,GO,1,200,0.5,18,36,0.73,0.000310202,120,0,0.0
HD-SF,100,2,0.0,0.2,uniform,GO_LS,1,200,0.5,10,27,0.82,0.000443101,120,2,0.0
HD-SF,100,2,0.0,0.2,uniform,GP,1,200,0.5,29,35,0.71,0.000183023,120,0,0.0
HD-SF,100,2,0.0,0.2,uniform,GP_LS,1,200,0.5,17,32,0.74,0.000366517,120,3,0.0
HD-SF,100,2,0.0,0.2,uniform,GS,1,200,0.5,13,37,0.68,0.000145694,120,0,0.0
HD-SF,100,2,0.0,0.2,uniform,GS_LS,1,200,0.5,13,37,0.68,0.00026103,120,1,0.0
HD-SF,100,2,0.0,0.2,uniform,BS,1,200,0.5,24,42,0.67,0.000474991,120,0,0.0
HD-SF,100,2,0.0,0.2,uniform,BS_LS,1,200,0.5,13,38,0.71,0.0006460120000000001,120,4,0.0
HD-SF,100,2,0.0,0.2,uniform,EMCI,1,200,0.5,25,45,0.64,5.7868e-5,120,0,0.0
HD-SF,100,2,0.0,0.2,uniform,EMCI_LS,1,200,0.5,14,40,0.69,0.000253264,120,4,0.0
HD-SF,100,2,0.0,0.2,uniform,IIH,1,200,0.5,2,38,0.62,1.244123449,120,2,0.0
HD-SF,100,2,0.0,0.2,uniform,OPT,1,200,0.5,0,32,0.68,0.632721965,120,0,0.0
HD-SF,100,2,0.0,0.2,uniform,RND,1,200,0.5,53,53,0.49,0.027550914,120,0,0.0
HD-SF,100,2,0.0,0.2,uniform,QMKJ,1,1000,0.5,115,176,0.724,0.613889079,120,0,0.0
HD-SF,100,2,0.0,0.2,uniform,CHI_1.0e-5,1,1000,0.5,160,187,0.662,1.279253477,120,0,0.0
HD-SF,100,2,0.0,0.2,uniform,CHI_1.0e-5_LS,1,1000,0.5,125,175,0.686,1.2798460170000001,120,6,0.0
HD-SF,100,2,0.0,0.2,uniform,GO,1,1000,0.5,179,210,0.628,0.001181225,120,0,0.0
HD-SF,100,2,0.0,0.2,uniform,GO_LS,1,1000,0.5,130,161,0.726,0.001586605,120,4,0.0
HD-SF,100,2,0.0,0.2,uniform,GP,1,1000,0.5,144,174,0.722,0.000369142,120,0,0.0
HD-SF,100,2,0.0,0.2,uniform,GP_LS,1,1000,0.5,144,174,0.722,0.0007372310000000001,120,1,0.0
HD-SF,100,2,0.0,0.2,uniform,GS,1,1000,0.5,187,216,0.606,0.000269495,120,0,0.0
HD-SF,100,2,0.0,0.2,uniform,GS_LS,1,1000,0.5,120,157,0.724,0.0007906510000000001,120,6,0.0
HD-SF,100,2,0.0,0.2,uniform,BS,1,1000,0.5,203,237,0.576,0.000322836,120,0,0.0
HD-SF,100,2,0.0,0.2,uniform,BS_LS,1,1000,0.5,115,188,0.674,0.000855625,120,5,0.0
HD-SF,100,2,0.0,0.2,uniform,EMCI,1,1000,0.5,203,237,0.576,8.3626e-5,120,0,0.0
HD-SF,100,2,0.0,0.2,uniform,EMCI_LS,1,1000,0.5,115,188,0.674,0.000637734,120,5,0.0
HD-SF,100,2,0.0,0.2,uniform,IIH,1,1000,0.5,99,152,0.724,0.180097415,120,3,0.0
HD-SF,100,2,0.0,0.2,uniform,OPT,1,1000,0.5,77,171,0.684,901.667503462,120,0,0.12305025996533582
HD-SF,100,2,0.0,0.2,uniform,RND,1,1000,0.5,260,269,0.4774,0.007304187,120,0,0.0
HD-SF,100,2,0.0,0.2,uniform,QMKJ,1,2000,0.5,242,305,0.812,0.581539696,120,0,0.0
HD-SF,100,2,0.0,0.2,uniform,CHI_1.0e-5,1,2000,0.5,303,318,0.721,1.505435401,120,0,0.0
HD-SF,100,2,0.0,0.2,uniform,CHI_1.0e-5_LS,1,2000,0.5,240,318,0.721,1.5062519429999999,120,4,0.0
HD-SF,100,2,0.0,0.2,uniform,GO,1,2000,0.5,304,359,0.709,0.002248257,120,0,0.0
HD-SF,100,2,0.0,0.2,uniform,GO_LS,1,2000,0.5,248,321,0.747,0.003162051,120,6,0.0
HD-SF,100,2,0.0,0.2,uniform,GP,1,2000,0.5,311,349,0.757,0.000779652,120,0,0.0
HD-SF,100,2,0.0,0.2,uniform,GP_LS,1,2000,0.5,286,324,0.782,0.0017555930000000002,120,3,0.0
HD-SF,100,2,0.0,0.2,uniform,GS,1,2000,0.5,263,306,0.733,0.000505238,120,0,0.0
HD-SF,100,2,0.0,0.2,uniform,GS_LS,1,2000,0.5,228,272,0.767,0.001352167,120,5,0.0
HD-SF,100,2,0.0,0.2,uniform,BS,1,2000,0.5,374,382,0.668,0.000386554,120,0,0.0
HD-SF,100,2,0.0,0.2,uniform,BS_LS,1,2000,0.5,264,326,0.724,0.001523106,120,7,0.0
HD-SF,100,2,0.0,0.2,uniform,EMCI,1,2000,0.5,374,382,0.668,0.000161283,120,0,0.0
HD-SF,100,2,0.0,0.2,uniform,EMCI_LS,1,2000,0.5,264,326,0.724,0.001170997,120,7,0.0
HD-SF,100,2,0.0,0.2,uniform,IIH,1,2000,0.5,215,270,0.755,0.359765366,120,4,0.0
HD-SF,100,2,0.0,0.2,uniform,OPT,1,2000,0.5,184,271,0.754,904.906274814,120,0,0.15189873417721392
HD-SF,100,2,0.0,0.2,uniform,RND,1,2000,0.5,531,531,0.4866,0.003837587,120,0,0.0
HD-SF,100,2,0.2,0.2,uniform,QMKJ,1,200,0.5,5,32,0.79,0.409550795,120,0,6.961833957137549e-10
HD-SF,100,2,0.2,0.2,uniform,CHI_1.0e-5,1,200,0.5,16,35,0.7,1.459387871,120,0,0.0
HD-SF,100,2,0.2,0.2,uniform,CHI_1.0e-5_LS,1,200,0.5,7,28,0.77,1.4596186439999999,120,3,0.0
HD-SF,100,2,0.2,0.2,uniform,GO,1,200,0.5,14,32,0.76,0.000233277,120,0,0.0
HD-SF,100,2,0.2,0.2,uniform,GO_LS,1,200,0.5,10,32,0.76,0.00042358399999999996,120,3,0.0
HD-SF,100,2,0.2,0.2,uniform,GP,1,200,0.5,19,35,0.71,0.000193463,120,0,0.0
HD-SF,100,2,0.2,0.2,uniform,GP_LS,1,200,0.5,15,37,0.69,0.000393648,120,2,0.0
HD-SF,100,2,0.2,0.2,uniform,GS,1,200,0.5,15,33,0.68,0.000161072,120,0,0.0
HD-SF,100,2,0.2,0.2,uniform,GS_LS,1,200,0.5,12,25,0.76,0.000349326,120,2,0.0
HD-SF,100,2,0.2,0.2,uniform,BS,1,200,0.5,16,44,0.62,0.000184676,120,0,0.0
HD-SF,100,2,0.2,0.2,uniform,BS_LS,1,200,0.5,12,35,0.71,0.000378639,120,2,0.0
HD-SF,100,2,0.2,0.2,uniform,EMCI,1,200,0.5,16,44,0.62,4.9703e-5,120,0,0.0
HD-SF,100,2,0.2,0.2,uniform,EMCI_LS,1,200,0.5,12,35,0.71,0.000278211,120,2,0.0
HD-SF,100,2,0.2,0.2,uniform,IIH,1,200,0.5,2,38,0.67,0.090886785,120,3,0.0
HD-SF,100,2,0.2,0.2,uniform,OPT,1,200,0.5,0,32,0.71,0.33367489,120,0,0.0
HD-SF,100,2,0.2,0.2,uniform,RND,1,200,0.5,49,49,0.526,0.001225849,120,0,0.0
HD-SF,100,2,0.2,0.2,uniform,QMKJ,1,1000,0.5,111,132,0.86,0.484087079,120,0,0.0
HD-SF,100,2,0.2,0.2,uniform,CHI_1.0e-5,1,1000,0.5,133,173,0.69,1.254167824,120,0,0.0
HD-SF,100,2,0.2,0.2,uniform,CHI_1.0e-5_LS,1,1000,0.5,110,151,0.734,1.254546052,120,3,0.0
HD-SF,100,2,0.2,0.2,uniform,GO,1,1000,0.5,139,163,0.758,0.001061951,120,0,0.0
HD-SF,100,2,0.2,0.2,uniform,GO_LS,1,1000,0.5,97,139,0.806,0.0014794629999999999,120,4,0.0
HD-SF,100,2,0.2,0.2,uniform,GP,1,1000,0.5,126,143,0.83,0.000392236,120,0,0.0
HD-SF,100,2,0.2,0.2,uniform,GP_LS,1,1000,0.5,126,143,0.83,0.0007283960000000001,120,1,0.0
HD-SF,100,2,0.2,0.2,uniform,GS,1,1000,0.5,117,139,0.772,0.000252022,120,0,0.0
HD-SF,100,2,0.2,0.2,uniform,GS_LS,1,1000,0.5,104,141,0.768,0.00061923,120,5,0.0
HD-SF,100,2,0.2,0.2,uniform,BS,1,1000,0.5,143,188,0.684,0.00025072,120,0,0.0
HD-SF,100,2,0.2,0.2,uniform,BS_LS,1,1000,0.5,104,142,0.776,0.000650238,120,4,0.0
HD-SF,100,2,0.2,0.2,uniform,EMCI,1,1000,0.5,143,188,0.684,6.2016e-5,120,0,0.0
HD-SF,100,2,0.2,0.2,uniform,EMCI_LS,1,1000,0.5,104,142,0.776,0.000607949,120,4,0.0
HD-SF,100,2,0.2,0.2,uniform,IIH,1,1000,0.5,77,135,0.752,0.207893239,120,4,0.0
HD-SF,100,2,0.2,0.2,uniform,OPT,1,1000,0.5,63,116,0.796,901.509753975,120,0,0.10124333925399465
HD-SF,100,2,0.2,0.2,uniform,RND,1,1000,0.5,248,232,0.5508,0.002022182,120,0,0.0
HD-SF,100,2,0.2,0.2,uniform,QMKJ,1,2000,0.5,254,308,0.809,0.442197456,120,0,0.0
HD-SF,100,2,0.2,0.2,uniform,CHI_1.0e-5,1,2000,0.5,285,329,0.719,1.443671379,120,0,0.0
HD-SF,100,2,0.2,0.2,uniform,CHI_1.0e-5_LS,1,2000,0.5,219,310,0.738,1.444535339,120,6,0.0
HD-SF,100,2,0.2,0.2,uniform,GO,1,2000,0.5,293,275,0.806,0.002321864,120,0,0.0
HD-SF,100,2,0.2,0.2,uniform,GO_LS,1,2000,0.5,255,304,0.777,0.0032367999999999997,120,4,0.0
HD-SF,100,2,0.2,0.2,uniform,GP,1,2000,0.5,304,293,0.81,0.000609553,120,0,0.0
HD-SF,100,2,0.2,0.2,uniform,GP_LS,1,2000,0.5,264,302,0.801,0.001481619,120,3,0.0
HD-SF,100,2,0.2,0.2,uniform,GS,1,2000,0.5,264,323,0.739,0.000593603,120,0,0.0
HD-SF,100,2,0.2,0.2,uniform,GS_LS,1,2000,0.5,250,317,0.745,0.0013953569999999998,120,3,0.0
HD-SF,100,2,0.2,0.2,uniform,BS,1,2000,0.5,325,366,0.69,0.000496801,120,0,0.0
HD-SF,100,2,0.2,0.2,uniform,BS_LS,1,2000,0.5,239,310,0.746,0.001516033,120,8,0.0
HD-SF,100,2,0.2,0.2,uniform,EMCI,1,2000,0.5,325,366,0.69,0.000107522,120,0,0.0
HD-SF,100,2,0.2,0.2,uniform,EMCI_LS,1,2000,0.5,239,310,0.746,0.0010963169999999999,120,8,0.0
HD-SF,100,2,0.2,0.2,uniform,IIH,1,2000,0.5,210,310,0.727,0.328142205,120,4,0.0
HD-SF,100,2,0.2,0.2,uniform,OPT,1,2000,0.5,174,279,0.75,904.310161208,120,0,0.14480408858602942
HD-SF,100,2,0.2,0.2,uniform,RND,1,2000,0.5,472,496,0.5237,0.003599971,120,0,0.0
HD-SF,100,4,0.0,0.2,uniform,QMKJ,1,200,0.5,36,74,0.52,3.447625522,120,0,0.0
HD-SF,100,4,0.0,0.2,uniform,CHI_1.0e-5,1,200,0.5,79,94,0.29,1.447110839,120,0,0.0
HD-SF,100,4,0.0,0.2,uniform,CHI_1.0e-5_LS,1,200,0.5,48,90,0.29,1.447472597,120,4,0.0
HD-SF,100,4,0.0,0.2,uniform,GO,1,200,0.5,69,85,0.39,0.000430768,120,0,0.0
HD-SF,100,4,0.0,0.2,uniform,GO_LS,1,200,0.5,46,65,0.52,0.000781906,120,2,0.0
HD-SF,100,4,0.0,0.2,uniform,GP,1,200,0.5,64,73,0.45,0.00034099,120,0,0.0
HD-SF,100,4,0.0,0.2,uniform,GP_LS,1,200,0.5,40,73,0.47,0.000769153,120,6,0.0
HD-SF,100,4,0.0,0.2,uniform,GS,1,200,0.5,55,73,0.41,0.000283692,120,0,0.0
HD-SF,100,4,0.0,0.2,uniform,GS_LS,1,200,0.5,41,78,0.39,0.000601849,120,3,0.0
HD-SF,100,4,0.0,0.2,uniform,BS,1,200,0.5,73,94,0.24,0.000219001,120,0,0.0
HD-SF,100,4,0.0,0.2,uniform,BS_LS,1,200,0.5,45,78,0.42,0.0005451620000000001,120,4,0.0
HD-SF,100,4,0.0,0.2,uniform,EMCI,1,200,0.5,88,97,0.21,5.906e-5,120,0,0.0
HD-SF,100,4,0.0,0.2,uniform,EMCI_LS,1,200,0.5,45,86,0.29,0.000436649,120,5,0.0
HD-SF,100,4,0.0,0.2,uniform,OPT,1,200,0.5,12,67,0.45,900.542697061,120,0,0.10714285714284237
HD-SF,100,4,0.0,0.2,uniform,RND,1,200,0.5,115,110,0.201,0.002105468,120,0,0.0
HD-SF,100,4,0.0,0.2,uniform,QMKJ,1,1000,0.5,283,327,0.544,2.106185411,120,0,0.0
HD-SF,100,4,0.0,0.2,uniform,CHI_1.0e-5,1,1000,0.5,376,382,0.4,1.401078708,120,0,0.0
HD-SF,100,4,0.0,0.2,uniform,CHI_1.0e-5_LS,1,1000,0.5,300,329,0.472,1.4018690299999998,120,5,0.0
HD-SF,100,4,0.0,0.2,uniform,GO,1,1000,0.5,376,410,0.382,0.001363568,120,0,0.0
HD-SF,100,4,0.0,0.2,uniform,GO_LS,1,1000,0.5,320,342,0.514,0.002205598,120,4,0.0
HD-SF,100,4,0.0,0.2,uniform,GP,1,1000,0.5,380,419,0.374,0.000489088,120,0,0.0
HD-SF,100,4,0.0,0.2,uniform,GP_LS,1,1000,0.5,335,386,0.412,0.001322201,120,3,0.0
HD-SF,100,4,0.0,0.2,uniform,GS,1,1000,0.5,342,368,0.446,0.000345969,120,0,0.0
HD-SF,100,4,0.0,0.2,uniform,GS_LS,1,1000,0.5,307,321,0.556,0.000977534,120,3,0.0
HD-SF,100,4,0.0,0.2,uniform,BS,1,1000,0.5,518,572,0.174,0.000359204,120,0,0.0
HD-SF,100,4,0.0,0.2,uniform,BS_LS,1,1000,0.5,293,342,0.452,0.0016761039999999999,120,10,0.0
HD-SF,100,4,0.0,0.2,uniform,EMCI,1,1000,0.5,526,567,0.18,0.000100028,120,0,0.0
HD-SF,100,4,0.0,0.2,uniform,EMCI_LS,1,1000,0.5,299,335,0.468,0.00126311,120,8,0.0
HD-SF,100,4,0.0,0.2,uniform,OPT,1,1000,0.5,223,299,0.522,903.809764294,120,0,0.3084370677731403
HD-SF,100,4,0.0,0.2,uniform,RND,1,1000,0.5,535,551,0.1882,0.004738666,120,0,0.0
HD-SF,100,4,0.0,0.2,uniform,QMKJ,1,2000,0.5,521,595,0.641,1.695365355,120,0,0.0
HD-SF,100,4,0.0,0.2,uniform,CHI_1.0e-5,1,2000,0.5,611,661,0.494,1.176173677,120,0,0.0
HD-SF,100,4,0.0,0.2,uniform,CHI_1.0e-5_LS,1,2000,0.5,554,626,0.526,1.177050701,120,3,0.0
HD-SF,100,4,0.0,0.2,uniform,GO,1,2000,0.5,635,675,0.483,0.002249088,120,0,0.0
HD-SF,100,4,0.0,0.2,uniform,GO_LS,1,2000,0.5,526,614,0.538,0.0032506260000000004,120,3,0.0
HD-SF,100,4,0.0,0.2,uniform,GP,1,2000,0.5,784,805,0.379,0.000587952,120,0,0.0
HD-SF,100,4,0.0,0.2,uniform,GP_LS,1,2000,0.5,562,646,0.536,0.0021986130000000003,120,8,0.0
HD-SF,100,4,0.0,0.2,uniform,GS,1,2000,0.5,650,693,0.5,0.000523201,120,0,0.0
HD-SF,100,4,0.0,0.2,uniform,GS_LS,1,2000,0.5,527,603,0.57,0.001704777,120,5,0.0
HD-SF,100,4,0.0,0.2,uniform,BS,1,2000,0.5,908,906,0.31,0.000408466,120,0,0.0
HD-SF,100,4,0.0,0.2,uniform,BS_LS,1,2000,0.5,645,677,0.465,0.0016503350000000002,120,4,0.0
HD-SF,100,4,0.0,0.2,uniform,EMCI,1,2000,0.5,921,908,0.305,5.2639e-5,120,0,0.0
HD-SF,100,4,0.0,0.2,uniform,EMCI_LS,1,2000,0.5,580,665,0.472,0.0014653280000000001,120,9,0.0
HD-SF,100,4,0.0,0.2,uniform,OPT,1,2000,0.5,587,682,0.435,906.908660836,120,0,0.37146448774355517
HD-SF,100,4,0.0,0.2,uniform,RND,1,2000,0.5,1092,1063,0.2029,0.009458477,120,0,0.0
HD-SF,100,4,0.2,0.2,uniform,QMKJ,1,200,0.5,33,73,0.36,2.021042448,120,0,1.932521557802723e-9
HD-SF,100,4,0.2,0.2,uniform,CHI_1.0e-5,1,200,0.5,61,81,0.37,1.31873307,120,0,0.0
HD-SF,100,4,0.2,0.2,uniform,CHI_1.0e-5_LS,1,200,0.5,35,76,0.4,1.319086993,120,6,0.0
HD-SF,100,4,0.2,0.2,uniform,GO,1,200,0.5,69,84,0.3,0.000368992,120,0,0.0
HD-SF,100,4,0.2,0.2,uniform,GO_LS,1,200,0.5,40,75,0.38,0.0007733589999999999,120,6,0.0
HD-SF,100,4,0.2,0.2,uniform,GP,1,200,0.5,54,94,0.23,0.000299331,120,0,0.0
HD-SF,100,4,0.2,0.2,uniform,GP_LS,1,200,0.5,42,89,0.28,0.000641993,120,4,0.0
HD-SF,100,4,0.2,0.2,uniform,GS,1,200,0.5,49,82,0.31,0.000230282,120,0,0.0
HD-SF,100,4,0.2,0.2,uniform,GS_LS,1,200,0.5,41,72,0.38,0.0005324279999999999,120,2,0.0
HD-SF,100,4,0.2,0.2,uniform,BS,1,200,0.5,70,91,0.33,0.000235591,120,0,0.0
HD-SF,100,4,0.2,0.2,uniform,BS_LS,1,200,0.5,42,76,0.4,0.000601437,120,4,0.0
HD-SF,100,4,0.2,0.2,uniform,EMCI,1,200,0.5,78,98,0.3,6.3048e-5,120,0,0.0
HD-SF,100,4,0.2,0.2,uniform,EMCI_LS,1,200,0.5,43,82,0.32,0.00033098,120,3,0.0
HD-SF,100,4,0.2,0.2,uniform,OPT,1,200,0.5,11,75,0.34,900.538644472,120,0,0.09909909909908543
HD-SF,100,4,0.2,0.2,uniform,RND,1,200,0.5,112,104,0.21,0.002318488,120,0,0.0
HD-SF,100,4,0.2,0.2,uniform,QMKJ,1,1000,0.5,232,284,0.63,0.810123616,120,0,0.0
HD-SF,100,4,0.2,0.2,uniform,CHI_1.0e-5,1,1000,0.5,382,425,0.374,1.277108163,120,0,0.0
HD-SF,100,4,0.2,0.2,uniform,CHI_1.0e-5_LS,1,1000,0.5,264,295,0.55,1.2778831760000002,120,7,0.0
HD-SF,100,4,0.2,0.2,uniform,GO,1,1000,0.5,395,399,0.36,0.001127655,120,0,0.0
HD-SF,100,4,0.2,0.2,uniform,GO_LS,1,1000,0.5,264,292,0.57,0.001975665,120,6,0.0
HD-SF,100,4,0.2,0.2,uniform,GP,1,1000,0.5,345,383,0.414,0.000446999,120,0,0.0
HD-SF,100,4,0.2,0.2,uniform,GP_LS,1,1000,0.5,281,324,0.522,0.001123377,120,3,0.0
HD-SF,100,4,0.2,0.2,uniform,GS,1,1000,0.5,266,315,0.484,0.000417863,120,0,0.0
HD-SF,100,4,0.2,0.2,uniform,GS_LS,1,1000,0.5,223,278,0.552,0.001037073,120,4,0.0
HD-SF,100,4,0.2,0.2,uniform,BS,1,1000,0.5,450,481,0.36,0.000367198,120,0,0.0
HD-SF,100,4,0.2,0.2,uniform,BS_LS,1,1000,0.5,281,310,0.576,0.001155806,120,7,0.0
HD-SF,100,4,0.2,0.2,uniform,EMCI,1,1000,0.5,456,483,0.338,7.5742e-5,120,0,0.0
HD-SF,100,4,0.2,0.2,uniform,EMCI_LS,1,1000,0.5,271,332,0.512,0.000870673,120,6,0.0
HD-SF,100,4,0.2,0.2,uniform,OPT,1,1000,0.5,191,253,0.548,903.106429303,120,0,0.27641099855279305
HD-SF,100,4,0.2,0.2,uniform,RND,1,1000,0.5,539,531,0.2022,0.003205922,120,0,0.0
HD-SF,100,4,0.2,0.2,uniform,QMKJ,1,2000,0.5,596,688,0.528,0.8385276,120,0,0.0
HD-SF,100,4,0.2,0.2,uniform,CHI_1.0e-5,1,2000,0.5,754,779,0.396,1.030458506,120,0,0.0
HD-SF,100,4,0.2,0.2,uniform,CHI_1.0e-5_LS,1,2000,0.5,664,745,0.419,1.031529205,120,4,0.0
HD-SF,100,4,0.2,0.2,uniform,GO,1,2000,0.5,812,866,0.351,0.002206638,120,0,0.0
HD-SF,100,4,0.2,0.2,uniform,GO_LS,1,2000,0.5,642,716,0.439,0.0033109,120,4,0.0
HD-SF,100,4,0.2,0.2,uniform,GP,1,2000,0.5,764,826,0.346,0.000743223,120,0,0.0
HD-SF,100,4,0.2,0.2,uniform,GP_LS,1,2000,0.5,627,737,0.47,0.0021312370000000002,120,6,0.0
HD-SF,100,4,0.2,0.2,uniform,GS,1,2000,0.5,786,856,0.35,0.000529353,120,0,0.0
HD-SF,100,4,0.2,0.2,uniform,GS_LS,1,2000,0.5,625,703,0.462,0.0016534319999999998,120,4,0.0
HD-SF,100,4,0.2,0.2,uniform,BS,1,2000,0.5,913,1022,0.257,0.00050664,120,0,0.0
HD-SF,100,4,0.2,0.2,uniform,BS_LS,1,2000,0.5,664,782,0.422,0.001638794,120,7,0.0
HD-SF,100,4,0.2,0.2,uniform,EMCI,1,2000,0.5,927,1037,0.249,6.8318e-5,120,0,0.0
HD-SF,100,4,0.2,0.2,uniform,EMCI_LS,1,2000,0.5,629,747,0.431,0.001387984,120,8,0.0
HD-SF,100,4,0.2,0.2,uniform,OPT,1,2000,0.5,730,802,0.343,907.182096604,120,0,0.4219653179190727
HD-SF,100,4,0.2,0.2,uniform,RND,1,2000,0.5,1050,1075,0.1914,0.006015811,120,0,0.0
HD-SF,100,6,0.0,0.2,uniform,QMKJ,1,200,0.5,45,91,0.33,27.003759686,120,0,1.4979644905356538e-9
HD-SF,100,6,0.0,0.2,uniform,CHI_1.0e-5,1,200,0.5,91,126,0.17,1.1447928,120,0,0.0
HD-SF,100,6,0.0,0.2,uniform,CHI_1.0e-5_LS,1,200,0.5,66,104,0.31,1.145165339,120,5,0.0
HD-SF,100,6,0.0,0.2,uniform,GO,1,200,0.5,72,94,0.26,0.000316884,109,0,0.0
HD-SF,100,6,0.0,0.2,uniform,GO_LS,1,200,0.5,60,97,0.23,0.000603952,109,2,0.0
HD-SF,100,6,0.0,0.2,uniform,GP,1,200,0.5,93,118,0.16,0.000264967,100,0,0.0
HD-SF,100,6,0.0,0.2,uniform,GP_LS,1,200,0.5,80,115,0.19,0.0005899060000000001,100,2,0.0
HD-SF,100,6,0.0,0.2,uniform,GS,1,200,0.5,53,108,0.28,0.000227677,120,0,0.0
HD-SF,100,6,0.0,0.2,uniform,GS_LS,1,200,0.5,53,108,0.28,0.00046874899999999997,120,1,0.0
HD-SF,100,6,0.0,0.2,uniform,BS,1,200,0.5,81,123,0.16,0.000219442,120,0,0.0
HD-SF,100,6,0.0,0.2,uniform,BS_LS,1,200,0.5,55,101,0.28,0.000603843,120,5,0.0
HD-SF,100,6,0.0,0.2,uniform,EMCI,1,200,0.5,104,126,0.12,5.6036e-5,120,0,0.0
HD-SF,100,6,0.0,0.2,uniform,EMCI_LS,1,200,0.5,63,106,0.2,0.0005380399999999999,120,5,0.0
HD-SF,100,6,0.0,0.2,uniform,OPT,1,200,0.5,16,91,0.29,900.69204784,120,0,0.13793103448273974
HD-SF,100,6,0.0,0.2,uniform,RND,1,200,0.5,134,134,0.108,0.009568343,120,0,0.0
HD-SF,100,6,0.0,0.2,uniform,QMKJ,1,1000,0.5,363,424,0.466,13.639429612,120,0,0.0
HD-SF,100,6,0.0,0.2,uniform,CHI_1.0e-5,1,1000,0.5,464,452,0.306,1.33542437,120,0,0.0
HD-SF,100,6,0.0,0.2,uniform,CHI_1.0e-5_LS,1,1000,0.5,443,459,0.322,1.336093595,120,2,0.0
HD-SF,100,6,0.0,0.2,uniform,GO,1,1000,0.5,555,542,0.226,0.001133836,100,0,0.0
HD-SF,100,6,0.0,0.2,uniform,GO_LS,1,1000,0.5,464,475,0.312,0.002180459,100,5,0.0
HD-SF,100,6,0.0,0.2,uniform,GP,1,1000,0.5,559,561,0.196,0.000521578,100,0,0.0
HD-SF,100,6,0.0,0.2,uniform,GP_LS,1,1000,0.5,444,480,0.278,0.001608576,100,5,0.0
HD-SF,100,6,0.0,0.2,uniform,GS,1,1000,0.5,435,466,0.386,0.000378159,120,0,0.0
HD-SF,100,6,0.0,0.2,uniform,GS_LS,1,1000,0.5,412,440,0.428,0.001202585,120,3,0.0
HD-SF,100,6,0.0,0.2,uniform,BS,1,1000,0.5,638,641,0.136,0.000316844,120,0,0.0
HD-SF,100,6,0.0,0.2,uniform,BS_LS,1,1000,0.5,415,468,0.31,0.0017796169999999998,120,10,0.0
HD-SF,100,6,0.0,0.2,uniform,EMCI,1,1000,0.5,641,647,0.13,8.4208e-5,120,0,0.0
HD-SF,100,6,0.0,0.2,uniform,EMCI_LS,1,1000,0.5,444,486,0.29,0.001208045,120,6,0.0
HD-SF,100,6,0.0,0.2,uniform,OPT,1,1000,0.5,522,549,0.216,905.225225603,120,0,0.5126705653021381
HD-SF,100,6,0.0,0.2,uniform,RND,1,1000,0.5,675,650,0.122,0.020164794,120,0,0.0
HD-SF,100,6,0.0,0.2,uniform,QMKJ,1,2000,0.5,676,810,0.519,18.619489285,120,0,3.1112209163088115e-10
HD-SF,100,6,0.0,0.2,uniform,CHI_1.0e-5,1,2000,0.5,834,910,0.355,1.22815832,120,0,0.0
HD-SF,100,6,0.0,0.2,uniform,CHI_1.0e-5_LS,1,2000,0.5,727,819,0.416,1.229340868,120,5,0.0
HD-SF,100,6,0.0,0.2,uniform,GO,1,2000,0.5,1078,1110,0.196,0.002131817,100,0,0.0
HD-SF,100,6,0.0,0.2,uniform,GO_LS,1,2000,0.5,954,1045,0.235,0.003453867,100,3,0.0
HD-SF,100,6,0.0,0.2,uniform,GP,1,2000,0.5,1118,1167,0.175,0.000688761,100,0,0.0
HD-SF,100,6,0.0,0.2,uniform,GP_LS,1,2000,0.5,844,888,0.326,0.0030702069999999997,100,10,0.0
HD-SF,100,6,0.0,0.2,uniform,GS,1,2000,0.5,881,1013,0.353,0.000704611,120,0,0.0
HD-SF,100,6,0.0,0.2,uniform,GS_LS,1,2000,0.5,741,856,0.426,0.0018216769999999998,120,3,0.0
HD-SF,100,6,0.0,0.2,uniform,BS,1,2000,0.5,1185,1259,0.18,0.000460013,120,0,0.0
HD-SF,100,6,0.0,0.2,uniform,BS_LS,1,2000,0.5,889,955,0.333,0.002460725,120,6,0.0
HD-SF,100,6,0.0,0.2,uniform,EMCI,1,2000,0.5,1185,1259,0.18,0.000104927,120,0,0.0
HD-SF,100,6,0.0,0.2,uniform,EMCI_LS,1,2000,0.5,889,955,0.333,0.0019983880000000002,120,6,0.0
HD-SF,100,6,0.0,0.2,uniform,OPT,1,2000,0.5,1196,1272,0.129,912.335112911,120,0,0.5460735360871101
HD-SF,100,6,0.0,0.2,uniform,RND,1,2000,0.5,1324,1344,0.1169,0.028436105,120,0,0.0
HD-SF,100,6,0.2,0.2,uniform,QMKJ,1,200,0.5,38,95,0.34,29.676727851,120,0,3.1526049408680575e-9
HD-SF,100,6,0.2,0.2,uniform,CHI_1.0e-5,1,200,0.5,97,140,0.16,1.099282096,120,0,0.0
HD-SF,100,6,0.2,0.2,uniform,CHI_1.0e-5_LS,1,200,0.5,51,121,0.17,1.099658141,120,5,0.0
HD-SF,100,6,0.2,0.2,uniform,GO,1,200,0.5,71,115,0.24,0.000329418,110,0,0.0
HD-SF,100,6,0.2,0.2,uniform,GO_LS,1,200,0.5,40,95,0.32,0.000662463,110,4,0.0
HD-SF,100,6,0.2,0.2,uniform,GP,1,200,0.5,82,121,0.18,0.00021325,104,0,0.0
HD-SF,100,6,0.2,0.2,uniform,GP_LS,1,200,0.5,52,99,0.3,0.000526608,104,4,0.0
HD-SF,100,6,0.2,0.2,uniform,GS,1,200,0.5,41,100,0.27,0.000262132,120,0,0.0
HD-SF,100,6,0.2,0.2,uniform,GS_LS,1,200,0.5,39,97,0.29,0.000545543,120,2,0.0
HD-SF,100,6,0.2,0.2,uniform,BS,1,200,0.5,87,132,0.14,0.000150733,120,0,0.0
HD-SF,100,6,0.2,0.2,uniform,BS_LS,1,200,0.5,67,131,0.15,0.000409398,120,2,0.0
HD-SF,100,6,0.2,0.2,uniform,EMCI,1,200,0.5,104,138,0.13,4.5064e-5,120,0,0.0
HD-SF,100,6,0.2,0.2,uniform,EMCI_LS,1,200,0.5,59,123,0.2,0.000347131,120,4,0.0
HD-SF,100,6,0.2,0.2,uniform,OPT,1,200,0.5,17,101,0.22,900.741375792,120,0,0.14529914529912633
HD-SF,100,6,0.2,0.2,uniform,RND,1,200,0.5,130,139,0.096,0.006065284,120,0,0.0
HD-SF,100,6,0.2,0.2,uniform,QMKJ,1,1000,0.5,358,429,0.444,6.178767025,120,0,3.792285626206978e-10
HD-SF,100,6,0.2,0.2,uniform,CHI_1.0e-5,1,1000,0.5,496,510,0.248,1.101029273,120,0,0.0
HD-SF,100,6,0.2,0.2,uniform,CHI_1.0e-5_LS,1,1000,0.5,456,497,0.272,1.101611996,120,2,0.0
HD-SF,100,6,0.2,0.2,uniform,GO,1,1000,0.5,543,588,0.184,0.001111885,104,0,0.0
HD-SF,100,6,0.2,0.2,uniform,GO_LS,1,1000,0.5,370,421,0.366,0.002148139,104,8,0.0
HD-SF,100,6,0.2,0.2,uniform,GP,1,1000,0.5,484,515,0.26,0.000536776,104,0,0.0
HD-SF,100,6,0.2,0.2,uniform,GP_LS,1,1000,0.5,402,481,0.302,0.001354891,104,3,0.0
HD-SF,100,6,0.2,0.2,uniform,GS,1,1000,0.5,419,477,0.328,0.000505127,120,0,0.0
HD-SF,100,6,0.2,0.2,uniform,GS_LS,1,1000,0.5,366,451,0.342,0.0012434310000000001,120,3,0.0
HD-SF,100,6,0.2,0.2,uniform,BS,1,1000,0.5,578,602,0.214,0.000369132,120,0,0.0
HD-SF,100,6,0.2,0.2,uniform,BS_LS,1,1000,0.5,385,462,0.346,0.001701171,120,9,0.0
HD-SF,100,6,0.2,0.2,uniform,EMCI,1,1000,0.5,582,599,0.21,5.3681e-5,120,0,0.0
HD-SF,100,6,0.2,0.2,uniform,EMCI_LS,1,1000,0.5,433,515,0.314,0.000962606,120,5,0.0
HD-SF,100,6,0.2,0.2,uniform,OPT,1,1000,0.5,471,552,0.224,904.32289656,120,0,0.48770491803276383
HD-SF,100,6,0.2,0.2,uniform,RND,1,1000,0.5,674,664,0.1214,0.018640996,120,0,0.0
HD-SF,100,6,0.2,0.2,uniform,QMKJ,1,2000,0.5,717,850,0.452,17.289693881,120,0,3.429890070826832e-10
HD-SF,100,6,0.2,0.2,uniform,CHI_1.0e-5,1,2000,0.5,902,968,0.295,1.183220001,120,0,0.0
HD-SF,100,6,0.2,0.2,uniform,CHI_1.0e-5_LS,1,2000,0.5,832,921,0.322,1.184390405,120,4,0.0
HD-SF,100,6,0.2,0.2,uniform,GO,1,2000,0.5,1049,1102,0.207,0.002301255,104,0,0.0
HD-SF,100,6,0.2,0.2,uniform,GO_LS,1,2000,0.5,837,933,0.291,0.004108433999999999,104,8,0.0
HD-SF,100,6,0.2,0.2,uniform,GP,1,2000,0.5,1005,1000,0.256,0.000666549,104,0,0.0
HD-SF,100,6,0.2,0.2,uniform,GP_LS,1,2000,0.5,766,887,0.345,0.00249089,104,8,0.0
HD-SF,100,6,0.2,0.2,uniform,GS,1,2000,0.5,764,855,0.445,0.000630132,120,0,0.0
HD-SF,100,6,0.2,0.2,uniform,GS_LS,1,2000,0.5,692,829,0.451,0.001954506,120,8,0.0
HD-SF,100,6,0.2,0.2,uniform,BS,1,2000,0.5,1140,1177,0.208,0.000475181,120,0,0.0
HD-SF,100,6,0.2,0.2,uniform,BS_LS,1,2000,0.5,890,982,0.288,0.002107993,120,6,0.0
HD-SF,100,6,0.2,0.2,uniform,EMCI,1,2000,0.5,1140,1177,0.208,9.4056e-5,120,0,0.0
HD-SF,100,6,0.2,0.2,uniform,EMCI_LS,1,2000,0.5,890,982,0.288,0.001758908,120,6,0.0
HD-SF,100,6,0.2,0.2,uniform,OPT,1,2000,0.5,1174,1219,0.146,914.035760963,120,0,0.546279491832995
HD-SF,100,6,0.2,0.2,uniform,RND,1,2000,0.5,1306,1336,0.1171,0.017234278,120,0,0.0
HD-SF,100,8,0.0,0.2,uniform,QMKJ,1,200,0.5,45,108,0.28,34.138545345,120,0,1.9358287106723748e-10
HD-SF,100,8,0.0,0.2,uniform,CHI_1.0e-5,1,200,0.5,95,125,0.13,1.226344339,120,0,0.0
HD-SF,100,8,0.0,0.2,uniform,CHI_1.0e-5_LS,1,200,0.5,51,107,0.2,1.226736645,120,5,0.0
HD-SF,100,8,0.0,0.2,uniform,GO,1,200,0.5,93,124,0.16,0.000317345,100,0,0.0
HD-SF,100,8,0.0,0.2,uniform,GO_LS,1,200,0.5,61,116,0.2,0.000759545,100,6,0.0
HD-SF,100,8,0.0,0.2,uniform,GP,1,200,0.5,94,127,0.16,0.00024513,100,0,0.0
HD-SF,100,8,0.0,0.2,uniform,GP_LS,1,200,0.5,82,129,0.16,0.0005725439999999999,100,2,0.0
HD-SF,100,8,0.0,0.2,uniform,GS,1,200,0.5,56,105,0.27,0.000278212,120,0,0.0
HD-SF,100,8,0.0,0.2,uniform,GS_LS,1,200,0.5,45,95,0.29,0.000603733,120,2,0.0
HD-SF,100,8,0.0,0.2,uniform,BS,1,200,0.5,73,114,0.2,0.000200286,120,0,0.0
HD-SF,100,8,0.0,0.2,uniform,BS_LS,1,200,0.5,58,115,0.21,0.00059698,120,3,0.0
HD-SF,100,8,0.0,0.2,uniform,EMCI,1,200,0.5,111,126,0.17,0.000108593,120,0,0.0
HD-SF,100,8,0.0,0.2,uniform,EMCI_LS,1,200,0.5,59,106,0.25,0.000572563,120,6,0.0
HD-SF,100,8,0.0,0.2,uniform,OPT,1,200,0.5,18,104,0.24,900.992478269,120,0,0.1525423728813372
HD-SF,100,8,0.0,0.2,uniform,RND,1,200,0.5,136,133,0.112,0.043891688,120,0,0.0
HD-SF,100,8,0.0,0.2,uniform,QMKJ,1,1000,0.5,375,445,0.448,62.602135844,120,0,7.824998917631653e-10
HD-SF,100,8,0.0,0.2,uniform,CHI_1.0e-5,1,1000,0.5,468,506,0.284,1.249202423,120,0,0.0
HD-SF,100,8,0.0,0.2,uniform,CHI_1.0e-5_LS,1,1000,0.5,405,469,0.328,1.2504803000000002,120,6,0.0
HD-SF,100,8,0.0,0.2,uniform,GO,1,1000,0.5,602,647,0.206,0.001195912,105,0,0.0
HD-SF,100,8,0.0,0.2,uniform,GO_LS,1,1000,0.5,471,542,0.282,0.002258596,105,4,0.0
HD-SF,100,8,0.0,0.2,uniform,GP,1,1000,0.5,544,592,0.202,0.000524123,105,0,0.0
HD-SF,100,8,0.0,0.2,uniform,GP_LS,1,1000,0.5,435,509,0.32,0.001709306,105,6,0.0
HD-SF,100,8,0.0,0.2,uniform,GS,1,1000,0.5,430,501,0.352,0.000389561,120,0,0.0
HD-SF,100,8,0.0,0.2,uniform,GS_LS,1,1000,0.5,418,473,0.352,0.0011134,120,2,0.0
HD-SF,100,8,0.0,0.2,uniform,BS,1,1000,0.5,592,635,0.21,0.000292308,120,0,0.0
HD-SF,100,8,0.0,0.2,uniform,BS_LS,1,1000,0.5,435,493,0.35,0.0017328900000000002,120,6,0.0
HD-SF,100,8,0.0,0.2,uniform,EMCI,1,1000,0.5,679,731,0.1,4.5745e-5,120,0,0.0
HD-SF,100,8,0.0,0.2,uniform,EMCI_LS,1,1000,0.5,483,554,0.244,0.001448407,120,5,0.0
HD-SF,100,8,0.0,0.2,uniform,OPT,1,1000,0.5,710,735,0.09,906.471725628,120,0,0.5934959349593373
HD-SF,100,8,0.0,0.2,uniform,RND,1,1000,0.5,726,738,0.0826,0.040152476,120,0,0.0
HD-SF,100,8,0.0,0.2,uniform,QMKJ,1,2000,0.5,726,789,0.54,35.655127951,120,0,0.0
HD-SF,100,8,0.0,0.2,uniform,CHI_1.0e-5,1,2000,0.5,784,803,0.452,1.195656903,120,0,0.0
HD-SF,100,8,0.0,0.2,uniform,CHI_1.0e-5_LS,1,2000,0.5,743,786,0.46,1.197431631,120,7,0.0
HD-SF,100,8,0.0,0.2,uniform,GO,1,2000,0.5,1183,1216,0.189,0.002239971,105,0,0.0
HD-SF,100,8,0.0,0.2,uniform,GO_LS,1,2000,0.5,962,991,0.292,0.004099217,105,4,0.0
HD-SF,100,8,0.0,0.2,uniform,GP,1,2000,0.5,1102,1113,0.213,0.000674265,105,0,0.0
HD-SF,100,8,0.0,0.2,uniform,GP_LS,1,2000,0.5,891,949,0.302,0.002846719,105,7,0.0
HD-SF,100,8,0.0,0.2,uniform,GS,1,2000,0.5,799,842,0.384,0.000556915,120,0,0.0
HD-SF,100,8,0.0,0.2,uniform,GS_LS,1,2000,0.5,747,807,0.397,0.002146135,120,6,0.0
HD-SF,100,8,0.0,0.2,uniform,BS,1,2000,0.5,1365,1385,0.134,0.000484519,120,0,0.0
HD-SF,100,8,0.0,0.2,uniform,BS_LS,1,2000,0.5,864,930,0.385,0.00389237,120,10,0.0
HD-SF,100,8,0.0,0.2,uniform,EMCI,1,2000,0.5,1413,1445,0.09,9.8975e-5,120,0,0.0
HD-SF,100,8,0.0,0.2,uniform,EMCI_LS,1,2000,0.5,918,961,0.307,0.002911419,120,7,0.0
HD-SF,100,8,0.0,0.2,uniform,OPT,1,2000,0.5,1387,1418,0.102,919.620533467,120,0,0.5831596498540802
HD-SF,100,8,0.0,0.2,uniform,RND,1,2000,0.5,1453,1454,0.0856,0.070359912,120,0,0.0
HD-SF,100,8,0.2,0.2,uniform,QMKJ,1,200,0.5,50,103,0.35,24.136065875,120,0,0.0
HD-SF,100,8,0.2,0.2,uniform,CHI_1.0e-5,1,200,0.5,104,130,0.13,1.144309243,120,0,0.0
HD-SF,100,8,0.2,0.2,uniform,CHI_1.0e-5_LS,1,200,0.5,63,103,0.27,1.144698423,120,4,0.0
HD-SF,100,8,0.2,0.2,uniform,GO,1,200,0.5,100,138,0.12,0.000286297,106,0,0.0
HD-SF,100,8,0.2,0.2,uniform,GO_LS,1,200,0.5,80,123,0.16,0.0005738469999999999,106,2,0.0
HD-SF,100,8,0.2,0.2,uniform,GP,1,200,0.5,93,128,0.11,0.000244959,100,0,0.0
HD-SF,100,8,0.2,0.2,uniform,GP_LS,1,200,0.5,66,113,0.2,0.000518503,100,3,0.0
HD-SF,100,8,0.2,0.2,uniform,GS,1,200,0.5,56,109,0.29,0.000213139,120,0,0.0
HD-SF,100,8,0.2,0.2,uniform,GS_LS,1,200,0.5,48,103,0.29,0.000529673,120,3,0.0
HD-SF,100,8,0.2,0.2,uniform,BS,1,200,0.5,95,134,0.12,0.000185137,120,0,0.0
HD-SF,100,8,0.2,0.2,uniform,BS_LS,1,200,0.5,70,120,0.23,0.000629852,120,6,0.0
HD-SF,100,8,0.2,0.2,uniform,EMCI,1,200,0.5,131,133,0.13,9.6411e-5,120,0,0.0
HD-SF,100,8,0.2,0.2,uniform,EMCI_LS,1,200,0.5,60,112,0.24,0.000638949,120,8,0.0
HD-SF,100,8,0.2,0.2,uniform,OPT,1,200,0.5,26,103,0.26,900.930206274,120,0,0.20634920634918646
HD-SF,100,8,0.2,0.2,uniform,RND,1,200,0.5,151,143,0.083,0.024268599,120,0,0.0
HD-SF,100,8,0.2,0.2,uniform,QMKJ,1,1000,0.5,353,433,0.452,69.040400259,120,0,9.898205483503425e-12
HD-SF,100,8,0.2,0.2,uniform,CHI_1.0e-5,1,1000,0.5,387,453,0.348,0.852428167,120,0,0.0
HD-SF,100,8,0.2,0.2,uniform,CHI_1.0e-5_LS,1,1000,0.5,338,432,0.358,0.853462358,120,6,0.0
HD-SF,100,8,0.2,0.2,uniform,GO,1,1000,0.5,566,601,0.166,0.001114129,108,0,0.0
HD-SF,100,8,0.2,0.2,uniform,GO_LS,1,1000,0.5,395,493,0.302,0.0024157609999999998,108,7,0.0
HD-SF,100,8,0.2,0.2,uniform,GP,1,1000,0.5,566,602,0.192,0.000524764,108,0,0.0
HD-SF,100,8,0.2,0.2,uniform,GP_LS,1,1000,0.5,439,533,0.306,0.0017343530000000001,108,5,0.0
HD-SF,100,8,0.2,0.2,uniform,GS,1,1000,0.5,358,450,0.37,0.000318567,120,0,0.0
HD-SF,100,8,0.2,0.2,uniform,GS_LS,1,1000,0.5,346,448,0.38,0.000939372,120,2,0.0
HD-SF,100,8,0.2,0.2,uniform,BS,1,1000,0.5,614,683,0.16,0.000310983,120,0,0.0
HD-SF,100,8,0.2,0.2,uniform,BS_LS,1,1000,0.5,403,514,0.298,0.002044415,120,10,0.0
HD-SF,100,8,0.2,0.2,uniform,EMCI,1,1000,0.5,643,693,0.134,4.6908e-5,120,0,0.0
HD-SF,100,8,0.2,0.2,uniform,EMCI_LS,1,1000,0.5,443,538,0.244,0.001173842,120,4,0.0
HD-SF,100,8,0.2,0.2,uniform,OPT,1,1000,0.5,657,670,0.112,906.428592243,120,0,0.5787700084245867
HD-SF,100,8,0.2,0.2,uniform,RND,1,1000,0.5,730,728,0.0852,0.037754649,120,0,0.0
HD-SF,100,8,0.2,0.2,uniform,QMKJ,1,2000,0.5,779,820,0.489,28.825117288,120,0,0.0
HD-SF,100,8,0.2,0.2,uniform,CHI_1.0e-5,1,2000,0.5,906,921,0.362,1.237654568,120,0,0.0
HD-SF,100,8,0.2,0.2,uniform,CHI_1.0e-5_LS,1,2000,0.5,818,854,0.403,1.239363954,120,6,0.0
HD-SF,100,8,0.2,0.2,uniform,GO,1,2000,0.5,1176,1192,0.185,0.002314911,108,0,0.0
HD-SF,100,8,0.2,0.2,uniform,GO_LS,1,2000,0.5,880,945,0.314,0.004938702,108,10,0.0
HD-SF,100,8,0.2,0.2,uniform,GP,1,2000,0.5,1190,1268,0.151,0.000713388,108,0,0.0
HD-SF,100,8,0.2,0.2,uniform,GP_LS,1,2000,0.5,1054,1095,0.255,0.002376617,108,3,0.0
HD-SF,100,8,0.2,0.2,uniform,GS,1,2000,0.5,871,911,0.393,0.000562215,120,0,0.0
HD-SF,100,8,0.2,0.2,uniform,GS_LS,1,2000,0.5,793,832,0.442,0.002704593,120,10,0.0
HD-SF,100,8,0.2,0.2,uniform,BS,1,2000,0.5,1382,1428,0.122,0.000536947,120,0,0.0
HD-SF,100,8,0.2,0.2,uniform,BS_LS,1,2000,0.5,1089,1118,0.253,0.002598042,120,4,0.0
HD-SF,100,8,0.2,0.2,uniform,EMCI,1,2000,0.5,1410,1453,0.098,5.0806e-5,120,0,0.0
HD-SF,100,8,0.2,0.2,uniform,EMCI_LS,1,2000,0.5,935,993,0.305,0.0037110800000000003,120,11,0.0
HD-SF,100,8,0.2,0.2,uniform,OPT,1,2000,0.5,1369,1370,0.104,917.238690822,120,0,0.5946493717065238
HD-SF,100,8,0.2,0.2,uniform,RND,1,2000,0.5,1454,1460,0.0907,0.062185753,120,0,0.0
HD-SF,100,10,0.0,0.2,uniform,QMKJ,1,200,0.5,51,97,0.42,149.887502989,120,0,2.5932003372265287e-9
HD-SF,100,10,0.0,0.2,uniform,CHI_1.0e-5,1,200,0.5,108,126,0.21,1.077231396,120,0,0.0
HD-SF,100,10,0.0,0.2,uniform,CHI_1.0e-5_LS,1,200,0.5,53,100,0.29,1.0779974719999998,120,11,0.0
HD-SF,100,10,0.0,0.2,uniform,GO,1,200,0.5,95,116,0.19,0.000301425,106,0,0.0
HD-SF,100,10,0.0,0.2,uniform,GO_LS,1,200,0.5,58,103,0.28,0.0007283249999999999,106,6,0.0
HD-SF,100,10,0.0,0.2,uniform,GP,1,200,0.5,109,127,0.16,0.000266079,100,0,0.0
HD-SF,100,10,0.0,0.2,uniform,GP_LS,1,200,0.5,76,118,0.18,0.0007897609999999999,100,4,0.0
HD-SF,100,10,0.0,0.2,uniform,GS,1,200,0.5,53,105,0.3,0.000228849,120,0,0.0
HD-SF,100,10,0.0,0.2,uniform,GS_LS,1,200,0.5,52,97,0.33,0.000545051,120,2,0.0
HD-SF,100,10,0.0,0.2,uniform,BS,1,200,0.5,95,127,0.19,0.000183364,120,0,0.0
HD-SF,100,10,0.0,0.2,uniform,BS_LS,1,200,0.5,79,118,0.26,0.000599625,120,2,0.0
HD-SF,100,10,0.0,0.2,uniform,EMCI,1,200,0.5,139,142,0.12,4.2079e-5,120,0,0.0
HD-SF,100,10,0.0,0.2,uniform,EMCI_LS,1,200,0.5,79,109,0.26,0.000578284,120,4,0.0
HD-SF,100,10,0.0,0.2,uniform,OPT,1,200,0.5,29,102,0.33,901.170401588,120,0,0.22480620155036213
HD-SF,100,10,0.0,0.2,uniform,RND,1,200,0.5,154,151,0.071,0.167400957,120,0,0.0
HD-SF,100,10,0.0,0.2,uniform,QMKJ,1,1000,0.5,383,461,0.422,17.072447482,120,0,0.0
HD-SF,100,10,0.0,0.2,uniform,CHI_1.0e-5,1,1000,0.5,496,542,0.254,0.962534403,120,0,0.0
HD-SF,100,10,0.0,0.2,uniform,CHI_1.0e-5_LS,1,1000,0.5,414,497,0.298,0.9652568480000001,120,9,0.0
HD-SF,100,10,0.0,0.2,uniform,GO,1,1000,0.5,566,649,0.158,0.001147121,108,0,0.0
HD-SF,100,10,0.0,0.2,uniform,GO_LS,1,1000,0.5,453,536,0.268,0.002481624,108,4,0.0
HD-SF,100,10,0.0,0.2,uniform,GP,1,1000,0.5,620,647,0.174,0.000374332,108,0,0.0
HD-SF,100,10,0.0,0.2,uniform,GP_LS,1,1000,0.5,497,573,0.222,0.002369713,108,5,0.0
HD-SF,100,10,0.0,0.2,uniform,GS,1,1000,0.5,470,545,0.294,0.000299532,120,0,0.0
HD-SF,100,10,0.0,0.2,uniform,GS_LS,1,1000,0.5,431,523,0.314,0.002095199,120,5,0.0
HD-SF,100,10,0.0,0.2,uniform,BS,1,1000,0.5,730,774,0.084,0.000254587,120,0,0.0
HD-SF,100,10,0.0,0.2,uniform,BS_LS,1,1000,0.5,547,626,0.172,0.003921433,120,6,0.0
HD-SF,100,10,0.0,0.2,uniform,EMCI,1,1000,0.5,769,796,0.068,5.7659e-5,120,0,0.0
HD-SF,100,10,0.0,0.2,uniform,EMCI_LS,1,1000,0.5,541,605,0.196,0.003949487,120,6,0.0
HD-SF,100,10,0.0,0.2,uniform,OPT,1,1000,0.5,773,775,0.09,909.703091582,120,0,0.6180290297937173
HD-SF,100,10,0.0,0.2,uniform,RND,1,1000,0.5,798,804,0.0592,0.230263259,120,0,0.0
HD-SF,100,10,0.0,0.2,uniform,QMKJ,1,2000,0.5,836,1016,0.402,86.465576751,120,0,7.270270980802302e-11
HD-SF,100,10,0.0,0.2,uniform,CHI_1.0e-5,1,2000,0.5,927,1046,0.297,1.207959403,120,0,0.0
HD-SF,100,10,0.0,0.2,uniform,CHI_1.0e-5_LS,1,2000,0.5,874,1010,0.302,1.2115292770000001,120,6,0.0
HD-SF,100,10,0.0,0.2,uniform,GO,1,2000,0.5,1298,1356,0.159,0.002268945,108,0,0.0
HD-SF,100,10,0.0,0.2,uniform,GO_LS,1,2000,0.5,1063,1175,0.222,0.006275989,108,6,0.0
HD-SF,100,10,0.0,0.2,uniform,GP,1,2000,0.5,1161,1207,0.195,0.000716233,108,0,0.0
HD-SF,100,10,0.0,0.2,uniform,GP_LS,1,2000,0.5,1074,1208,0.206,0.003330986,108,3,0.0
HD-SF,100,10,0.0,0.2,uniform,GS,1,2000,0.5,962,1122,0.309,0.000584336,120,0,0.0
HD-SF,100,10,0.0,0.2,uniform,GS_LS,1,2000,0.5,962,1122,0.309,0.002304802,120,1,0.0
HD-SF,100,10,0.0,0.2,uniform,BS,1,2000,0.5,1374,1498,0.136,0.000519293,120,0,0.0
HD-SF,100,10,0.0,0.2,uniform,BS_LS,1,2000,0.5,1106,1215,0.24,0.007538636,120,6,0.0
HD-SF,100,10,0.0,0.2,uniform,EMCI,1,2000,0.5,1412,1521,0.116,7.0321e-5,120,0,0.0
HD-SF,100,10,0.0,0.2,uniform,EMCI_LS,1,2000,0.5,1139,1244,0.199,0.006351109000000001,120,5,0.0
HD-SF,100,10,0.0,0.2,uniform,OPT,1,2000,0.5,1454,1521,0.066,924.571649633,120,0,0.6061441512406436
HD-SF,100,10,0.0,0.2,uniform,RND,1,2000,0.5,1589,1595,0.0589,0.297026977,120,0,0.0
HD-SF,100,10,0.2,0.2,uniform,QMKJ,1,200,0.5,61,111,0.26,84.481404896,120,0,2.340278423301904e-9
HD-SF,100,10,0.2,0.2,uniform,CHI_1.0e-5,1,200,0.5,113,147,0.1,1.192105133,120,0,0.0
HD-SF,100,10,0.2,0.2,uniform,CHI_1.0e-5_LS,1,200,0.5,81,128,0.17,1.192598668,120,4,0.0
HD-SF,100,10,0.2,0.2,uniform,GO,1,200,0.5,95,129,0.17,0.000323577,105,0,0.0
HD-SF,100,10,0.2,0.2,uniform,GO_LS,1,200,0.5,69,116,0.19,0.000854693,105,7,0.0
HD-SF,100,10,0.2,0.2,uniform,GP,1,200,0.5,107,138,0.12,0.000372418,100,0,0.0
HD-SF,100,10,0.2,0.2,uniform,GP_LS,1,200,0.5,78,122,0.21,0.0008403060000000001,100,3,0.0
HD-SF,100,10,0.2,0.2,uniform,GS,1,200,0.5,58,98,0.28,0.000351579,120,0,0.0
HD-SF,100,10,0.2,0.2,uniform,GS_LS,1,200,0.5,58,98,0.28,0.0007221339999999999,120,1,0.0
HD-SF,100,10,0.2,0.2,uniform,BS,1,200,0.5,99,137,0.1,0.000235963,120,0,0.0
HD-SF,100,10,0.2,0.2,uniform,BS_LS,1,200,0.5,70,128,0.11,0.001043537,120,6,0.0
HD-SF,100,10,0.2,0.2,uniform,EMCI,1,200,0.5,146,157,0.04,5.1567e-5,120,0,0.0
HD-SF,100,10,0.2,0.2,uniform,EMCI_LS,1,200,0.5,77,121,0.16,0.000907913,120,7,0.0
HD-SF,100,10,0.2,0.2,uniform,OPT,1,200,0.5,27,99,0.27,901.28751337,120,0,0.21259842519682356
HD-SF,100,10,0.2,0.2,uniform,RND,1,200,0.5,157,156,0.082,0.172758664,120,0,0.0
HD-SF,100,10,0.2,0.2,uniform,QMKJ,1,1000,0.5,361,453,0.446,103.957648389,120,0,0.0
HD-SF,100,10,0.2,0.2,uniform,CHI_1.0e-5,1,1000,0.5,470,547,0.246,1.086567203,120,0,0.0
HD-SF,100,10,0.2,0.2,uniform,CHI_1.0e-5_LS,1,1000,0.5,442,507,0.26,1.087642089,120,2,0.0
HD-SF,100,10,0.2,0.2,uniform,GO,1,1000,0.5,642,674,0.1,0.001112246,100,0,0.0
HD-SF,100,10,0.2,0.2,uniform,GO_LS,1,1000,0.5,434,479,0.294,0.003011468,100,7,0.0
HD-SF,100,10,0.2,0.2,uniform,GP,1,1000,0.5,608,640,0.146,0.000507942,100,0,0.0
HD-SF,100,10,0.2,0.2,uniform,GP_LS,1,1000,0.5,407,465,0.306,0.002868439,100,9,0.0
HD-SF,100,10,0.2,0.2,uniform,GS,1,1000,0.5,407,495,0.346,0.000418154,120,0,0.0
HD-SF,100,10,0.2,0.2,uniform,GS_LS,1,1000,0.5,383,466,0.378,0.001784607,120,3,0.0
HD-SF,100,10,0.2,0.2,uniform,BS,1,1000,0.5,639,702,0.126,0.000318297,120,0,0.0
HD-SF,100,10,0.2,0.2,uniform,BS_LS,1,1000,0.5,457,520,0.252,0.003903871,120,9,0.0
HD-SF,100,10,0.2,0.2,uniform,EMCI,1,1000,0.5,677,700,0.106,6.2226e-5,120,0,0.0
HD-SF,100,10,0.2,0.2,uniform,EMCI_LS,1,1000,0.5,407,488,0.294,0.004569048,120,15,0.0
HD-SF,100,10,0.2,0.2,uniform,OPT,1,1000,0.5,655,689,0.126,907.886381997,120,0,0.5766299745977669
HD-SF,100,10,0.2,0.2,uniform,RND,1,1000,0.5,747,740,0.0712,0.232789777,120,0,0.0
HD-SF,100,10,0.2,0.2,uniform,QMKJ,1,2000,0.5,722,800,0.503,61.23076193,120,0,2.1482158708865753e-10
HD-SF,100,10,0.2,0.2,uniform,CHI_1.0e-5,1,2000,0.5,775,827,0.413,1.200771785,120,0,0.0
HD-SF,100,10,0.2,0.2,uniform,CHI_1.0e-5_LS,1,2000,0.5,737,818,0.414,1.203458954,120,5,0.0
HD-SF,100,10,0.2,0.2,uniform,GO,1,2000,0.5,1366,1400,0.104,0.002449934,100,0,0.0
HD-SF,100,10,0.2,0.2,uniform,GO_LS,1,2000,0.5,981,1077,0.239,0.0058156549999999994,100,6,0.0
HD-SF,100,10,0.2,0.2,uniform,GP,1,2000,0.5,1310,1392,0.105,0.000943019,100,0,0.0
HD-SF,100,10,0.2,0.2,uniform,GP_LS,1,2000,0.5,1080,1162,0.193,0.004149401,100,4,0.0
HD-SF,100,10,0.2,0.2,uniform,GS,1,2000,0.5,875,955,0.433,0.000608431,120,0,0.0
HD-SF,100,10,0.2,0.2,uniform,GS_LS,1,2000,0.5,784,857,0.496,0.002931637,120,5,0.0
HD-SF,100,10,0.2,0.2,uniform,BS,1,2000,0.5,1299,1379,0.119,0.000466014,120,0,0.0
HD-SF,100,10,0.2,0.2,uniform,BS_LS,1,2000,0.5,973,1066,0.255,0.0067084200000000005,120,8,0.0
HD-SF,100,10,0.2,0.2,uniform,EMCI,1,2000,0.5,1444,1492,0.078,0.000118222,120,0,0.0
HD-SF,100,10,0.2,0.2,uniform,EMCI_LS,1,2000,0.5,1013,1130,0.239,0.00629818,120,6,0.0
HD-SF,100,10,0.2,0.2,uniform,OPT,1,2000,0.5,1461,1497,0.079,922.661479498,120,0,0.6007984031936054
HD-SF,100,10,0.2,0.2,uniform,RND,1,2000,0.5,1558,1615,0.0584,0.306725594,120,0,0.0
