dependency,skus,wareh,diff,buffer,mode,benchiter,orders,train_test,parcel_train,parcel_test,duration,cap_used,local_search,gap
ID-SF,100,2,0.0,0.0,QMK,1,1000,0.9,441,64,0.1822992,100,0,0.0
ID-SF,100,2,0.0,0.0,CHIM_0.01,1,1000,0.9,500,55,0.3517901,100,0,0.0
ID-SF,100,2,0.0,0.0,CHI_0.01,1,1000,0.9,471,55,0.353806,100,4,0.0
ID-SF,100,2,0.0,0.0,KL,1,1000,0.9,458,60,1.6139998,100,100,0.0
ID-SF,100,2,0.0,0.0,KLQ,1,1000,0.9,441,64,0.1817366,100,0,0.0
ID-SF,100,2,0.0,0.0,GO,1,1000,0.9,497,56,0.0016247,100,0,0.0
ID-SF,100,2,0.0,0.0,GP,1,1000,0.9,502,57,0.0008395,100,0,0.0
ID-SF,100,2,0.0,0.0,GS,1,1000,0.9,498,61,0.0004006,100,0,0.0
ID-SF,100,2,0.0,0.0,BS,1,1000,0.9,498,61,0.0003847,100,0,0.0
ID-SF,100,2,0.0,0.0,RND,1,1000,0.9,507,59,0.0012221,100,0,0.0
ID-SF,100,2,0.1,0.0,QMK,1,1000,0.9,437,57,0.1151207,100,0,0.0
ID-SF,100,2,0.1,0.0,CHIM_0.01,1,1000,0.9,482,54,0.3489163,100,0,0.0
ID-SF,100,2,0.1,0.0,CHI_0.01,1,1000,0.9,451,55,0.3531369,100,5,0.0
ID-SF,100,2,0.1,0.0,KL,1,1000,0.9,474,60,1.5322453,100,100,0.0
ID-SF,100,2,0.1,0.0,KLQ,1,1000,0.9,437,57,0.1153515,100,0,0.0
ID-SF,100,2,0.1,0.0,GO,1,1000,0.9,497,55,0.0016361,100,0,0.0
ID-SF,100,2,0.1,0.0,GP,1,1000,0.9,489,57,0.00081,100,0,0.0
ID-SF,100,2,0.1,0.0,GS,1,1000,0.9,483,57,0.0003855,100,0,0.0
ID-SF,100,2,0.1,0.0,BS,1,1000,0.9,483,57,0.000389,100,0,0.0
ID-SF,100,2,0.1,0.0,RND,1,1000,0.9,505,59,0.0012374,100,0,0.0
ID-SF,100,2,0.2,0.0,QMK,1,1000,0.9,418,59,0.1147891,100,0,0.0
ID-SF,100,2,0.2,0.0,CHIM_0.01,1,1000,0.9,470,54,0.3492008,100,0,0.0
ID-SF,100,2,0.2,0.0,CHI_0.01,1,1000,0.9,439,56,0.3508834,100,4,0.0
ID-SF,100,2,0.2,0.0,KL,1,1000,0.9,452,58,1.5033324,100,100,0.0
ID-SF,100,2,0.2,0.0,KLQ,1,1000,0.9,418,59,0.111746,100,0,0.0
ID-SF,100,2,0.2,0.0,GO,1,1000,0.9,484,52,0.0016091,100,0,0.0
ID-SF,100,2,0.2,0.0,GP,1,1000,0.9,472,60,0.0008848,100,0,0.0
ID-SF,100,2,0.2,0.0,GS,1,1000,0.9,449,56,0.0004322,100,0,0.0
ID-SF,100,2,0.2,0.0,BS,1,1000,0.9,449,56,0.0003947,100,0,0.0
ID-SF,100,2,0.2,0.0,RND,1,1000,0.9,488,58,0.001229,100,0,0.0
ID-SF,100,3,0.01,0.0,QMK,1,1000,0.9,689,97,0.1324138,100,0,0.0
ID-SF,100,3,0.01,0.0,CHIM_0.01,1,1000,0.9,782,90,0.3476303,100,0,0.0
ID-SF,100,3,0.01,0.0,CHI_0.01,1,1000,0.9,694,91,0.3500013,100,3,0.0
ID-SF,100,3,0.01,0.0,KL,1,1000,0.9,747,93,1.5494635,100,100,0.0
ID-SF,100,3,0.01,0.0,KLQ,1,1000,0.9,689,97,0.1319453,100,0,0.0
ID-SF,100,3,0.01,0.0,GO,1,1000,0.9,789,93,0.0016307,100,0,0.0
ID-SF,100,3,0.01,0.0,GP,1,1000,0.9,788,98,0.0008677,100,0,0.0
ID-SF,100,3,0.01,0.0,GS,1,1000,0.9,786,102,0.0005224,100,0,0.0
ID-SF,100,3,0.01,0.0,BS,1,1000,0.9,786,102,0.0005484,100,0,0.0
ID-SF,100,3,0.01,0.0,RND,1,1000,0.9,805,95,0.0012481,100,0,0.0
ID-SF,100,3,0.08,0.0,QMK,1,1000,0.9,676,91,0.2317055,100,0,0.0
ID-SF,100,3,0.08,0.0,CHIM_0.01,1,1000,0.9,764,89,0.3498791,100,0,0.0
ID-SF,100,3,0.08,0.0,CHI_0.01,1,1000,0.9,685,93,0.3509454,100,4,0.0
ID-SF,100,3,0.08,0.0,KL,1,1000,0.9,742,97,1.5831471,100,100,0.0
ID-SF,100,3,0.08,0.0,KLQ,1,1000,0.9,676,91,0.2371223,100,0,0.0
ID-SF,100,3,0.08,0.0,GO,1,1000,0.9,776,93,0.0016412,100,0,0.0
ID-SF,100,3,0.08,0.0,GP,1,1000,0.9,793,96,0.0009001,100,0,0.0
ID-SF,100,3,0.08,0.0,GS,1,1000,0.9,764,98,0.0005971,100,0,0.0
ID-SF,100,3,0.08,0.0,BS,1,1000,0.9,764,98,0.0004854,100,0,0.0
ID-SF,100,3,0.08,0.0,RND,1,1000,0.9,798,95,0.0012325,100,0,0.0
ID-SF,100,3,0.13,0.0,QMK,1,1000,0.9,657,88,0.2068657,100,0,0.0
ID-SF,100,3,0.13,0.0,CHIM_0.01,1,1000,0.9,738,87,0.3505252,100,0,0.0
ID-SF,100,3,0.13,0.0,CHI_0.01,1,1000,0.9,662,94,0.3493393,100,4,0.0
ID-SF,100,3,0.13,0.0,KL,1,1000,0.9,737,86,1.5225338,100,100,0.0
ID-SF,100,3,0.13,0.0,KLQ,1,1000,0.9,657,88,0.2056252,100,0,0.0
ID-SF,100,3,0.13,0.0,GO,1,1000,0.9,762,92,0.0016305,100,0,0.0
ID-SF,100,3,0.13,0.0,GP,1,1000,0.9,785,95,0.0011729,100,0,0.0
ID-SF,100,3,0.13,0.0,GS,1,1000,0.9,759,97,0.0005433,100,0,0.0
ID-SF,100,3,0.13,0.0,BS,1,1000,0.9,759,97,0.0005948,100,0,0.0
ID-SF,100,3,0.13,0.0,RND,1,1000,0.9,793,93,0.0011734,100,0,0.0
ID-SF,100,4,0.0,0.0,QMK,1,1000,0.9,835,119,3.1621465,100,0,0.0
ID-SF,100,4,0.0,0.0,CHIM_0.01,1,1000,0.9,969,114,0.3494843,100,0,0.0
ID-SF,100,4,0.0,0.0,CHI_0.01,1,1000,0.9,828,120,0.3536755,100,4,0.0
ID-SF,100,4,0.0,0.0,KL,1,1000,0.9,927,117,1.5115514,100,100,0.0
ID-SF,100,4,0.0,0.0,KLQ,1,1000,0.9,835,119,3.1946206,100,0,0.0
ID-SF,100,4,0.0,0.0,GO,1,1000,0.9,946,112,0.0016785,100,0,0.0
ID-SF,100,4,0.0,0.0,GP,1,1000,0.9,992,113,0.0009222,100,0,0.0
ID-SF,100,4,0.0,0.0,GS,1,1000,0.9,992,116,0.0006698,100,0,0.0
ID-SF,100,4,0.0,0.0,BS,1,1000,0.9,992,116,0.0006242,100,0,0.0
ID-SF,100,4,0.0,0.0,RND,1,1000,0.9,995,117,0.0011785,100,0,0.0
ID-SF,100,4,0.06,0.0,QMK,1,1000,0.9,833,120,0.3759781,100,0,0.0
ID-SF,100,4,0.06,0.0,CHIM_0.01,1,1000,0.9,969,117,0.348849,100,0,0.0
ID-SF,100,4,0.06,0.0,CHI_0.01,1,1000,0.9,828,118,0.3513402,100,6,0.0
ID-SF,100,4,0.06,0.0,KL,1,1000,0.9,913,115,1.5071755,100,100,0.0
ID-SF,100,4,0.06,0.0,KLQ,1,1000,0.9,833,120,0.3778098,100,0,0.0
ID-SF,100,4,0.06,0.0,GO,1,1000,0.9,963,116,0.0016404,100,0,0.0
ID-SF,100,4,0.06,0.0,GP,1,1000,0.9,979,111,0.0009659,100,0,0.0
ID-SF,100,4,0.06,0.0,GS,1,1000,0.9,993,112,0.0006564,100,0,0.0
ID-SF,100,4,0.06,0.0,BS,1,1000,0.9,993,112,0.0005562,100,0,0.0
ID-SF,100,4,0.06,0.0,RND,1,1000,0.9,991,116,0.0011489,100,0,0.0
ID-SF,100,4,0.11,0.0,QMK,1,1000,0.9,813,125,0.4702961,100,0,0.0
ID-SF,100,4,0.11,0.0,CHIM_0.01,1,1000,0.9,951,118,0.3469538,100,0,0.0
ID-SF,100,4,0.11,0.0,CHI_0.01,1,1000,0.9,805,114,0.3453487,100,4,0.0
ID-SF,100,4,0.11,0.0,KL,1,1000,0.9,899,112,1.5069486,100,100,0.0
ID-SF,100,4,0.11,0.0,KLQ,1,1000,0.9,813,125,0.4584118,100,0,0.0
ID-SF,100,4,0.11,0.0,GO,1,1000,0.9,957,116,0.0016305,100,0,0.0
ID-SF,100,4,0.11,0.0,GP,1,1000,0.9,952,111,0.0009137,100,0,0.0
ID-SF,100,4,0.11,0.0,GS,1,1000,0.9,981,120,0.0006373,100,0,0.0
ID-SF,100,4,0.11,0.0,BS,1,1000,0.9,981,120,0.0006133,100,0,0.0
ID-SF,100,4,0.11,0.0,RND,1,1000,0.9,983,115,0.001098,100,0,0.0
ID-SF,100,2,0.0,0.2,QMK,1,1000,0.9,323,52,0.1093925,120,0,0.0
ID-SF,100,2,0.0,0.2,CHIM_0.01,1,1000,0.9,392,50,0.3492561,120,0,0.0
ID-SF,100,2,0.0,0.2,CHI_0.01,1,1000,0.9,335,51,0.3512958,120,8,0.0
ID-SF,100,2,0.0,0.2,GO,1,1000,0.9,381,51,0.0017477,120,0,0.0
ID-SF,100,2,0.0,0.2,GP,1,1000,0.9,385,59,0.0008011,120,0,0.0
ID-SF,100,2,0.0,0.2,GS,1,1000,0.9,392,46,0.000433,120,0,0.0
ID-SF,100,2,0.0,0.2,BS,1,1000,0.9,381,41,0.0003827,120,0,0.0
ID-SF,100,2,0.0,0.2,RND,1,1000,0.9,415,49,0.0033439,120,0,0.0
ID-SF,100,2,0.1,0.2,QMK,1,1000,0.9,315,48,0.132947,120,0,0.0
ID-SF,100,2,0.1,0.2,CHIM_0.01,1,1000,0.9,367,48,0.3496006,120,0,0.0
ID-SF,100,2,0.1,0.2,CHI_0.01,1,1000,0.9,344,50,0.3490394,120,2,0.0
ID-SF,100,2,0.1,0.2,GO,1,1000,0.9,381,53,0.0017644,120,0,0.0
ID-SF,100,2,0.1,0.2,GP,1,1000,0.9,370,58,0.0009153,120,0,0.0
ID-SF,100,2,0.1,0.2,GS,1,1000,0.9,367,47,0.0005214,120,0,0.0
ID-SF,100,2,0.1,0.2,BS,1,1000,0.9,365,46,0.0003381,120,0,0.0
ID-SF,100,2,0.1,0.2,RND,1,1000,0.9,407,48,0.0035003,120,0,0.0
ID-SF,100,2,0.2,0.2,QMK,1,1000,0.9,288,46,0.1642561,120,0,0.0
ID-SF,100,2,0.2,0.2,CHIM_0.01,1,1000,0.9,326,46,0.3497025,120,0,0.0
ID-SF,100,2,0.2,0.2,CHI_0.01,1,1000,0.9,298,50,0.3519867,120,4,0.0
ID-SF,100,2,0.2,0.2,GO,1,1000,0.9,350,46,0.0017588,120,0,0.0
ID-SF,100,2,0.2,0.2,GP,1,1000,0.9,358,52,0.0009078,120,0,0.0
ID-SF,100,2,0.2,0.2,GS,1,1000,0.9,314,48,0.0005561,120,0,0.0
ID-SF,100,2,0.2,0.2,BS,1,1000,0.9,321,45,0.0003507,120,0,0.0
ID-SF,100,2,0.2,0.2,RND,1,1000,0.9,380,45,0.0034478,120,0,0.0
ID-SF,100,3,0.0,0.2,QMK,1,1000,0.9,557,80,0.2122685,120,0,0.0
ID-SF,100,3,0.0,0.2,CHIM_0.01,1,1000,0.9,672,80,0.3478143,120,0,0.0
ID-SF,100,3,0.0,0.2,CHI_0.01,1,1000,0.9,614,77,0.3516219,120,3,0.0
ID-SF,100,3,0.0,0.2,GO,1,1000,0.9,634,79,0.001768,120,0,0.0
ID-SF,100,3,0.0,0.2,GP,1,1000,0.9,649,77,0.0009538,120,0,0.0
ID-SF,100,3,0.0,0.2,GS,1,1000,0.9,640,79,0.0005302,120,0,0.0
ID-SF,100,3,0.0,0.2,BS,1,1000,0.9,682,82,0.0004118,120,0,0.0
ID-SF,100,3,0.0,0.2,RND,1,1000,0.9,690,80,0.0067616,120,0,0.0
ID-SF,100,3,0.07,0.2,QMK,1,1000,0.9,555,82,0.3630623,120,0,0.0
ID-SF,100,3,0.07,0.2,CHIM_0.01,1,1000,0.9,650,83,0.3477634,120,0,0.0
ID-SF,100,3,0.07,0.2,CHI_0.01,1,1000,0.9,583,76,0.351567,120,4,0.0
ID-SF,100,3,0.07,0.2,GO,1,1000,0.9,619,69,0.0019,120,0,0.0
ID-SF,100,3,0.07,0.2,GP,1,1000,0.9,629,75,0.0008902,120,0,0.0
ID-SF,100,3,0.07,0.2,GS,1,1000,0.9,618,78,0.0006283,120,0,0.0
ID-SF,100,3,0.07,0.2,BS,1,1000,0.9,667,87,0.0004225,120,0,0.0
ID-SF,100,3,0.07,0.2,RND,1,1000,0.9,684,82,0.0071959,120,0,0.0
ID-SF,100,3,0.13,0.2,QMK,1,1000,0.9,557,73,0.288214,120,0,0.0
ID-SF,100,3,0.13,0.2,CHIM_0.01,1,1000,0.9,578,67,0.350056,120,0,0.0
ID-SF,100,3,0.13,0.2,CHI_0.01,1,1000,0.9,558,74,0.350624,120,2,0.0
ID-SF,100,3,0.13,0.2,GO,1,1000,0.9,607,65,0.0017943,120,0,0.0
ID-SF,100,3,0.13,0.2,GP,1,1000,0.9,599,77,0.0009882,120,0,0.0
ID-SF,100,3,0.13,0.2,GS,1,1000,0.9,592,75,0.0005702,120,0,0.0
ID-SF,100,3,0.13,0.2,BS,1,1000,0.9,644,84,0.0004385,120,0,0.0
ID-SF,100,3,0.13,0.2,RND,1,1000,0.9,679,80,0.0067071,120,0,0.0
ID-SF,100,4,0.0,0.2,QMK,1,1000,0.9,716,97,0.3054395,120,0,0.0
ID-SF,100,4,0.0,0.2,CHIM_0.01,1,1000,0.9,823,110,0.3492953,120,0,0.0
ID-SF,100,4,0.0,0.2,CHI_0.01,1,1000,0.9,716,96,0.3527466,120,4,0.0
ID-SF,100,4,0.0,0.2,GO,1,1000,0.9,829,97,0.0018618,120,0,0.0
ID-SF,100,4,0.0,0.2,GP,1,1000,0.9,783,97,0.0009127,120,0,0.0
ID-SF,100,4,0.0,0.2,GS,1,1000,0.9,853,107,0.0007659,120,0,0.0
ID-SF,100,4,0.0,0.2,BS,1,1000,0.9,885,105,0.0004623,120,0,0.0
ID-SF,100,4,0.0,0.2,RND,1,1000,0.9,873,102,0.0165605,120,0,0.0
ID-SF,100,4,0.05,0.2,QMK,1,1000,0.9,715,99,0.3206266,120,0,0.0
ID-SF,100,4,0.05,0.2,CHIM_0.01,1,1000,0.9,809,103,0.3473152,120,0,0.0
ID-SF,100,4,0.05,0.2,CHI_0.01,1,1000,0.9,702,104,0.3578863,120,7,0.0
ID-SF,100,4,0.05,0.2,GO,1,1000,0.9,805,101,0.0018286,120,0,0.0
ID-SF,100,4,0.05,0.2,GP,1,1000,0.9,787,101,0.0009461,120,0,0.0
ID-SF,100,4,0.05,0.2,GS,1,1000,0.9,821,104,0.0007282,120,0,0.0
ID-SF,100,4,0.05,0.2,BS,1,1000,0.9,861,103,0.0005144,120,0,0.0
ID-SF,100,4,0.05,0.2,RND,1,1000,0.9,872,102,0.0167866,120,0,0.0
ID-SF,100,4,0.1,0.2,QMK,1,1000,0.9,722,106,2.9830348,120,0,0.0
ID-SF,100,4,0.1,0.2,CHIM_0.01,1,1000,0.9,780,98,0.3568101,120,0,0.0
ID-SF,100,4,0.1,0.2,CHI_0.01,1,1000,0.9,706,105,0.3547799,120,4,0.0
ID-SF,100,4,0.1,0.2,GO,1,1000,0.9,768,95,0.0018178,120,0,0.0
ID-SF,100,4,0.1,0.2,GP,1,1000,0.9,774,96,0.0009408,120,0,0.0
ID-SF,100,4,0.1,0.2,GS,1,1000,0.9,810,102,0.0006206,120,0,0.0
ID-SF,100,4,0.1,0.2,BS,1,1000,0.9,836,109,0.0005032,120,0,0.0
ID-SF,100,4,0.1,0.2,RND,1,1000,0.9,864,101,0.0169182,120,0,0.0
ID-SF,100,2,0.0,0.0,QMK,2,1000,0.9,441,64,0.1826529,100,0,0.0
ID-SF,100,2,0.0,0.0,CHIM_0.01,2,1000,0.9,500,55,0.3477196,100,0,0.0
ID-SF,100,2,0.0,0.0,CHI_0.01,2,1000,0.9,471,55,0.3508905,100,4,0.0
ID-SF,100,2,0.0,0.0,KL,2,1000,0.9,470,61,1.5604854,100,100,0.0
ID-SF,100,2,0.0,0.0,KLQ,2,1000,0.9,441,64,0.1699343,100,0,0.0
ID-SF,100,2,0.0,0.0,GO,2,1000,0.9,497,56,0.0016458,100,0,0.0
ID-SF,100,2,0.0,0.0,GP,2,1000,0.9,502,57,0.0008187,100,0,0.0
ID-SF,100,2,0.0,0.0,GS,2,1000,0.9,498,61,0.0004587,100,0,0.0
ID-SF,100,2,0.0,0.0,BS,2,1000,0.9,498,61,0.0004524,100,0,0.0
ID-SF,100,2,0.0,0.0,RND,2,1000,0.9,506,60,0.001267,100,0,0.0
ID-SF,100,2,0.1,0.0,QMK,2,1000,0.9,437,57,0.1122265,100,0,0.0
ID-SF,100,2,0.1,0.0,CHIM_0.01,2,1000,0.9,482,54,0.3476886,100,0,0.0
ID-SF,100,2,0.1,0.0,CHI_0.01,2,1000,0.9,451,55,0.350232,100,5,0.0
ID-SF,100,2,0.1,0.0,KL,2,1000,0.9,462,63,1.5365437,100,100,0.0
ID-SF,100,2,0.1,0.0,KLQ,2,1000,0.9,437,57,0.1159095,100,0,0.0
ID-SF,100,2,0.1,0.0,GO,2,1000,0.9,497,55,0.0016687,100,0,0.0
ID-SF,100,2,0.1,0.0,GP,2,1000,0.9,489,57,0.0008605,100,0,0.0
ID-SF,100,2,0.1,0.0,GS,2,1000,0.9,483,57,0.0004271,100,0,0.0
ID-SF,100,2,0.1,0.0,BS,2,1000,0.9,483,57,0.0004304,100,0,0.0
ID-SF,100,2,0.1,0.0,RND,2,1000,0.9,503,60,0.0012679,100,0,0.0
ID-SF,100,2,0.2,0.0,QMK,2,1000,0.9,418,59,0.1105654,100,0,0.0
ID-SF,100,2,0.2,0.0,CHIM_0.01,2,1000,0.9,470,54,0.3476157,100,0,0.0
ID-SF,100,2,0.2,0.0,CHI_0.01,2,1000,0.9,439,56,0.3501012,100,4,0.0
ID-SF,100,2,0.2,0.0,KL,2,1000,0.9,438,56,1.5064403,100,100,0.0
ID-SF,100,2,0.2,0.0,KLQ,2,1000,0.9,418,59,0.1114117,100,0,0.0
ID-SF,100,2,0.2,0.0,GO,2,1000,0.9,484,52,0.0016196,100,0,0.0
ID-SF,100,2,0.2,0.0,GP,2,1000,0.9,472,60,0.0008911,100,0,0.0
ID-SF,100,2,0.2,0.0,GS,2,1000,0.9,449,56,0.0004345,100,0,0.0
ID-SF,100,2,0.2,0.0,BS,2,1000,0.9,449,56,0.0003994,100,0,0.0
ID-SF,100,2,0.2,0.0,RND,2,1000,0.9,489,58,0.0013389,100,0,0.0
ID-SF,100,3,0.01,0.0,QMK,2,1000,0.9,689,97,0.1324111,100,0,0.0
ID-SF,100,3,0.01,0.0,CHIM_0.01,2,1000,0.9,782,90,0.3482676,100,0,0.0
ID-SF,100,3,0.01,0.0,CHI_0.01,2,1000,0.9,694,91,0.3498635,100,3,0.0
ID-SF,100,3,0.01,0.0,KL,2,1000,0.9,752,91,1.5322719,100,100,0.0
ID-SF,100,3,0.01,0.0,KLQ,2,1000,0.9,689,97,0.1368527,100,0,0.0
ID-SF,100,3,0.01,0.0,GO,2,1000,0.9,789,93,0.0016515,100,0,0.0
ID-SF,100,3,0.01,0.0,GP,2,1000,0.9,788,98,0.0009334,100,0,0.0
ID-SF,100,3,0.01,0.0,GS,2,1000,0.9,786,102,0.0004832,100,0,0.0
ID-SF,100,3,0.01,0.0,BS,2,1000,0.9,786,102,0.000478,100,0,0.0
ID-SF,100,3,0.01,0.0,RND,2,1000,0.9,805,94,0.0012685,100,0,0.0
ID-SF,100,3,0.08,0.0,QMK,2,1000,0.9,676,91,0.226059,100,0,0.0
ID-SF,100,3,0.08,0.0,CHIM_0.01,2,1000,0.9,764,89,0.345464,100,0,0.0
ID-SF,100,3,0.08,0.0,CHI_0.01,2,1000,0.9,685,93,0.3504118,100,4,0.0
ID-SF,100,3,0.08,0.0,KL,2,1000,0.9,723,89,1.5714255,100,100,0.0
ID-SF,100,3,0.08,0.0,KLQ,2,1000,0.9,676,91,0.2258909,100,0,0.0
ID-SF,100,3,0.08,0.0,GO,2,1000,0.9,776,93,0.0016593,100,0,0.0
ID-SF,100,3,0.08,0.0,GP,2,1000,0.9,793,96,0.0009193,100,0,0.0
ID-SF,100,3,0.08,0.0,GS,2,1000,0.9,764,98,0.0005326,100,0,0.0
ID-SF,100,3,0.08,0.0,BS,2,1000,0.9,764,98,0.000549,100,0,0.0
ID-SF,100,3,0.08,0.0,RND,2,1000,0.9,800,94,0.001186,100,0,0.0
ID-SF,100,3,0.13,0.0,QMK,2,1000,0.9,657,88,0.2118654,100,0,0.0
ID-SF,100,3,0.13,0.0,CHIM_0.01,2,1000,0.9,738,87,0.3501175,100,0,0.0
ID-SF,100,3,0.13,0.0,CHI_0.01,2,1000,0.9,662,94,0.3486248,100,4,0.0
ID-SF,100,3,0.13,0.0,KL,2,1000,0.9,715,90,1.5167589,100,100,0.0
ID-SF,100,3,0.13,0.0,KLQ,2,1000,0.9,657,88,0.2019741,100,0,0.0
ID-SF,100,3,0.13,0.0,GO,2,1000,0.9,762,92,0.001712,100,0,0.0
ID-SF,100,3,0.13,0.0,GP,2,1000,0.9,785,95,0.0008898,100,0,0.0
ID-SF,100,3,0.13,0.0,GS,2,1000,0.9,759,97,0.0004959,100,0,0.0
ID-SF,100,3,0.13,0.0,BS,2,1000,0.9,759,97,0.0004807,100,0,0.0
ID-SF,100,3,0.13,0.0,RND,2,1000,0.9,796,93,0.0012296,100,0,0.0
ID-SF,100,4,0.0,0.0,QMK,2,1000,0.9,835,119,3.1653532,100,0,0.0
ID-SF,100,4,0.0,0.0,CHIM_0.01,2,1000,0.9,969,114,0.3404434,100,0,0.0
ID-SF,100,4,0.0,0.0,CHI_0.01,2,1000,0.9,828,120,0.3502415,100,4,0.0
ID-SF,100,4,0.0,0.0,KL,2,1000,0.9,939,118,1.5034204,100,100,0.0
ID-SF,100,4,0.0,0.0,KLQ,2,1000,0.9,835,119,3.1391602,100,0,0.0
ID-SF,100,4,0.0,0.0,GO,2,1000,0.9,946,112,0.0016977,100,0,0.0
ID-SF,100,4,0.0,0.0,GP,2,1000,0.9,992,113,0.0009358,100,0,0.0
ID-SF,100,4,0.0,0.0,GS,2,1000,0.9,992,116,0.0006032,100,0,0.0
ID-SF,100,4,0.0,0.0,BS,2,1000,0.9,992,116,0.0005733,100,0,0.0
ID-SF,100,4,0.0,0.0,RND,2,1000,0.9,997,118,0.0012359,100,0,0.0
ID-SF,100,4,0.06,0.0,QMK,2,1000,0.9,833,120,0.369505,100,0,0.0
ID-SF,100,4,0.06,0.0,CHIM_0.01,2,1000,0.9,969,117,0.3406047,100,0,0.0
ID-SF,100,4,0.06,0.0,CHI_0.01,2,1000,0.9,828,118,0.3472388,100,6,0.0
ID-SF,100,4,0.06,0.0,KL,2,1000,0.9,933,119,1.499924,100,100,0.0
ID-SF,100,4,0.06,0.0,KLQ,2,1000,0.9,833,120,0.3783324,100,0,0.0
ID-SF,100,4,0.06,0.0,GO,2,1000,0.9,963,116,0.0016451,100,0,0.0
ID-SF,100,4,0.06,0.0,GP,2,1000,0.9,979,111,0.0009444,100,0,0.0
ID-SF,100,4,0.06,0.0,GS,2,1000,0.9,993,112,0.0006324,100,0,0.0
ID-SF,100,4,0.06,0.0,BS,2,1000,0.9,993,112,0.0006561,100,0,0.0
ID-SF,100,4,0.06,0.0,RND,2,1000,0.9,991,117,0.0009576,100,0,0.0
ID-SF,100,4,0.11,0.0,QMK,2,1000,0.9,813,125,0.4589952,100,0,0.0
ID-SF,100,4,0.11,0.0,CHIM_0.01,2,1000,0.9,951,118,0.3562966,100,0,0.0
ID-SF,100,4,0.11,0.0,CHI_0.01,2,1000,0.9,805,114,0.3622781,100,4,0.0
ID-SF,100,4,0.11,0.0,KL,2,1000,0.9,905,120,1.4938291,100,100,0.0
ID-SF,100,4,0.11,0.0,KLQ,2,1000,0.9,813,125,0.4605607,100,0,0.0
ID-SF,100,4,0.11,0.0,GO,2,1000,0.9,957,116,0.0016569,100,0,0.0
ID-SF,100,4,0.11,0.0,GP,2,1000,0.9,952,111,0.0009491,100,0,0.0
ID-SF,100,4,0.11,0.0,GS,2,1000,0.9,981,120,0.0006312,100,0,0.0
ID-SF,100,4,0.11,0.0,BS,2,1000,0.9,981,120,0.0006039,100,0,0.0
ID-SF,100,4,0.11,0.0,RND,2,1000,0.9,983,115,0.0011442,100,0,0.0
ID-SF,100,2,0.0,0.2,QMK,2,1000,0.9,323,52,0.1093729,120,0,0.0
ID-SF,100,2,0.0,0.2,CHIM_0.01,2,1000,0.9,392,50,0.348987,120,0,0.0
ID-SF,100,2,0.0,0.2,CHI_0.01,2,1000,0.9,335,51,0.3521978,120,8,0.0
ID-SF,100,2,0.0,0.2,GO,2,1000,0.9,381,51,0.0017495,120,0,0.0
ID-SF,100,2,0.0,0.2,GP,2,1000,0.9,385,59,0.0009049,120,0,0.0
ID-SF,100,2,0.0,0.2,GS,2,1000,0.9,392,46,0.0005174,120,0,0.0
ID-SF,100,2,0.0,0.2,BS,2,1000,0.9,381,41,0.000384,120,0,0.0
ID-SF,100,2,0.0,0.2,RND,2,1000,0.9,412,48,0.003557,120,0,0.0
ID-SF,100,2,0.1,0.2,QMK,2,1000,0.9,315,48,0.1366027,120,0,0.0
ID-SF,100,2,0.1,0.2,CHIM_0.01,2,1000,0.9,367,48,0.351013,120,0,0.0
ID-SF,100,2,0.1,0.2,CHI_0.01,2,1000,0.9,344,50,0.3510117,120,2,0.0
ID-SF,100,2,0.1,0.2,GO,2,1000,0.9,381,53,0.0017947,120,0,0.0
ID-SF,100,2,0.1,0.2,GP,2,1000,0.9,370,58,0.0009071,120,0,0.0
ID-SF,100,2,0.1,0.2,GS,2,1000,0.9,367,47,0.0004532,120,0,0.0
ID-SF,100,2,0.1,0.2,BS,2,1000,0.9,365,46,0.0003456,120,0,0.0
ID-SF,100,2,0.1,0.2,RND,2,1000,0.9,407,48,0.0034947,120,0,0.0
ID-SF,100,2,0.2,0.2,QMK,2,1000,0.9,288,46,0.1562089,120,0,0.0
ID-SF,100,2,0.2,0.2,CHIM_0.01,2,1000,0.9,326,46,0.3472827,120,0,0.0
ID-SF,100,2,0.2,0.2,CHI_0.01,2,1000,0.9,298,50,0.352065,120,4,0.0
ID-SF,100,2,0.2,0.2,GO,2,1000,0.9,350,46,0.0017916,120,0,0.0
ID-SF,100,2,0.2,0.2,GP,2,1000,0.9,358,52,0.0008822,120,0,0.0
ID-SF,100,2,0.2,0.2,GS,2,1000,0.9,314,48,0.0004898,120,0,0.0
ID-SF,100,2,0.2,0.2,BS,2,1000,0.9,321,45,0.000348,120,0,0.0
ID-SF,100,2,0.2,0.2,RND,2,1000,0.9,380,45,0.0034632,120,0,0.0
ID-SF,100,3,0.0,0.2,QMK,2,1000,0.9,557,80,0.2164037,120,0,0.0
ID-SF,100,3,0.0,0.2,CHIM_0.01,2,1000,0.9,672,80,0.3481959,120,0,0.0
ID-SF,100,3,0.0,0.2,CHI_0.01,2,1000,0.9,614,77,0.35972,120,3,0.0
ID-SF,100,3,0.0,0.2,GO,2,1000,0.9,634,79,0.0019205,120,0,0.0
ID-SF,100,3,0.0,0.2,GP,2,1000,0.9,649,77,0.0009595,120,0,0.0
ID-SF,100,3,0.0,0.2,GS,2,1000,0.9,640,79,0.0005079,120,0,0.0
ID-SF,100,3,0.0,0.2,BS,2,1000,0.9,682,82,0.0004559,120,0,0.0
ID-SF,100,3,0.0,0.2,RND,2,1000,0.9,689,81,0.0069119,120,0,0.0
ID-SF,100,3,0.07,0.2,QMK,2,1000,0.9,555,82,0.3808133,120,0,0.0
ID-SF,100,3,0.07,0.2,CHIM_0.01,2,1000,0.9,650,83,0.3530541,120,0,0.0
ID-SF,100,3,0.07,0.2,CHI_0.01,2,1000,0.9,583,76,0.3541399,120,4,0.0
ID-SF,100,3,0.07,0.2,GO,2,1000,0.9,619,69,0.0017765,120,0,0.0
ID-SF,100,3,0.07,0.2,GP,2,1000,0.9,629,75,0.0009821,120,0,0.0
ID-SF,100,3,0.07,0.2,GS,2,1000,0.9,618,78,0.00052,120,0,0.0
ID-SF,100,3,0.07,0.2,BS,2,1000,0.9,667,87,0.0004301,120,0,0.0
ID-SF,100,3,0.07,0.2,RND,2,1000,0.9,686,81,0.0066719,120,0,0.0
ID-SF,100,3,0.13,0.2,QMK,2,1000,0.9,557,73,0.2782565,120,0,0.0
ID-SF,100,3,0.13,0.2,CHIM_0.01,2,1000,0.9,578,67,0.3484704,120,0,0.0
ID-SF,100,3,0.13,0.2,CHI_0.01,2,1000,0.9,558,74,0.3484909,120,2,0.0
ID-SF,100,3,0.13,0.2,GO,2,1000,0.9,607,65,0.0018302,120,0,0.0
ID-SF,100,3,0.13,0.2,GP,2,1000,0.9,599,77,0.0009575,120,0,0.0
ID-SF,100,3,0.13,0.2,GS,2,1000,0.9,592,75,0.0006208,120,0,0.0
ID-SF,100,3,0.13,0.2,BS,2,1000,0.9,644,84,0.0004262,120,0,0.0
ID-SF,100,3,0.13,0.2,RND,2,1000,0.9,678,80,0.0067727,120,0,0.0
ID-SF,100,4,0.0,0.2,QMK,2,1000,0.9,716,97,0.3032649,120,0,0.0
ID-SF,100,4,0.0,0.2,CHIM_0.01,2,1000,0.9,823,110,0.350961,120,0,0.0
ID-SF,100,4,0.0,0.2,CHI_0.01,2,1000,0.9,716,96,0.354719,120,4,0.0
ID-SF,100,4,0.0,0.2,GO,2,1000,0.9,829,97,0.0017662,120,0,0.0
ID-SF,100,4,0.0,0.2,GP,2,1000,0.9,783,97,0.0010132,120,0,0.0
ID-SF,100,4,0.0,0.2,GS,2,1000,0.9,853,107,0.0007281,120,0,0.0
ID-SF,100,4,0.0,0.2,BS,2,1000,0.9,885,105,0.0004626,120,0,0.0
ID-SF,100,4,0.0,0.2,RND,2,1000,0.9,873,103,0.0164183,120,0,0.0
ID-SF,100,4,0.05,0.2,QMK,2,1000,0.9,715,99,0.3038502,120,0,0.0
ID-SF,100,4,0.05,0.2,CHIM_0.01,2,1000,0.9,809,103,0.3478293,120,0,0.0
ID-SF,100,4,0.05,0.2,CHI_0.01,2,1000,0.9,702,104,0.3558506,120,7,0.0
ID-SF,100,4,0.05,0.2,GO,2,1000,0.9,805,101,0.001841,120,0,0.0
ID-SF,100,4,0.05,0.2,GP,2,1000,0.9,787,101,0.0009882,120,0,0.0
ID-SF,100,4,0.05,0.2,GS,2,1000,0.9,821,104,0.0007227,120,0,0.0
ID-SF,100,4,0.05,0.2,BS,2,1000,0.9,861,103,0.0004857,120,0,0.0
ID-SF,100,4,0.05,0.2,RND,2,1000,0.9,872,102,0.0165541,120,0,0.0
ID-SF,100,4,0.1,0.2,QMK,2,1000,0.9,722,106,3.028082,120,0,0.0
ID-SF,100,4,0.1,0.2,CHIM_0.01,2,1000,0.9,780,98,0.3513955,120,0,0.0
ID-SF,100,4,0.1,0.2,CHI_0.01,2,1000,0.9,706,105,0.3543878,120,4,0.0
ID-SF,100,4,0.1,0.2,GO,2,1000,0.9,768,95,0.0017809,120,0,0.0
ID-SF,100,4,0.1,0.2,GP,2,1000,0.9,774,96,0.000942,120,0,0.0
ID-SF,100,4,0.1,0.2,GS,2,1000,0.9,810,102,0.0006997,120,0,0.0
ID-SF,100,4,0.1,0.2,BS,2,1000,0.9,836,109,0.0005387,120,0,0.0
ID-SF,100,4,0.1,0.2,RND,2,1000,0.9,865,102,0.016924,120,0,0.0
ID-SF,100,2,0.0,0.0,QMK,3,1000,0.9,441,64,0.1758934,100,0,0.0
ID-SF,100,2,0.0,0.0,CHIM_0.01,3,1000,0.9,500,55,0.3496329,100,0,0.0
ID-SF,100,2,0.0,0.0,CHI_0.01,3,1000,0.9,471,55,0.3467695,100,4,0.0
ID-SF,100,2,0.0,0.0,KL,3,1000,0.9,467,57,1.5462638,100,100,0.0
ID-SF,100,2,0.0,0.0,KLQ,3,1000,0.9,441,64,0.1803324,100,0,0.0
ID-SF,100,2,0.0,0.0,GO,3,1000,0.9,497,56,0.0016125,100,0,0.0
ID-SF,100,2,0.0,0.0,GP,3,1000,0.9,502,57,0.0008292,100,0,0.0
ID-SF,100,2,0.0,0.0,GS,3,1000,0.9,498,61,0.0003909,100,0,0.0
ID-SF,100,2,0.0,0.0,BS,3,1000,0.9,498,61,0.0004341,100,0,0.0
ID-SF,100,2,0.0,0.0,RND,3,1000,0.9,509,60,0.0011441,100,0,0.0
ID-SF,100,2,0.1,0.0,QMK,3,1000,0.9,437,57,0.1157626,100,0,0.0
ID-SF,100,2,0.1,0.0,CHIM_0.01,3,1000,0.9,482,54,0.3499961,100,0,0.0
ID-SF,100,2,0.1,0.0,CHI_0.01,3,1000,0.9,451,55,0.3484728,100,5,0.0
ID-SF,100,2,0.1,0.0,KL,3,1000,0.9,465,62,1.5369455,100,100,0.0
ID-SF,100,2,0.1,0.0,KLQ,3,1000,0.9,437,57,0.1136896,100,0,0.0
ID-SF,100,2,0.1,0.0,GO,3,1000,0.9,497,55,0.0016231,100,0,0.0
ID-SF,100,2,0.1,0.0,GP,3,1000,0.9,489,57,0.0008638,100,0,0.0
ID-SF,100,2,0.1,0.0,GS,3,1000,0.9,483,57,0.0003915,100,0,0.0
ID-SF,100,2,0.1,0.0,BS,3,1000,0.9,483,57,0.0003763,100,0,0.0
ID-SF,100,2,0.1,0.0,RND,3,1000,0.9,503,60,0.0012846,100,0,0.0
ID-SF,100,2,0.2,0.0,QMK,3,1000,0.9,418,59,0.1103123,100,0,0.0
ID-SF,100,2,0.2,0.0,CHIM_0.01,3,1000,0.9,470,54,0.3479738,100,0,0.0
ID-SF,100,2,0.2,0.0,CHI_0.01,3,1000,0.9,439,56,0.348979,100,4,0.0
ID-SF,100,2,0.2,0.0,KL,3,1000,0.9,457,62,1.5637685,100,100,0.0
ID-SF,100,2,0.2,0.0,KLQ,3,1000,0.9,418,59,0.1082143,100,0,0.0
ID-SF,100,2,0.2,0.0,GO,3,1000,0.9,484,52,0.0016226,100,0,0.0
ID-SF,100,2,0.2,0.0,GP,3,1000,0.9,472,60,0.0008594,100,0,0.0
ID-SF,100,2,0.2,0.0,GS,3,1000,0.9,449,56,0.0003963,100,0,0.0
ID-SF,100,2,0.2,0.0,BS,3,1000,0.9,449,56,0.000397,100,0,0.0
ID-SF,100,2,0.2,0.0,RND,3,1000,0.9,490,58,0.00137,100,0,0.0
ID-SF,100,3,0.01,0.0,QMK,3,1000,0.9,689,97,0.1323657,100,0,0.0
ID-SF,100,3,0.01,0.0,CHIM_0.01,3,1000,0.9,782,90,0.3474217,100,0,0.0
ID-SF,100,3,0.01,0.0,CHI_0.01,3,1000,0.9,694,91,0.3506464,100,3,0.0
ID-SF,100,3,0.01,0.0,KL,3,1000,0.9,737,97,1.5865285,100,100,0.0
ID-SF,100,3,0.01,0.0,KLQ,3,1000,0.9,689,97,0.1315156,100,0,0.0
ID-SF,100,3,0.01,0.0,GO,3,1000,0.9,789,93,0.0016276,100,0,0.0
ID-SF,100,3,0.01,0.0,GP,3,1000,0.9,788,98,0.0008603,100,0,0.0
ID-SF,100,3,0.01,0.0,GS,3,1000,0.9,786,102,0.0005681,100,0,0.0
ID-SF,100,3,0.01,0.0,BS,3,1000,0.9,786,102,0.0005777,100,0,0.0
ID-SF,100,3,0.01,0.0,RND,3,1000,0.9,803,95,0.0011507,100,0,0.0
ID-SF,100,3,0.08,0.0,QMK,3,1000,0.9,676,91,0.2290959,100,0,0.0
ID-SF,100,3,0.08,0.0,CHIM_0.01,3,1000,0.9,764,89,0.3482065,100,0,0.0
ID-SF,100,3,0.08,0.0,CHI_0.01,3,1000,0.9,685,93,0.3502683,100,4,0.0
ID-SF,100,3,0.08,0.0,KL,3,1000,0.9,744,88,1.5801895,100,100,0.0
ID-SF,100,3,0.08,0.0,KLQ,3,1000,0.9,676,91,0.2261577,100,0,0.0
ID-SF,100,3,0.08,0.0,GO,3,1000,0.9,776,93,0.0016142,100,0,0.0
ID-SF,100,3,0.08,0.0,GP,3,1000,0.9,793,96,0.0008608,100,0,0.0
ID-SF,100,3,0.08,0.0,GS,3,1000,0.9,764,98,0.000563,100,0,0.0
ID-SF,100,3,0.08,0.0,BS,3,1000,0.9,764,98,0.0005408,100,0,0.0
ID-SF,100,3,0.08,0.0,RND,3,1000,0.9,800,94,0.0010803,100,0,0.0
ID-SF,100,3,0.13,0.0,QMK,3,1000,0.9,657,88,0.2065626,100,0,0.0
ID-SF,100,3,0.13,0.0,CHIM_0.01,3,1000,0.9,738,87,0.349366,100,0,0.0
ID-SF,100,3,0.13,0.0,CHI_0.01,3,1000,0.9,662,94,0.3496436,100,4,0.0
ID-SF,100,3,0.13,0.0,KL,3,1000,0.9,710,96,1.5405617,100,100,0.0
ID-SF,100,3,0.13,0.0,KLQ,3,1000,0.9,657,88,0.2126402,100,0,0.0
ID-SF,100,3,0.13,0.0,GO,3,1000,0.9,762,92,0.0017154,100,0,0.0
ID-SF,100,3,0.13,0.0,GP,3,1000,0.9,785,95,0.0008632,100,0,0.0
ID-SF,100,3,0.13,0.0,GS,3,1000,0.9,759,97,0.000494,100,0,0.0
ID-SF,100,3,0.13,0.0,BS,3,1000,0.9,759,97,0.0005482,100,0,0.0
ID-SF,100,3,0.13,0.0,RND,3,1000,0.9,794,94,0.0011671,100,0,0.0
ID-SF,100,4,0.0,0.0,QMK,3,1000,0.9,835,119,3.1926134,100,0,0.0
ID-SF,100,4,0.0,0.0,CHIM_0.01,3,1000,0.9,969,114,0.3511104,100,0,0.0
ID-SF,100,4,0.0,0.0,CHI_0.01,3,1000,0.9,828,120,0.3509389,100,4,0.0
ID-SF,100,4,0.0,0.0,KL,3,1000,0.9,918,109,1.5224497,100,100,0.0
ID-SF,100,4,0.0,0.0,KLQ,3,1000,0.9,835,119,3.1296665,100,0,0.0
ID-SF,100,4,0.0,0.0,GO,3,1000,0.9,946,112,0.0016464,100,0,0.0
ID-SF,100,4,0.0,0.0,GP,3,1000,0.9,992,113,0.0008919,100,0,0.0
ID-SF,100,4,0.0,0.0,GS,3,1000,0.9,992,116,0.0006349,100,0,0.0
ID-SF,100,4,0.0,0.0,BS,3,1000,0.9,992,116,0.0006093,100,0,0.0
ID-SF,100,4,0.0,0.0,RND,3,1000,0.9,993,117,0.0011922,100,0,0.0
ID-SF,100,4,0.06,0.0,QMK,3,1000,0.9,833,120,0.3696096,100,0,0.0
ID-SF,100,4,0.06,0.0,CHIM_0.01,3,1000,0.9,969,117,0.349143,100,0,0.0
ID-SF,100,4,0.06,0.0,CHI_0.01,3,1000,0.9,828,118,0.3503142,100,6,0.0
ID-SF,100,4,0.06,0.0,KL,3,1000,0.9,950,122,1.4986847,100,100,0.0
ID-SF,100,4,0.06,0.0,KLQ,3,1000,0.9,833,120,0.3731091,100,0,0.0
ID-SF,100,4,0.06,0.0,GO,3,1000,0.9,963,116,0.0017085,100,0,0.0
ID-SF,100,4,0.06,0.0,GP,3,1000,0.9,979,111,0.0009709,100,0,0.0
ID-SF,100,4,0.06,0.0,GS,3,1000,0.9,993,112,0.0006676,100,0,0.0
ID-SF,100,4,0.06,0.0,BS,3,1000,0.9,993,112,0.0005932,100,0,0.0
ID-SF,100,4,0.06,0.0,RND,3,1000,0.9,994,116,0.0011913,100,0,0.0
ID-SF,100,4,0.11,0.0,QMK,3,1000,0.9,813,125,0.4519432,100,0,0.0
ID-SF,100,4,0.11,0.0,CHIM_0.01,3,1000,0.9,951,118,0.3492527,100,0,0.0
ID-SF,100,4,0.11,0.0,CHI_0.01,3,1000,0.9,805,114,0.3501928,100,4,0.0
ID-SF,100,4,0.11,0.0,KL,3,1000,0.9,921,113,1.4989048,100,100,0.0
ID-SF,100,4,0.11,0.0,KLQ,3,1000,0.9,813,125,0.4709631,100,0,0.0
ID-SF,100,4,0.11,0.0,GO,3,1000,0.9,957,116,0.001686,100,0,0.0
ID-SF,100,4,0.11,0.0,GP,3,1000,0.9,952,111,0.0009566,100,0,0.0
ID-SF,100,4,0.11,0.0,GS,3,1000,0.9,981,120,0.0006349,100,0,0.0
ID-SF,100,4,0.11,0.0,BS,3,1000,0.9,981,120,0.0007202,100,0,0.0
ID-SF,100,4,0.11,0.0,RND,3,1000,0.9,984,116,0.001176,100,0,0.0
ID-SF,100,2,0.0,0.2,QMK,3,1000,0.9,323,52,0.1104917,120,0,0.0
ID-SF,100,2,0.0,0.2,CHIM_0.01,3,1000,0.9,392,50,0.3486642,120,0,0.0
ID-SF,100,2,0.0,0.2,CHI_0.01,3,1000,0.9,335,51,0.3535832,120,8,0.0
ID-SF,100,2,0.0,0.2,GO,3,1000,0.9,381,51,0.0018238,120,0,0.0
ID-SF,100,2,0.0,0.2,GP,3,1000,0.9,385,59,0.000872,120,0,0.0
ID-SF,100,2,0.0,0.2,GS,3,1000,0.9,392,46,0.000433,120,0,0.0
ID-SF,100,2,0.0,0.2,BS,3,1000,0.9,381,41,0.0003941,120,0,0.0
ID-SF,100,2,0.0,0.2,RND,3,1000,0.9,416,48,0.0034944,120,0,0.0
ID-SF,100,2,0.1,0.2,QMK,3,1000,0.9,315,48,0.1260012,120,0,0.0
ID-SF,100,2,0.1,0.2,CHIM_0.01,3,1000,0.9,367,48,0.3478232,120,0,0.0
ID-SF,100,2,0.1,0.2,CHI_0.01,3,1000,0.9,344,50,0.3490193,120,2,0.0
ID-SF,100,2,0.1,0.2,GO,3,1000,0.9,381,53,0.0018023,120,0,0.0
ID-SF,100,2,0.1,0.2,GP,3,1000,0.9,370,58,0.0008438,120,0,0.0
ID-SF,100,2,0.1,0.2,GS,3,1000,0.9,367,47,0.0004433,120,0,0.0
ID-SF,100,2,0.1,0.2,BS,3,1000,0.9,365,46,0.0003423,120,0,0.0
ID-SF,100,2,0.1,0.2,RND,3,1000,0.9,406,48,0.0033589,120,0,0.0
ID-SF,100,2,0.2,0.2,QMK,3,1000,0.9,288,46,0.1616663,120,0,0.0
ID-SF,100,2,0.2,0.2,CHIM_0.01,3,1000,0.9,326,46,0.3514473,120,0,0.0
ID-SF,100,2,0.2,0.2,CHI_0.01,3,1000,0.9,298,50,0.3491873,120,4,0.0
ID-SF,100,2,0.2,0.2,GO,3,1000,0.9,350,46,0.0017964,120,0,0.0
ID-SF,100,2,0.2,0.2,GP,3,1000,0.9,358,52,0.0009061,120,0,0.0
ID-SF,100,2,0.2,0.2,GS,3,1000,0.9,314,48,0.0004334,120,0,0.0
ID-SF,100,2,0.2,0.2,BS,3,1000,0.9,321,45,0.000353,120,0,0.0
ID-SF,100,2,0.2,0.2,RND,3,1000,0.9,381,45,0.003451,120,0,0.0
ID-SF,100,3,0.0,0.2,QMK,3,1000,0.9,557,80,0.202875,120,0,0.0
ID-SF,100,3,0.0,0.2,CHIM_0.01,3,1000,0.9,672,80,0.3488688,120,0,0.0
ID-SF,100,3,0.0,0.2,CHI_0.01,3,1000,0.9,614,77,0.3484486,120,3,0.0
ID-SF,100,3,0.0,0.2,GO,3,1000,0.9,634,79,0.0017461,120,0,0.0
ID-SF,100,3,0.0,0.2,GP,3,1000,0.9,649,77,0.0009748,120,0,0.0
ID-SF,100,3,0.0,0.2,GS,3,1000,0.9,640,79,0.0006152,120,0,0.0
ID-SF,100,3,0.0,0.2,BS,3,1000,0.9,682,82,0.0004313,120,0,0.0
ID-SF,100,3,0.0,0.2,RND,3,1000,0.9,692,81,0.006651,120,0,0.0
ID-SF,100,3,0.07,0.2,QMK,3,1000,0.9,555,82,0.360578,120,0,0.0
ID-SF,100,3,0.07,0.2,CHIM_0.01,3,1000,0.9,650,83,0.3476019,120,0,0.0
ID-SF,100,3,0.07,0.2,CHI_0.01,3,1000,0.9,583,76,0.3478698,120,4,0.0
ID-SF,100,3,0.07,0.2,GO,3,1000,0.9,619,69,0.0017708,120,0,0.0
ID-SF,100,3,0.07,0.2,GP,3,1000,0.9,629,75,0.0009754,120,0,0.0
ID-SF,100,3,0.07,0.2,GS,3,1000,0.9,618,78,0.0006125,120,0,0.0
ID-SF,100,3,0.07,0.2,BS,3,1000,0.9,667,87,0.0004685,120,0,0.0
ID-SF,100,3,0.07,0.2,RND,3,1000,0.9,686,81,0.0066688,120,0,0.0
ID-SF,100,3,0.13,0.2,QMK,3,1000,0.9,557,73,0.2826854,120,0,0.0
ID-SF,100,3,0.13,0.2,CHIM_0.01,3,1000,0.9,578,67,0.3494811,120,0,0.0
ID-SF,100,3,0.13,0.2,CHI_0.01,3,1000,0.9,558,74,0.3502173,120,2,0.0
ID-SF,100,3,0.13,0.2,GO,3,1000,0.9,607,65,0.0017952,120,0,0.0
ID-SF,100,3,0.13,0.2,GP,3,1000,0.9,599,77,0.000876,120,0,0.0
ID-SF,100,3,0.13,0.2,GS,3,1000,0.9,592,75,0.0005752,120,0,0.0
ID-SF,100,3,0.13,0.2,BS,3,1000,0.9,644,84,0.0004117,120,0,0.0
ID-SF,100,3,0.13,0.2,RND,3,1000,0.9,678,80,0.00666,120,0,0.0
ID-SF,100,4,0.0,0.2,QMK,3,1000,0.9,716,97,0.3088321,120,0,0.0
ID-SF,100,4,0.0,0.2,CHIM_0.01,3,1000,0.9,823,110,0.3495052,120,0,0.0
ID-SF,100,4,0.0,0.2,CHI_0.01,3,1000,0.9,716,96,0.3527326,120,4,0.0
ID-SF,100,4,0.0,0.2,GO,3,1000,0.9,829,97,0.0018072,120,0,0.0
ID-SF,100,4,0.0,0.2,GP,3,1000,0.9,783,97,0.0009673,120,0,0.0
ID-SF,100,4,0.0,0.2,GS,3,1000,0.9,853,107,0.0006764,120,0,0.0
ID-SF,100,4,0.0,0.2,BS,3,1000,0.9,885,105,0.0004546,120,0,0.0
ID-SF,100,4,0.0,0.2,RND,3,1000,0.9,875,102,0.0172121,120,0,0.0
ID-SF,100,4,0.05,0.2,QMK,3,1000,0.9,715,99,0.3084141,120,0,0.0
ID-SF,100,4,0.05,0.2,CHIM_0.01,3,1000,0.9,809,103,0.3492151,120,0,0.0
ID-SF,100,4,0.05,0.2,CHI_0.01,3,1000,0.9,702,104,0.3559329,120,7,0.0
ID-SF,100,4,0.05,0.2,GO,3,1000,0.9,805,101,0.0018469,120,0,0.0
ID-SF,100,4,0.05,0.2,GP,3,1000,0.9,787,101,0.0009915,120,0,0.0
ID-SF,100,4,0.05,0.2,GS,3,1000,0.9,821,104,0.0007292,120,0,0.0
ID-SF,100,4,0.05,0.2,BS,3,1000,0.9,861,103,0.0005676,120,0,0.0
ID-SF,100,4,0.05,0.2,RND,3,1000,0.9,870,102,0.0164663,120,0,0.0
ID-SF,100,4,0.1,0.2,QMK,3,1000,0.9,722,106,2.9974396,120,0,0.0
ID-SF,100,4,0.1,0.2,CHIM_0.01,3,1000,0.9,780,98,0.3488409,120,0,0.0
ID-SF,100,4,0.1,0.2,CHI_0.01,3,1000,0.9,706,105,0.3523184,120,4,0.0
ID-SF,100,4,0.1,0.2,GO,3,1000,0.9,768,95,0.001848,120,0,0.0
ID-SF,100,4,0.1,0.2,GP,3,1000,0.9,774,96,0.0009852,120,0,0.0
ID-SF,100,4,0.1,0.2,GS,3,1000,0.9,810,102,0.0006844,120,0,0.0
ID-SF,100,4,0.1,0.2,BS,3,1000,0.9,836,109,0.0004828,120,0,0.0
ID-SF,100,4,0.1,0.2,RND,3,1000,0.9,863,100,0.0157997,120,0,0.0
ID-SF,100,2,0.0,0.0,QMK,4,1000,0.9,441,64,0.1736905,100,0,0.0
ID-SF,100,2,0.0,0.0,CHIM_0.01,4,1000,0.9,500,55,0.3514823,100,0,0.0
ID-SF,100,2,0.0,0.0,CHI_0.01,4,1000,0.9,471,55,0.3507606,100,4,0.0
ID-SF,100,2,0.0,0.0,KL,4,1000,0.9,470,61,1.6188318,100,100,0.0
ID-SF,100,2,0.0,0.0,KLQ,4,1000,0.9,441,64,0.1800239,100,0,0.0
ID-SF,100,2,0.0,0.0,GO,4,1000,0.9,497,56,0.0015915,100,0,0.0
ID-SF,100,2,0.0,0.0,GP,4,1000,0.9,502,57,0.0009558,100,0,0.0
ID-SF,100,2,0.0,0.0,GS,4,1000,0.9,498,61,0.0004622,100,0,0.0
ID-SF,100,2,0.0,0.0,BS,4,1000,0.9,498,61,0.0004696,100,0,0.0
ID-SF,100,2,0.0,0.0,RND,4,1000,0.9,506,60,0.0012604,100,0,0.0
ID-SF,100,2,0.1,0.0,QMK,4,1000,0.9,437,57,0.112456,100,0,0.0
ID-SF,100,2,0.1,0.0,CHIM_0.01,4,1000,0.9,482,54,0.3410633,100,0,0.0
ID-SF,100,2,0.1,0.0,CHI_0.01,4,1000,0.9,451,55,0.3387265,100,5,0.0
ID-SF,100,2,0.1,0.0,KL,4,1000,0.9,459,61,1.5292511,100,100,0.0
ID-SF,100,2,0.1,0.0,KLQ,4,1000,0.9,437,57,0.1112156,100,0,0.0
ID-SF,100,2,0.1,0.0,GO,4,1000,0.9,497,55,0.0016428,100,0,0.0
ID-SF,100,2,0.1,0.0,GP,4,1000,0.9,489,57,0.0007873,100,0,0.0
ID-SF,100,2,0.1,0.0,GS,4,1000,0.9,483,57,0.000465,100,0,0.0
ID-SF,100,2,0.1,0.0,BS,4,1000,0.9,483,57,0.0003909,100,0,0.0
ID-SF,100,2,0.1,0.0,RND,4,1000,0.9,503,59,0.0012963,100,0,0.0
ID-SF,100,2,0.2,0.0,QMK,4,1000,0.9,418,59,0.108572,100,0,0.0
ID-SF,100,2,0.2,0.0,CHIM_0.01,4,1000,0.9,470,54,0.3409372,100,0,0.0
ID-SF,100,2,0.2,0.0,CHI_0.01,4,1000,0.9,439,56,0.3430368,100,4,0.0
ID-SF,100,2,0.2,0.0,KL,4,1000,0.9,434,56,1.4996667,100,100,0.0
ID-SF,100,2,0.2,0.0,KLQ,4,1000,0.9,418,59,0.1161205,100,0,0.0
ID-SF,100,2,0.2,0.0,GO,4,1000,0.9,484,52,0.0016387,100,0,0.0
ID-SF,100,2,0.2,0.0,GP,4,1000,0.9,472,60,0.0008448,100,0,0.0
ID-SF,100,2,0.2,0.0,GS,4,1000,0.9,449,56,0.000489,100,0,0.0
ID-SF,100,2,0.2,0.0,BS,4,1000,0.9,449,56,0.0003984,100,0,0.0
ID-SF,100,2,0.2,0.0,RND,4,1000,0.9,492,58,0.0012376,100,0,0.0
ID-SF,100,3,0.01,0.0,QMK,4,1000,0.9,689,97,0.1287181,100,0,0.0
ID-SF,100,3,0.01,0.0,CHIM_0.01,4,1000,0.9,782,90,0.3410405,100,0,0.0
ID-SF,100,3,0.01,0.0,CHI_0.01,4,1000,0.9,694,91,0.3409198,100,3,0.0
ID-SF,100,3,0.01,0.0,KL,4,1000,0.9,739,91,1.5316671,100,100,0.0
ID-SF,100,3,0.01,0.0,KLQ,4,1000,0.9,689,97,0.1375225,100,0,0.0
ID-SF,100,3,0.01,0.0,GO,4,1000,0.9,789,93,0.0016853,100,0,0.0
ID-SF,100,3,0.01,0.0,GP,4,1000,0.9,788,98,0.0008948,100,0,0.0
ID-SF,100,3,0.01,0.0,GS,4,1000,0.9,786,102,0.0004942,100,0,0.0
ID-SF,100,3,0.01,0.0,BS,4,1000,0.9,786,102,0.0005509,100,0,0.0
ID-SF,100,3,0.01,0.0,RND,4,1000,0.9,803,95,0.0011515,100,0,0.0
ID-SF,100,3,0.08,0.0,QMK,4,1000,0.9,676,91,0.2231861,100,0,0.0
ID-SF,100,3,0.08,0.0,CHIM_0.01,4,1000,0.9,764,89,0.3410588,100,0,0.0
ID-SF,100,3,0.08,0.0,CHI_0.01,4,1000,0.9,685,93,0.3434413,100,4,0.0
ID-SF,100,3,0.08,0.0,KL,4,1000,0.9,731,93,1.5614811,100,100,0.0
ID-SF,100,3,0.08,0.0,KLQ,4,1000,0.9,676,91,0.2282434,100,0,0.0
ID-SF,100,3,0.08,0.0,GO,4,1000,0.9,776,93,0.0016549,100,0,0.0
ID-SF,100,3,0.08,0.0,GP,4,1000,0.9,793,96,0.0008985,100,0,0.0
ID-SF,100,3,0.08,0.0,GS,4,1000,0.9,764,98,0.0004663,100,0,0.0
ID-SF,100,3,0.08,0.0,BS,4,1000,0.9,764,98,0.0005752,100,0,0.0
ID-SF,100,3,0.08,0.0,RND,4,1000,0.9,797,94,0.0012138,100,0,0.0
ID-SF,100,3,0.13,0.0,QMK,4,1000,0.9,657,88,0.2048579,100,0,0.0
ID-SF,100,3,0.13,0.0,CHIM_0.01,4,1000,0.9,738,87,0.3548814,100,0,0.0
ID-SF,100,3,0.13,0.0,CHI_0.01,4,1000,0.9,662,94,0.3674962,100,4,0.0
ID-SF,100,3,0.13,0.0,KL,4,1000,0.9,756,90,1.5522473,100,100,0.0
ID-SF,100,3,0.13,0.0,KLQ,4,1000,0.9,657,88,0.2087778,100,0,0.0
ID-SF,100,3,0.13,0.0,GO,4,1000,0.9,762,92,0.0017006,100,0,0.0
ID-SF,100,3,0.13,0.0,GP,4,1000,0.9,785,95,0.0008917,100,0,0.0
ID-SF,100,3,0.13,0.0,GS,4,1000,0.9,759,97,0.0004859,100,0,0.0
ID-SF,100,3,0.13,0.0,BS,4,1000,0.9,759,97,0.0005706,100,0,0.0
ID-SF,100,3,0.13,0.0,RND,4,1000,0.9,792,93,0.0011446,100,0,0.0
ID-SF,100,4,0.0,0.0,QMK,4,1000,0.9,835,119,3.2061764,100,0,0.0
ID-SF,100,4,0.0,0.0,CHIM_0.01,4,1000,0.9,969,114,0.3413972,100,0,0.0
ID-SF,100,4,0.0,0.0,CHI_0.01,4,1000,0.9,828,120,0.3426677,100,4,0.0
ID-SF,100,4,0.0,0.0,KL,4,1000,0.9,918,127,1.505313,100,100,0.0
ID-SF,100,4,0.0,0.0,KLQ,4,1000,0.9,835,119,3.2399237,100,0,0.0
ID-SF,100,4,0.0,0.0,GO,4,1000,0.9,946,112,0.0017264,100,0,0.0
ID-SF,100,4,0.0,0.0,GP,4,1000,0.9,992,113,0.0008806,100,0,0.0
ID-SF,100,4,0.0,0.0,GS,4,1000,0.9,992,116,0.0005924,100,0,0.0
ID-SF,100,4,0.0,0.0,BS,4,1000,0.9,992,116,0.0005518,100,0,0.0
ID-SF,100,4,0.0,0.0,RND,4,1000,0.9,997,117,0.0009717,100,0,0.0
ID-SF,100,4,0.06,0.0,QMK,4,1000,0.9,833,120,0.3789891,100,0,0.0
ID-SF,100,4,0.06,0.0,CHIM_0.01,4,1000,0.9,969,117,0.3416572,100,0,0.0
ID-SF,100,4,0.06,0.0,CHI_0.01,4,1000,0.9,828,118,0.3427525,100,6,0.0
ID-SF,100,4,0.06,0.0,KL,4,1000,0.9,940,114,1.4969914,100,100,0.0
ID-SF,100,4,0.06,0.0,KLQ,4,1000,0.9,833,120,0.3732038,100,0,0.0
ID-SF,100,4,0.06,0.0,GO,4,1000,0.9,963,116,0.0016494,100,0,0.0
ID-SF,100,4,0.06,0.0,GP,4,1000,0.9,979,111,0.0009295,100,0,0.0
ID-SF,100,4,0.06,0.0,GS,4,1000,0.9,993,112,0.0006156,100,0,0.0
ID-SF,100,4,0.06,0.0,BS,4,1000,0.9,993,112,0.0007068,100,0,0.0
ID-SF,100,4,0.06,0.0,RND,4,1000,0.9,992,116,0.0011613,100,0,0.0
ID-SF,100,4,0.11,0.0,QMK,4,1000,0.9,813,125,0.4690995,100,0,0.0
ID-SF,100,4,0.11,0.0,CHIM_0.01,4,1000,0.9,951,118,0.3482443,100,0,0.0
ID-SF,100,4,0.11,0.0,CHI_0.01,4,1000,0.9,805,114,0.3571164,100,4,0.0
ID-SF,100,4,0.11,0.0,KL,4,1000,0.9,902,113,1.4937682,100,100,0.0
ID-SF,100,4,0.11,0.0,KLQ,4,1000,0.9,813,125,0.452762,100,0,0.0
ID-SF,100,4,0.11,0.0,GO,4,1000,0.9,957,116,0.0016777,100,0,0.0
ID-SF,100,4,0.11,0.0,GP,4,1000,0.9,952,111,0.0009839,100,0,0.0
ID-SF,100,4,0.11,0.0,GS,4,1000,0.9,981,120,0.0006399,100,0,0.0
ID-SF,100,4,0.11,0.0,BS,4,1000,0.9,981,120,0.0005785,100,0,0.0
ID-SF,100,4,0.11,0.0,RND,4,1000,0.9,983,115,0.0011628,100,0,0.0
ID-SF,100,2,0.0,0.2,QMK,4,1000,0.9,323,52,0.109607,120,0,0.0
ID-SF,100,2,0.0,0.2,CHIM_0.01,4,1000,0.9,392,50,0.3476568,120,0,0.0
ID-SF,100,2,0.0,0.2,CHI_0.01,4,1000,0.9,335,51,0.3475277,120,8,0.0
ID-SF,100,2,0.0,0.2,GO,4,1000,0.9,381,51,0.0017353,120,0,0.0
ID-SF,100,2,0.0,0.2,GP,4,1000,0.9,385,59,0.0008674,120,0,0.0
ID-SF,100,2,0.0,0.2,GS,4,1000,0.9,392,46,0.0004567,120,0,0.0
ID-SF,100,2,0.0,0.2,BS,4,1000,0.9,381,41,0.0003469,120,0,0.0
ID-SF,100,2,0.0,0.2,RND,4,1000,0.9,415,49,0.0035424,120,0,0.0
ID-SF,100,2,0.1,0.2,QMK,4,1000,0.9,315,48,0.1297596,120,0,0.0
ID-SF,100,2,0.1,0.2,CHIM_0.01,4,1000,0.9,367,48,0.347083,120,0,0.0
ID-SF,100,2,0.1,0.2,CHI_0.01,4,1000,0.9,344,50,0.352993,120,2,0.0
ID-SF,100,2,0.1,0.2,GO,4,1000,0.9,381,53,0.0016805,120,0,0.0
ID-SF,100,2,0.1,0.2,GP,4,1000,0.9,370,58,0.0009044,120,0,0.0
ID-SF,100,2,0.1,0.2,GS,4,1000,0.9,367,47,0.0004322,120,0,0.0
ID-SF,100,2,0.1,0.2,BS,4,1000,0.9,365,46,0.0003835,120,0,0.0
ID-SF,100,2,0.1,0.2,RND,4,1000,0.9,407,48,0.0034929,120,0,0.0
ID-SF,100,2,0.2,0.2,QMK,4,1000,0.9,288,46,0.1598905,120,0,0.0
ID-SF,100,2,0.2,0.2,CHIM_0.01,4,1000,0.9,326,46,0.3484936,120,0,0.0
ID-SF,100,2,0.2,0.2,CHI_0.01,4,1000,0.9,298,50,0.3501519,120,4,0.0
ID-SF,100,2,0.2,0.2,GO,4,1000,0.9,350,46,0.0017564,120,0,0.0
ID-SF,100,2,0.2,0.2,GP,4,1000,0.9,358,52,0.0008508,120,0,0.0
ID-SF,100,2,0.2,0.2,GS,4,1000,0.9,314,48,0.0004862,120,0,0.0
ID-SF,100,2,0.2,0.2,BS,4,1000,0.9,321,45,0.000409,120,0,0.0
ID-SF,100,2,0.2,0.2,RND,4,1000,0.9,380,45,0.0032128,120,0,0.0
ID-SF,100,3,0.0,0.2,QMK,4,1000,0.9,557,80,0.2143384,120,0,0.0
ID-SF,100,3,0.0,0.2,CHIM_0.01,4,1000,0.9,672,80,0.3479085,120,0,0.0
ID-SF,100,3,0.0,0.2,CHI_0.01,4,1000,0.9,614,77,0.3528042,120,3,0.0
ID-SF,100,3,0.0,0.2,GO,4,1000,0.9,634,79,0.0017985,120,0,0.0
ID-SF,100,3,0.0,0.2,GP,4,1000,0.9,649,77,0.0009535,120,0,0.0
ID-SF,100,3,0.0,0.2,GS,4,1000,0.9,640,79,0.0006094,120,0,0.0
ID-SF,100,3,0.0,0.2,BS,4,1000,0.9,682,82,0.000474,120,0,0.0
ID-SF,100,3,0.0,0.2,RND,4,1000,0.9,687,82,0.0069495,120,0,0.0
ID-SF,100,3,0.07,0.2,QMK,4,1000,0.9,555,82,0.3614892,120,0,0.0
ID-SF,100,3,0.07,0.2,CHIM_0.01,4,1000,0.9,650,83,0.3512551,120,0,0.0
ID-SF,100,3,0.07,0.2,CHI_0.01,4,1000,0.9,583,76,0.3520574,120,4,0.0
ID-SF,100,3,0.07,0.2,GO,4,1000,0.9,619,69,0.0018106,120,0,0.0
ID-SF,100,3,0.07,0.2,GP,4,1000,0.9,629,75,0.0009626,120,0,0.0
ID-SF,100,3,0.07,0.2,GS,4,1000,0.9,618,78,0.0005337,120,0,0.0
ID-SF,100,3,0.07,0.2,BS,4,1000,0.9,667,87,0.0004443,120,0,0.0
ID-SF,100,3,0.07,0.2,RND,4,1000,0.9,689,81,0.0067485,120,0,0.0
ID-SF,100,3,0.13,0.2,QMK,4,1000,0.9,557,73,0.2814164,120,0,0.0
ID-SF,100,3,0.13,0.2,CHIM_0.01,4,1000,0.9,578,67,0.3486003,120,0,0.0
ID-SF,100,3,0.13,0.2,CHI_0.01,4,1000,0.9,558,74,0.3500344,120,2,0.0
ID-SF,100,3,0.13,0.2,GO,4,1000,0.9,607,65,0.0017707,120,0,0.0
ID-SF,100,3,0.13,0.2,GP,4,1000,0.9,599,77,0.0009852,120,0,0.0
ID-SF,100,3,0.13,0.2,GS,4,1000,0.9,592,75,0.0006099,120,0,0.0
ID-SF,100,3,0.13,0.2,BS,4,1000,0.9,644,84,0.0005013,120,0,0.0
ID-SF,100,3,0.13,0.2,RND,4,1000,0.9,678,79,0.0068967,120,0,0.0
ID-SF,100,4,0.0,0.2,QMK,4,1000,0.9,716,97,0.3115246,120,0,0.0
ID-SF,100,4,0.0,0.2,CHIM_0.01,4,1000,0.9,823,110,0.3486687,120,0,0.0
ID-SF,100,4,0.0,0.2,CHI_0.01,4,1000,0.9,716,96,0.3539393,120,4,0.0
ID-SF,100,4,0.0,0.2,GO,4,1000,0.9,829,97,0.0018264,120,0,0.0
ID-SF,100,4,0.0,0.2,GP,4,1000,0.9,783,97,0.0009123,120,0,0.0
ID-SF,100,4,0.0,0.2,GS,4,1000,0.9,853,107,0.0007151,120,0,0.0
ID-SF,100,4,0.0,0.2,BS,4,1000,0.9,885,105,0.0004825,120,0,0.0
ID-SF,100,4,0.0,0.2,RND,4,1000,0.9,873,101,0.0167591,120,0,0.0
ID-SF,100,4,0.05,0.2,QMK,4,1000,0.9,715,99,0.3105788,120,0,0.0
ID-SF,100,4,0.05,0.2,CHIM_0.01,4,1000,0.9,809,103,0.3485203,120,0,0.0
ID-SF,100,4,0.05,0.2,CHI_0.01,4,1000,0.9,702,104,0.3595176,120,7,0.0
ID-SF,100,4,0.05,0.2,GO,4,1000,0.9,805,101,0.0017914,120,0,0.0
ID-SF,100,4,0.05,0.2,GP,4,1000,0.9,787,101,0.0011185,120,0,0.0
ID-SF,100,4,0.05,0.2,GS,4,1000,0.9,821,104,0.0007324,120,0,0.0
ID-SF,100,4,0.05,0.2,BS,4,1000,0.9,861,103,0.0004919,120,0,0.0
ID-SF,100,4,0.05,0.2,RND,4,1000,0.9,873,101,0.0165617,120,0,0.0
ID-SF,100,4,0.1,0.2,QMK,4,1000,0.9,722,106,3.0104335,120,0,0.0
ID-SF,100,4,0.1,0.2,CHIM_0.01,4,1000,0.9,780,98,0.3500842,120,0,0.0
ID-SF,100,4,0.1,0.2,CHI_0.01,4,1000,0.9,706,105,0.3536902,120,4,0.0
ID-SF,100,4,0.1,0.2,GO,4,1000,0.9,768,95,0.0018055,120,0,0.0
ID-SF,100,4,0.1,0.2,GP,4,1000,0.9,774,96,0.0010321,120,0,0.0
ID-SF,100,4,0.1,0.2,GS,4,1000,0.9,810,102,0.0007027,120,0,0.0
ID-SF,100,4,0.1,0.2,BS,4,1000,0.9,836,109,0.0005873,120,0,0.0
ID-SF,100,4,0.1,0.2,RND,4,1000,0.9,864,101,0.0167887,120,0,0.0
ID-SF,100,2,0.0,0.0,QMK,5,1000,0.9,441,64,0.1789526,100,0,0.0
ID-SF,100,2,0.0,0.0,CHIM_0.01,5,1000,0.9,500,55,0.3495331,100,0,0.0
ID-SF,100,2,0.0,0.0,CHI_0.01,5,1000,0.9,471,55,0.3486071,100,4,0.0
ID-SF,100,2,0.0,0.0,KL,5,1000,0.9,480,58,1.5448229,100,100,0.0
ID-SF,100,2,0.0,0.0,KLQ,5,1000,0.9,441,64,0.1713375,100,0,0.0
ID-SF,100,2,0.0,0.0,GO,5,1000,0.9,497,56,0.0016392,100,0,0.0
ID-SF,100,2,0.0,0.0,GP,5,1000,0.9,502,57,0.0008104,100,0,0.0
ID-SF,100,2,0.0,0.0,GS,5,1000,0.9,498,61,0.0004498,100,0,0.0
ID-SF,100,2,0.0,0.0,BS,5,1000,0.9,498,61,0.0004381,100,0,0.0
ID-SF,100,2,0.0,0.0,RND,5,1000,0.9,507,60,0.001268,100,0,0.0
ID-SF,100,2,0.1,0.0,QMK,5,1000,0.9,437,57,0.1167465,100,0,0.0
ID-SF,100,2,0.1,0.0,CHIM_0.01,5,1000,0.9,482,54,0.348336,100,0,0.0
ID-SF,100,2,0.1,0.0,CHI_0.01,5,1000,0.9,451,55,0.3506851,100,5,0.0
ID-SF,100,2,0.1,0.0,KL,5,1000,0.9,470,59,1.5346015,100,100,0.0
ID-SF,100,2,0.1,0.0,KLQ,5,1000,0.9,437,57,0.1153952,100,0,0.0
ID-SF,100,2,0.1,0.0,GO,5,1000,0.9,497,55,0.0016096,100,0,0.0
ID-SF,100,2,0.1,0.0,GP,5,1000,0.9,489,57,0.000804,100,0,0.0
ID-SF,100,2,0.1,0.0,GS,5,1000,0.9,483,57,0.0004592,100,0,0.0
ID-SF,100,2,0.1,0.0,BS,5,1000,0.9,483,57,0.000445,100,0,0.0
ID-SF,100,2,0.1,0.0,RND,5,1000,0.9,502,59,0.0012049,100,0,0.0
ID-SF,100,2,0.2,0.0,QMK,5,1000,0.9,418,59,0.1120519,100,0,0.0
ID-SF,100,2,0.2,0.0,CHIM_0.01,5,1000,0.9,470,54,0.3460215,100,0,0.0
ID-SF,100,2,0.2,0.0,CHI_0.01,5,1000,0.9,439,56,0.3500214,100,4,0.0
ID-SF,100,2,0.2,0.0,KL,5,1000,0.9,456,54,1.5037593,100,100,0.0
ID-SF,100,2,0.2,0.0,KLQ,5,1000,0.9,418,59,0.1084029,100,0,0.0
ID-SF,100,2,0.2,0.0,GO,5,1000,0.9,484,52,0.0016588,100,0,0.0
ID-SF,100,2,0.2,0.0,GP,5,1000,0.9,472,60,0.000888,100,0,0.0
ID-SF,100,2,0.2,0.0,GS,5,1000,0.9,449,56,0.0003951,100,0,0.0
ID-SF,100,2,0.2,0.0,BS,5,1000,0.9,449,56,0.000462,100,0,0.0
ID-SF,100,2,0.2,0.0,RND,5,1000,0.9,489,58,0.0013155,100,0,0.0
ID-SF,100,3,0.01,0.0,QMK,5,1000,0.9,689,97,0.1327861,100,0,0.0
ID-SF,100,3,0.01,0.0,CHIM_0.01,5,1000,0.9,782,90,0.3481089,100,0,0.0
ID-SF,100,3,0.01,0.0,CHI_0.01,5,1000,0.9,694,91,0.3478201,100,3,0.0
ID-SF,100,3,0.01,0.0,KL,5,1000,0.9,746,92,1.5342866,100,100,0.0
ID-SF,100,3,0.01,0.0,KLQ,5,1000,0.9,689,97,0.1328377,100,0,0.0
ID-SF,100,3,0.01,0.0,GO,5,1000,0.9,789,93,0.0016288,100,0,0.0
ID-SF,100,3,0.01,0.0,GP,5,1000,0.9,788,98,0.0009271,100,0,0.0
ID-SF,100,3,0.01,0.0,GS,5,1000,0.9,786,102,0.0004996,100,0,0.0
ID-SF,100,3,0.01,0.0,BS,5,1000,0.9,786,102,0.0005416,100,0,0.0
ID-SF,100,3,0.01,0.0,RND,5,1000,0.9,804,95,0.0011818,100,0,0.0
ID-SF,100,3,0.08,0.0,QMK,5,1000,0.9,676,91,0.2279633,100,0,0.0
ID-SF,100,3,0.08,0.0,CHIM_0.01,5,1000,0.9,764,89,0.3506704,100,0,0.0
ID-SF,100,3,0.08,0.0,CHI_0.01,5,1000,0.9,685,93,0.3519172,100,4,0.0
ID-SF,100,3,0.08,0.0,KL,5,1000,0.9,723,100,1.5872852,100,100,0.0
ID-SF,100,3,0.08,0.0,KLQ,5,1000,0.9,676,91,0.2238455,100,0,0.0
ID-SF,100,3,0.08,0.0,GO,5,1000,0.9,776,93,0.0016533,100,0,0.0
ID-SF,100,3,0.08,0.0,GP,5,1000,0.9,793,96,0.0009053,100,0,0.0
ID-SF,100,3,0.08,0.0,GS,5,1000,0.9,764,98,0.0005187,100,0,0.0
ID-SF,100,3,0.08,0.0,BS,5,1000,0.9,764,98,0.0005363,100,0,0.0
ID-SF,100,3,0.08,0.0,RND,5,1000,0.9,798,94,0.0012041,100,0,0.0
ID-SF,100,3,0.13,0.0,QMK,5,1000,0.9,657,88,0.2037882,100,0,0.0
ID-SF,100,3,0.13,0.0,CHIM_0.01,5,1000,0.9,738,87,0.3456608,100,0,0.0
ID-SF,100,3,0.13,0.0,CHI_0.01,5,1000,0.9,662,94,0.3500768,100,4,0.0
ID-SF,100,3,0.13,0.0,KL,5,1000,0.9,756,92,1.5254191,100,100,0.0
ID-SF,100,3,0.13,0.0,KLQ,5,1000,0.9,657,88,0.2114728,100,0,0.0
ID-SF,100,3,0.13,0.0,GO,5,1000,0.9,762,92,0.001699,100,0,0.0
ID-SF,100,3,0.13,0.0,GP,5,1000,0.9,785,95,0.0008445,100,0,0.0
ID-SF,100,3,0.13,0.0,GS,5,1000,0.9,759,97,0.0005387,100,0,0.0
ID-SF,100,3,0.13,0.0,BS,5,1000,0.9,759,97,0.0005052,100,0,0.0
ID-SF,100,3,0.13,0.0,RND,5,1000,0.9,793,94,0.0009349,100,0,0.0
ID-SF,100,4,0.0,0.0,QMK,5,1000,0.9,835,119,3.1634414,100,0,0.0
ID-SF,100,4,0.0,0.0,CHIM_0.01,5,1000,0.9,969,114,0.3503638,100,0,0.0
ID-SF,100,4,0.0,0.0,CHI_0.01,5,1000,0.9,828,120,0.3537576,100,4,0.0
ID-SF,100,4,0.0,0.0,KL,5,1000,0.9,928,111,1.5113002,100,100,0.0
ID-SF,100,4,0.0,0.0,KLQ,5,1000,0.9,835,119,3.2337645,100,0,0.0
ID-SF,100,4,0.0,0.0,GO,5,1000,0.9,946,112,0.0016758,100,0,0.0
ID-SF,100,4,0.0,0.0,GP,5,1000,0.9,992,113,0.0009288,100,0,0.0
ID-SF,100,4,0.0,0.0,GS,5,1000,0.9,992,116,0.0005948,100,0,0.0
ID-SF,100,4,0.0,0.0,BS,5,1000,0.9,992,116,0.0006761,100,0,0.0
ID-SF,100,4,0.0,0.0,RND,5,1000,0.9,994,116,0.0012023,100,0,0.0
ID-SF,100,4,0.06,0.0,QMK,5,1000,0.9,833,120,0.3775054,100,0,0.0
ID-SF,100,4,0.06,0.0,CHIM_0.01,5,1000,0.9,969,117,0.3466365,100,0,0.0
ID-SF,100,4,0.06,0.0,CHI_0.01,5,1000,0.9,828,118,0.3521579,100,6,0.0
ID-SF,100,4,0.06,0.0,KL,5,1000,0.9,928,117,1.5278167,100,100,0.0
ID-SF,100,4,0.06,0.0,KLQ,5,1000,0.9,833,120,0.3730033,100,0,0.0
ID-SF,100,4,0.06,0.0,GO,5,1000,0.9,963,116,0.00167,100,0,0.0
ID-SF,100,4,0.06,0.0,GP,5,1000,0.9,979,111,0.0009361,100,0,0.0
ID-SF,100,4,0.06,0.0,GS,5,1000,0.9,993,112,0.0006423,100,0,0.0
ID-SF,100,4,0.06,0.0,BS,5,1000,0.9,993,112,0.0006842,100,0,0.0
ID-SF,100,4,0.06,0.0,RND,5,1000,0.9,993,116,0.0011498,100,0,0.0
ID-SF,100,4,0.11,0.0,QMK,5,1000,0.9,813,125,0.4551301,100,0,0.0
ID-SF,100,4,0.11,0.0,CHIM_0.01,5,1000,0.9,951,118,0.3484616,100,0,0.0
ID-SF,100,4,0.11,0.0,CHI_0.01,5,1000,0.9,805,114,0.3501581,100,4,0.0
ID-SF,100,4,0.11,0.0,KL,5,1000,0.9,910,107,1.5131448,100,100,0.0
ID-SF,100,4,0.11,0.0,KLQ,5,1000,0.9,813,125,0.4574102,100,0,0.0
ID-SF,100,4,0.11,0.0,GO,5,1000,0.9,957,116,0.0016403,100,0,0.0
ID-SF,100,4,0.11,0.0,GP,5,1000,0.9,952,111,0.0009382,100,0,0.0
ID-SF,100,4,0.11,0.0,GS,5,1000,0.9,981,120,0.0007181,100,0,0.0
ID-SF,100,4,0.11,0.0,BS,5,1000,0.9,981,120,0.0005911,100,0,0.0
ID-SF,100,4,0.11,0.0,RND,5,1000,0.9,984,116,0.0011622,100,0,0.0
ID-SF,100,2,0.0,0.2,QMK,5,1000,0.9,323,52,0.1136255,120,0,0.0
ID-SF,100,2,0.0,0.2,CHIM_0.01,5,1000,0.9,392,50,0.3466229,120,0,0.0
ID-SF,100,2,0.0,0.2,CHI_0.01,5,1000,0.9,335,51,0.352012,120,8,0.0
ID-SF,100,2,0.0,0.2,GO,5,1000,0.9,381,51,0.0017085,120,0,0.0
ID-SF,100,2,0.0,0.2,GP,5,1000,0.9,385,59,0.0007857,120,0,0.0
ID-SF,100,2,0.0,0.2,GS,5,1000,0.9,392,46,0.000469,120,0,0.0
ID-SF,100,2,0.0,0.2,BS,5,1000,0.9,381,41,0.0003644,120,0,0.0
ID-SF,100,2,0.0,0.2,RND,5,1000,0.9,413,49,0.0035914,120,0,0.0
ID-SF,100,2,0.1,0.2,QMK,5,1000,0.9,315,48,0.1330451,120,0,0.0
ID-SF,100,2,0.1,0.2,CHIM_0.01,5,1000,0.9,367,48,0.3452107,120,0,0.0
ID-SF,100,2,0.1,0.2,CHI_0.01,5,1000,0.9,344,50,0.3522832,120,2,0.0
ID-SF,100,2,0.1,0.2,GO,5,1000,0.9,381,53,0.0016949,120,0,0.0
ID-SF,100,2,0.1,0.2,GP,5,1000,0.9,370,58,0.0008698,120,0,0.0
ID-SF,100,2,0.1,0.2,GS,5,1000,0.9,367,47,0.0004246,120,0,0.0
ID-SF,100,2,0.1,0.2,BS,5,1000,0.9,365,46,0.0003663,120,0,0.0
ID-SF,100,2,0.1,0.2,RND,5,1000,0.9,405,47,0.0033784,120,0,0.0
ID-SF,100,2,0.2,0.2,QMK,5,1000,0.9,288,46,0.1598684,120,0,0.0
ID-SF,100,2,0.2,0.2,CHIM_0.01,5,1000,0.9,326,46,0.3497668,120,0,0.0
ID-SF,100,2,0.2,0.2,CHI_0.01,5,1000,0.9,298,50,0.3489148,120,4,0.0
ID-SF,100,2,0.2,0.2,GO,5,1000,0.9,350,46,0.001714,120,0,0.0
ID-SF,100,2,0.2,0.2,GP,5,1000,0.9,358,52,0.0007856,120,0,0.0
ID-SF,100,2,0.2,0.2,GS,5,1000,0.9,314,48,0.0005282,120,0,0.0
ID-SF,100,2,0.2,0.2,BS,5,1000,0.9,321,45,0.0003787,120,0,0.0
ID-SF,100,2,0.2,0.2,RND,5,1000,0.9,382,45,0.0036469,120,0,0.0
ID-SF,100,3,0.0,0.2,QMK,5,1000,0.9,557,80,0.2104686,120,0,0.0
ID-SF,100,3,0.0,0.2,CHIM_0.01,5,1000,0.9,672,80,0.3495199,120,0,0.0
ID-SF,100,3,0.0,0.2,CHI_0.01,5,1000,0.9,614,77,0.3551862,120,3,0.0
ID-SF,100,3,0.0,0.2,GO,5,1000,0.9,634,79,0.0017548,120,0,0.0
ID-SF,100,3,0.0,0.2,GP,5,1000,0.9,649,77,0.000988,120,0,0.0
ID-SF,100,3,0.0,0.2,GS,5,1000,0.9,640,79,0.0005638,120,0,0.0
ID-SF,100,3,0.0,0.2,BS,5,1000,0.9,682,82,0.0004708,120,0,0.0
ID-SF,100,3,0.0,0.2,RND,5,1000,0.9,689,81,0.0067223,120,0,0.0
ID-SF,100,3,0.07,0.2,QMK,5,1000,0.9,555,82,0.3579724,120,0,0.0
ID-SF,100,3,0.07,0.2,CHIM_0.01,5,1000,0.9,650,83,0.3499309,120,0,0.0
ID-SF,100,3,0.07,0.2,CHI_0.01,5,1000,0.9,583,76,0.351188,120,4,0.0
ID-SF,100,3,0.07,0.2,GO,5,1000,0.9,619,69,0.0017668,120,0,0.0
ID-SF,100,3,0.07,0.2,GP,5,1000,0.9,629,75,0.0009909,120,0,0.0
ID-SF,100,3,0.07,0.2,GS,5,1000,0.9,618,78,0.0005906,120,0,0.0
ID-SF,100,3,0.07,0.2,BS,5,1000,0.9,667,87,0.000425,120,0,0.0
ID-SF,100,3,0.07,0.2,RND,5,1000,0.9,689,80,0.0067647,120,0,0.0
ID-SF,100,3,0.13,0.2,QMK,5,1000,0.9,557,73,0.2982525,120,0,0.0
ID-SF,100,3,0.13,0.2,CHIM_0.01,5,1000,0.9,578,67,0.3472962,120,0,0.0
ID-SF,100,3,0.13,0.2,CHI_0.01,5,1000,0.9,558,74,0.357694,120,2,0.0
ID-SF,100,3,0.13,0.2,GO,5,1000,0.9,607,65,0.001826,120,0,0.0
ID-SF,100,3,0.13,0.2,GP,5,1000,0.9,599,77,0.0008929,120,0,0.0
ID-SF,100,3,0.13,0.2,GS,5,1000,0.9,592,75,0.0006095,120,0,0.0
ID-SF,100,3,0.13,0.2,BS,5,1000,0.9,644,84,0.0004395,120,0,0.0
ID-SF,100,3,0.13,0.2,RND,5,1000,0.9,676,80,0.0070408,120,0,0.0
ID-SF,100,4,0.0,0.2,QMK,5,1000,0.9,716,97,0.3097466,120,0,0.0
ID-SF,100,4,0.0,0.2,CHIM_0.01,5,1000,0.9,823,110,0.3491256,120,0,0.0
ID-SF,100,4,0.0,0.2,CHI_0.01,5,1000,0.9,716,96,0.3536336,120,4,0.0
ID-SF,100,4,0.0,0.2,GO,5,1000,0.9,829,97,0.001838,120,0,0.0
ID-SF,100,4,0.0,0.2,GP,5,1000,0.9,783,97,0.0009577,120,0,0.0
ID-SF,100,4,0.0,0.2,GS,5,1000,0.9,853,107,0.0006524,120,0,0.0
ID-SF,100,4,0.0,0.2,BS,5,1000,0.9,885,105,0.0004739,120,0,0.0
ID-SF,100,4,0.0,0.2,RND,5,1000,0.9,872,102,0.0169736,120,0,0.0
ID-SF,100,4,0.05,0.2,QMK,5,1000,0.9,715,99,0.3018786,120,0,0.0
ID-SF,100,4,0.05,0.2,CHIM_0.01,5,1000,0.9,809,103,0.3476427,120,0,0.0
ID-SF,100,4,0.05,0.2,CHI_0.01,5,1000,0.9,702,104,0.3563883,120,7,0.0
ID-SF,100,4,0.05,0.2,GO,5,1000,0.9,805,101,0.0018393,120,0,0.0
ID-SF,100,4,0.05,0.2,GP,5,1000,0.9,787,101,0.0009405,120,0,0.0
ID-SF,100,4,0.05,0.2,GS,5,1000,0.9,821,104,0.0007343,120,0,0.0
ID-SF,100,4,0.05,0.2,BS,5,1000,0.9,861,103,0.0005168,120,0,0.0
ID-SF,100,4,0.05,0.2,RND,5,1000,0.9,870,102,0.0166731,120,0,0.0
ID-SF,100,4,0.1,0.2,QMK,5,1000,0.9,722,106,3.0229239,120,0,0.0
ID-SF,100,4,0.1,0.2,CHIM_0.01,5,1000,0.9,780,98,0.3530144,120,0,0.0
ID-SF,100,4,0.1,0.2,CHI_0.01,5,1000,0.9,706,105,0.3527811,120,4,0.0
ID-SF,100,4,0.1,0.2,GO,5,1000,0.9,768,95,0.0018337,120,0,0.0
ID-SF,100,4,0.1,0.2,GP,5,1000,0.9,774,96,0.0010148,120,0,0.0
ID-SF,100,4,0.1,0.2,GS,5,1000,0.9,810,102,0.0007031,120,0,0.0
ID-SF,100,4,0.1,0.2,BS,5,1000,0.9,836,109,0.0005896,120,0,0.0
ID-SF,100,4,0.1,0.2,RND,5,1000,0.9,865,101,0.0166018,120,0,0.0
