wareh,capacity,buffer,QMK,CHI,CHILOC,KLINKQMK,GP,GS,BS,RND
2.0,1000.0,0.0,16.986369268,0.652328623,0.742359224,8.369262974,0.477484935,0.758530092,0.364504685,0.185211212
2.0,1000.0,0.0,10.354322248,0.850872829,0.933381994,10.429684067,0.459935372,0.351152858,0.362683832,0.075123033
2.0,1000.0,0.0,6.332630629,0.693518007,0.65669188,6.249392304,0.369559367,0.317561032,0.466323294,0.094524349
3.0,1000.0,0.0,42.103574939,0.793746626,0.983172895,41.955766918,0.597444047,0.45845142,0.409428461,0.135780815
3.0,1000.0,0.0,40.031913292,0.67227187,0.985119578,39.217281169,0.366413737,0.288830457,0.382499647,0.124730736
3.0,1000.0,0.0,25.680688857,0.535126548,0.916758564,25.875332924,0.4400605,0.358241045,0.307673484,0.106986253
4.0,1000.0,0.0,20.668176806,0.60520797,0.877162398,20.912676672,0.399708886,0.317762073,0.347417102,0.14619922
4.0,1000.0,0.0,58.911378048,0.749778303,1.181686915,58.7371606,0.489316986,0.41638569,0.350264017,0.168295812
4.0,1000.0,0.0,41.102271551,0.813556039,1.034385555,40.743604726,0.503861399,0.452337396,0.439122847,0.161796091
2.0,1100.0,100.0,7.724567847,0.698120757,1.316374961,0.0,0.444930666,0.499322822,0.385381988,0.389052165
2.0,1100.0,100.0,10.769207949,0.877564823,2.494927849,0.0,0.498778915,0.348695368,0.474267483,0.385192709
2.0,1100.0,100.0,7.866348016,0.724503535,2.036678472,0.0,0.462361602,0.433973924,0.433195205,0.533145762
3.0,1100.0,100.0,18.328439915,0.822193293,1.885089458,0.0,0.535130797,0.315556452,0.268656158,0.536145573
3.0,1100.0,100.0,18.089432998,0.576441031,1.459944532,0.0,0.369728192,0.322444792,0.312126108,0.599741746
3.0,1100.0,100.0,13.948786129,0.541964712,2.282544584,0.0,0.431331163,0.33947885,0.343334667,0.572383341
4.0,1100.0,100.0,25.42357063,0.658206112,1.525520355,0.0,0.364362872,0.370300298,0.391358111,1.116623042
4.0,1100.0,100.0,71.773395336,0.546045687,3.086823547,0.0,0.398351456,0.337447762,0.348914483,1.017335989
4.0,1100.0,100.0,107.065367895,0.636142411,2.17478782,0.0,0.373126235,0.331702867,0.305252588,1.079516954
2.0,1200.0,200.0,7.044432164,0.595334894,1.123707022,0.0,0.380757046,0.328721092,0.326079515,0.359771621
2.0,1200.0,200.0,6.793599408,0.650546364,1.103851176,0.0,0.465635074,0.384898049,0.342396688,0.341949034
2.0,1200.0,200.0,5.997789217,0.603750076,2.080782077,0.0,0.350485274,0.343515379,0.279686357,0.334765677
3.0,1200.0,200.0,19.24054642,0.622548602,2.086993918,0.0,0.389808346,0.46026095,0.408086533,0.627180122
3.0,1200.0,200.0,28.48675926,0.540194716,1.830954115,0.0,0.51098571,0.329093239,0.318404387,0.591534068
3.0,1200.0,200.0,12.718087334,0.556599356,1.870651654,0.0,0.423181449,0.37260697,0.342901048,0.537775931
4.0,1200.0,200.0,177.730547162,0.721257004,2.646941604,0.0,0.414192983,0.314148842,0.325194689,1.112353756
4.0,1200.0,200.0,37.171850307,0.689845341,4.16431741,0.0,0.492715535,0.471896324,0.436826667,1.340170026
4.0,1200.0,200.0,29.634953215,0.716489344,4.421065495,0.0,0.482522978,0.496890503,0.455289702,1.301430863
2.0,2000.0,0.0,19.974903445,0.757063876,0.888765774,21.568507147,0.84169076,0.496878348,0.430136817,0.143418136
2.0,2000.0,0.0,27.685696029,0.760182975,0.78589102,27.649649906,1.066426013,0.433166438,0.440547565,0.165418816
2.0,2000.0,0.0,20.035116759,0.724836815,1.598071345,20.428328671,0.883701594,0.495354795,0.621604443,0.178678129
3.0,2000.0,0.0,48.023750214,0.846469581,0.94462785,48.501999126,1.18720787,0.540060756,0.675942359,0.185992262
3.0,2000.0,0.0,47.61381081,0.592589489,0.674052012,45.583381383,0.804773662,0.364598602,0.420761108,0.178323554
3.0,2000.0,0.0,32.095831698,0.680613112,0.973027634,31.258390472,0.900558171,0.401899591,0.382558306,0.194134314
4.0,2000.0,0.0,78.696051802,0.581559161,0.976257698,78.804996516,0.846376425,0.425591092,0.372261697,0.197231713
4.0,2000.0,0.0,62.906666912,0.774535865,1.430660505,62.744259643,0.773413772,0.414902577,0.414168893,0.208837732
4.0,2000.0,0.0,68.324608123,0.583151374,0.807260215,68.520507861,0.776048225,0.387610618,0.403979086,0.207590012
2.0,2200.0,200.0,19.719595826,0.63625779,1.025239538,0.0,0.76525457,0.402013088,0.396103888,0.405304098
2.0,2200.0,200.0,38.702018349,0.633139722,1.142166109,0.0,0.768927599,0.399956401,0.374770241,0.39488456
2.0,2200.0,200.0,27.123144627,0.658403841,1.241878975,0.0,0.787773978,0.3999977,0.358596884,0.422156397
3.0,2200.0,200.0,43.641279594,0.792024334,1.644811074,0.0,0.901260997,0.494428055,0.390273103,0.697044456
3.0,2200.0,200.0,50.017145679,0.62648781,2.289091474,0.0,0.866357516,0.396783019,0.423365465,0.729969105
3.0,2200.0,200.0,43.15796872,0.744572997,1.520299798,0.0,0.859499269,0.391271361,0.343741656,0.64898436
4.0,2200.0,200.0,77.068457908,0.598920397,2.863922303,0.0,0.825626984,0.3998276,0.394027846,1.226899893
4.0,2200.0,200.0,80.237864149,0.612307364,3.51414522,0.0,0.805355404,0.364143873,0.366386506,1.283849093
4.0,2200.0,200.0,43.683831342,0.655812317,2.806114783,0.0,0.766728563,0.380935083,0.369903204,1.186097937
2.0,2400.0,400.0,20.780806368,0.671890792,2.473377253,0.0,0.95042037,0.503181552,0.493443354,0.448119831
2.0,2400.0,400.0,23.224384391,0.666712299,1.05858803,0.0,0.751382255,0.333982818,0.354237341,0.432829156
2.0,2400.0,400.0,28.086038566,0.603833458,0.983829932,0.0,0.776621317,0.379550592,0.374367139,0.412941315
3.0,2400.0,400.0,40.85025677,0.681933436,1.829970356,0.0,0.759924168,0.34089304,0.356165853,0.732150525
3.0,2400.0,400.0,36.912852847,0.64636263,1.35382673,0.0,0.819912568,0.470452379,0.396677655,0.719132129
3.0,2400.0,400.0,49.997728442,0.695391859,1.318333623,0.0,0.851422955,0.380258119,0.349381611,0.688958668
4.0,2400.0,400.0,119.190024505,0.790012937,2.466055573,0.0,0.951824834,0.46611151,0.409613339,1.332422977
4.0,2400.0,400.0,67.153730871,0.889042084,3.360244874,0.0,0.826840939,0.421950583,0.399274859,1.4333793
4.0,2400.0,400.0,125.904432245,0.68845603,3.377988108,0.0,0.870788637,0.453699219,0.467354712,1.398312429
2.0,3000.0,0.0,41.387812713,0.778385028,1.091028684,39.323433092,11.430812875,0.536944187,0.495254076,0.272788782
2.0,3000.0,0.0,33.813504736,0.787077332,0.975500664,34.189836411,10.842064939,0.489156677,0.497599547,0.216145301
2.0,3000.0,0.0,36.723607729,0.730704348,0.733203124,36.144164739,10.828747835,0.439496975,0.443953987,0.269851837
3.0,3000.0,0.0,62.963722212,0.754393189,1.031202698,62.130372911,11.070701918,0.45358219,0.477589921,0.237975513
3.0,3000.0,0.0,69.214347512,0.884694499,1.015200132,69.95362321,10.863997378,0.444064318,0.477954501,0.276747892
3.0,3000.0,0.0,59.521482083,0.693112397,0.864878164,59.527082164,11.015127934,0.457976224,0.48373821,0.28939284
4.0,3000.0,0.0,115.825597103,0.714399323,1.050571346,117.648640038,11.106109512,0.541322334,0.514153353,0.315397093
4.0,3000.0,0.0,109.426887422,0.678593169,0.934793693,107.576798793,10.955090117,0.544782635,0.527801744,0.325909458
4.0,3000.0,0.0,88.969147083,0.879296711,1.101322481,89.693367364,10.869990367,0.450260219,0.451874794,0.320161961
2.0,3300.0,300.0,36.111585283,0.911633176,1.363876834,0.0,10.904619814,0.400969594,0.417387912,0.526316232
2.0,3300.0,300.0,31.826892047,0.744148884,1.212234841,0.0,10.935214025,0.462530831,0.40951537,0.537563607
2.0,3300.0,300.0,36.715250193,0.72616685,1.201420874,0.0,10.887301427,0.403900211,0.390008913,0.564875952
3.0,3300.0,300.0,52.220659142,0.746308,1.61874442,0.0,11.128673888,0.515782352,0.448804118,0.834893092
3.0,3300.0,300.0,52.427973173,0.778623336,1.892962521,0.0,10.809988024,0.454210681,0.455180402,0.829448069
3.0,3300.0,300.0,56.636303418,0.756228325,1.847349274,0.0,10.893082902,0.484821502,0.500254189,0.811628534
4.0,3300.0,300.0,114.831866997,0.79860539,2.686760101,0.0,10.934402046,0.63068131,0.558765939,1.639883524
4.0,3300.0,300.0,203.40108563,0.811715689,3.399522516,0.0,10.981927032,0.823525883,0.562711669,1.639476525
4.0,3300.0,300.0,87.525916578,0.782909661,3.125932472,0.0,11.112340933,0.554253934,0.528273444,1.591906486
2.0,3600.0,600.0,43.85623647,0.717853292,1.254526652,0.0,10.739244175,0.50250237,0.503417747,0.587169269
2.0,3600.0,600.0,33.270507858,0.896185604,1.127913779,0.0,11.092237104,0.430711308,0.404746291,0.544242151
2.0,3600.0,600.0,33.247417643,0.927810374,1.393080067,0.0,10.808815301,0.438462774,0.447347579,0.566947988
3.0,3600.0,600.0,66.901189201,0.791359962,1.989344989,0.0,10.912143502,0.586236884,0.535953046,0.869064734
3.0,3600.0,600.0,58.404918382,0.881414114,2.087816684,0.0,10.896786183,0.434577988,0.391738549,0.840611224
3.0,3600.0,600.0,51.240214206,0.787036576,1.619615068,0.0,11.042274973,0.512179399,0.479460877,0.87099497
4.0,3600.0,600.0,99.447463069,0.743803218,2.102212049,0.0,10.833618804,0.506280142,0.440477699,1.493579024
4.0,3600.0,600.0,86.094720552,0.784406667,2.468821746,0.0,10.83315251,0.497692623,0.451559645,1.483675379
4.0,3600.0,600.0,133.859122663,0.792780476,3.395420559,0.0,10.906331375,0.572188921,0.485526557,1.5071374
2.0,4000.0,0.0,54.640438014,0.793142168,1.300291523,53.730186604,8.490590219,0.759577865,0.541522149,0.357966639
2.0,4000.0,0.0,49.232060012,0.930372916,1.09499167,50.498971412,8.479172169,0.714500867,0.510091557,0.351659364
2.0,4000.0,0.0,49.718237617,0.899849909,1.334500926,47.592566442,8.450751606,0.715699845,0.532167306,0.407813424
3.0,4000.0,0.0,86.519137642,0.807482165,1.388904117,85.057970026,8.493472538,0.740735894,0.590357663,0.372756512
3.0,4000.0,0.0,81.87151094,0.9995807,1.729087564,78.330437577,8.531058666,0.738675194,0.603536651,0.407427611
3.0,4000.0,0.0,79.655084075,0.807835294,1.142736512,79.259614484,9.489104169,1.003844175,0.755433686,0.470267081
4.0,4000.0,0.0,142.025516305,0.894758055,1.501380115,140.430126741,8.695405148,0.776737982,0.790982403,0.466569355
4.0,4000.0,0.0,114.186348378,0.805721187,1.248471459,113.528187056,8.68051778,0.763955016,0.711743951,0.48653024
4.0,4000.0,0.0,115.265768554,0.939532257,1.51287709,114.016812936,8.618195081,0.60965509,0.622358824,0.438711424
2.0,4400.0,400.0,49.634640285,0.897484511,1.570995764,0.0,8.62447166,0.773522527,0.560869212,0.685757558
2.0,4400.0,400.0,52.017497732,1.074156743,1.420385792,0.0,8.632778382,0.871233401,0.634431708,0.696961412
2.0,4400.0,400.0,53.878736091,0.963041844,1.601115469,0.0,8.604624988,0.790017028,0.569778732,0.709793498
3.0,4400.0,400.0,85.212168539,0.933189605,2.211607852,0.0,8.71482226,0.60567065,0.61057172,1.055154339
3.0,4400.0,400.0,79.337626715,0.976629713,1.722850478,0.0,8.611277736,0.599493707,0.574658265,1.029876009
3.0,4400.0,400.0,79.35802622,0.975263022,2.25064962,0.0,8.630293961,0.586295122,0.598059177,1.042599213
4.0,4400.0,400.0,401.878833048,1.023363901,2.732739841,0.0,8.663273903,0.715346799,0.594514439,1.860811463
4.0,4400.0,400.0,113.730567315,1.043991847,2.300572826,0.0,8.699991799,0.691895147,0.608020041,1.701609561
4.0,4400.0,400.0,115.490787906,1.140572463,3.347890189,0.0,8.87651939,0.73305908,0.677018412,1.886759697
2.0,4800.0,800.0,56.680140787,0.929337996,1.858081124,0.0,8.563724809,0.810490696,0.545654227,0.773589176
2.0,4800.0,800.0,69.840533201,0.892944798,1.425586828,0.0,8.523526218,0.786916381,0.52585578,0.723625643
2.0,4800.0,800.0,49.105878995,1.060714189,1.644593822,0.0,8.787276131,0.689303552,0.646795956,0.812115611
3.0,4800.0,800.0,81.549082713,1.102702652,2.469882986,0.0,9.019485994,0.732195303,0.644622796,1.115636994
3.0,4800.0,800.0,80.684982622,0.923557792,1.69472144,0.0,8.657688822,0.577290005,0.528390149,1.071335925
3.0,4800.0,800.0,79.557774275,1.085923327,1.909013898,0.0,8.863210791,0.739921997,0.629574499,1.070892042
4.0,4800.0,800.0,112.098071943,1.124935467,3.152868046,0.0,8.868974363,0.766957505,0.652898759,1.918986581
4.0,4800.0,800.0,122.575399799,1.03777522,3.414864214,0.0,8.88442433,0.741403664,0.661322094,1.804605466
4.0,4800.0,800.0,129.509032115,0.96611633,2.534763753,0.0,8.835177214,0.734706219,0.641513353,1.929130563
2.0,5000.0,0.0,70.438620276,1.129297841,1.35920991,68.342567454,43.382380928,0.884381267,0.651503075,0.736997305
2.0,5000.0,0.0,71.82029382,1.053062463,1.2638678,69.16355416,43.519310086,0.94140682,0.69923341,0.572726435
2.0,5000.0,0.0,74.652666261,1.096050593,1.972785365,77.550074884,43.706091059,0.931714531,0.732326697,0.585744143
3.0,5000.0,0.0,112.028466601,1.196930058,2.30650402,113.086109275,44.17979526,0.928315007,0.675385511,0.946348743
3.0,5000.0,0.0,109.404770483,1.141945278,1.456117625,109.834286625,45.176601967,0.970386178,0.716943123,0.98821019
3.0,5000.0,0.0,114.483001703,1.022453859,2.113283904,111.022677099,43.724478197,0.959229595,0.717496009,1.036077633
4.0,5000.0,0.0,173.996469417,1.067137748,2.344960954,168.799032196,44.383548263,1.267593782,1.053986494,1.072681025
4.0,5000.0,0.0,162.478222124,1.06445256,2.433938495,166.690111023,44.093692871,1.123125551,0.905122405,1.043274586
4.0,5000.0,0.0,178.987200343,1.060502309,1.58345707,181.246222001,44.834671774,1.153502974,1.312928354,1.026446514
2.0,5500.0,500.0,85.356032571,1.081085025,3.638298191,0.0,44.848996757,0.724966399,0.839032929,1.239102797
2.0,5500.0,500.0,77.951024997,1.17181474,1.590926069,0.0,44.119199057,0.67058082,0.638590276,1.129004903
2.0,5500.0,500.0,76.457573079,1.341287748,1.775230593,0.0,43.877291074,0.831257578,0.815352367,1.541942561
3.0,5500.0,500.0,135.129173646,1.689091962,3.659797685,0.0,44.5264627,0.838664765,1.21125244,1.348341801
3.0,5500.0,500.0,134.4316566,1.491037477,3.143091069,0.0,43.578164727,0.732909012,1.065992615,1.318561
3.0,5500.0,500.0,128.69270576,1.274460604,2.594270646,0.0,45.354307904,1.094903183,1.637207923,1.549357267
4.0,5500.0,500.0,174.378781647,1.151747017,4.647464324,0.0,44.403465091,1.019916211,0.884243735,2.712798313
4.0,5500.0,500.0,204.095403425,1.267801425,3.642729889,0.0,43.997653093,0.903949325,0.775490701,2.55890738
4.0,5500.0,500.0,178.732021749,1.309421197,4.816578491,0.0,44.204478811,0.910344454,0.748730854,2.522255248
2.0,6000.0,1000.0,74.394528728,1.098478231,2.534544907,0.0,44.127601988,0.686267868,0.619911417,1.360536248
2.0,6000.0,1000.0,71.961125739,1.077474678,1.433900676,0.0,43.535646273,0.726869235,0.645105204,1.375082346
2.0,6000.0,1000.0,78.152010225,1.119443596,1.443588011,0.0,43.752314054,0.693544091,0.638861032,1.371537503
3.0,6000.0,1000.0,124.59752226,1.305755123,2.069715,0.0,43.79057847,0.765218867,1.061775672,1.352479749
3.0,6000.0,1000.0,130.181521569,1.140720157,2.307878334,0.0,44.409299327,0.741766284,1.084234987,1.290747902
3.0,6000.0,1000.0,122.568794765,1.122539123,1.800529757,0.0,43.770476661,0.876827121,1.200006833,1.275515544
4.0,6000.0,1000.0,181.106517927,1.134755513,3.040335955,0.0,45.559547405,1.076668986,0.869442453,2.685105061
4.0,6000.0,1000.0,184.371119508,1.337009149,2.86799391,0.0,44.878508324,1.267544073,0.846389325,2.846875394
4.0,6000.0,1000.0,192.523566826,1.135452679,3.328501662,0.0,44.099949053,1.158858998,0.866371684,2.745140028
2.0,6000.0,0.0,93.317739115,1.127368682,2.121401103,89.142793581,73.485964535,0.978389317,1.472892786,0.726560092
2.0,6000.0,0.0,94.19350957,1.263445677,2.311252989,89.329877923,71.851161576,0.780953258,1.142747101,0.728204437
2.0,6000.0,0.0,89.682631716,1.289792408,1.825203,93.950163769,72.303940545,0.981190846,0.884628535,1.43851951
3.0,6000.0,0.0,148.66059095,1.318402149,2.491254996,147.535921259,72.430650357,0.984649884,1.446620083,0.693496057
3.0,6000.0,0.0,140.403171955,1.221919707,1.456510417,141.004123415,72.035077329,0.900225779,1.235566796,1.014829024
3.0,6000.0,0.0,157.176525745,1.29671506,2.387102768,152.96248955,72.940315538,0.900072264,1.309321514,0.782792994
4.0,6000.0,0.0,192.809288739,1.180649826,1.806268477,196.813843369,71.410119139,1.157820694,1.152942138,1.171512576
4.0,6000.0,0.0,338.073286702,1.347194724,2.319530922,348.029394984,72.423266444,1.396250968,1.423139472,1.028177359
4.0,6000.0,0.0,200.411566731,1.11381351,1.882202386,199.586613962,72.249470571,1.347888978,1.275826386,1.001134496
2.0,6600.0,600.0,89.033623914,1.452200867,4.01038993,0.0,71.008691608,0.806402329,0.712248134,1.502349387
2.0,6600.0,600.0,96.362326441,1.345482963,2.135130587,0.0,71.913165294,0.797689555,1.118697636,1.0950041
2.0,6600.0,600.0,87.920472722,1.279706282,2.186813609,0.0,72.145099616,0.946942937,1.219091834,1.138226113
3.0,6600.0,600.0,140.367436036,1.485202847,5.423364406,0.0,70.699856137,0.882303585,1.189682532,1.46336796
3.0,6600.0,600.0,151.746949996,1.591576525,3.189879038,0.0,73.033095343,1.022338236,0.945878699,1.971861774
3.0,6600.0,600.0,142.079720093,1.471143825,2.704982399,0.0,71.952706941,0.892056096,1.243706743,1.597608008
4.0,6600.0,600.0,497.103099381,1.571244657,3.608787275,0.0,71.736568463,1.56047472,1.257239114,2.710144795
4.0,6600.0,600.0,205.569880138,1.390002639,5.2454776,0.0,72.035644475,1.249066544,0.96478393,2.845099569
4.0,6600.0,600.0,226.741530986,1.504642476,3.409103055,0.0,72.330245367,1.587112491,1.230744943,2.4969492
2.0,7200.0,1200.0,87.366478286,1.499063258,1.933053685,0.0,72.6921908,0.937225205,1.031532402,1.160818403
2.0,7200.0,1200.0,92.630085326,1.372605923,1.968344881,0.0,72.476194657,0.881574617,1.219294287,1.206917414
2.0,7200.0,1200.0,92.569172838,1.540540654,1.718485665,0.0,72.776998204,0.804579392,1.125445413,1.265109614
3.0,7200.0,1200.0,139.987967405,1.423629358,2.55976081,0.0,72.213917101,1.019928299,1.178229221,1.704798892
3.0,7200.0,1200.0,174.059847294,1.357960093,2.255516455,0.0,70.764403324,1.068561455,0.942778944,1.959027316
3.0,7200.0,1200.0,140.48572377,1.259445527,2.332530035,0.0,70.782742754,0.973019309,1.31083054,1.499753465
4.0,7200.0,1200.0,432.969441287,1.352508772,3.100361145,0.0,71.210706934,1.438094541,1.024407185,2.58011283
4.0,7200.0,1200.0,187.76751933,1.33542119,3.150739367,0.0,71.394739804,1.509381145,1.172795985,2.673671193
4.0,7200.0,1200.0,204.683631716,1.436712909,3.23049199,0.0,70.334523388,1.368018753,1.042717831,2.385866105
2.0,7000.0,0.0,112.016187099,1.371173157,2.189137061,113.226924481,164.788921858,0.990048537,0.991789053,1.297477041
2.0,7000.0,0.0,119.331755497,1.225737445,2.43748816,115.788335905,165.684027711,0.932517356,0.910839952,1.387795365
2.0,7000.0,0.0,122.677138105,1.223958267,3.191846117,120.141336118,168.531144046,0.986848286,1.012627678,1.455002373
3.0,7000.0,0.0,177.687745035,1.261269198,3.340352851,173.479941779,166.906904769,1.29720653,2.012553976,1.068980334
3.0,7000.0,0.0,177.717798734,1.346338827,3.420755469,176.471172445,164.488384742,1.545855939,1.529920444,0.871838065
3.0,7000.0,0.0,173.573793561,1.263946996,3.193812372,175.854668797,165.243881397,1.399977491,1.417630787,0.995009419
4.0,7000.0,0.0,238.646220128,1.226031527,3.822345789,234.846212731,168.052041251,1.555991355,1.495503141,0.857953141
4.0,7000.0,0.0,235.68172033,1.242530116,1.728365454,239.210170235,165.776087668,1.740684313,1.807862629,0.977811156
4.0,7000.0,0.0,233.960433564,1.246752511,4.362085493,238.860742236,168.020338527,1.712701758,1.744752746,0.977662918
2.0,7700.0,700.0,118.271301004,1.83163078,3.996940808,0.0,164.825120154,0.993440549,0.863153819,1.72709933
2.0,7700.0,700.0,114.02679313,1.472288617,2.235021536,0.0,167.263779203,0.999169118,0.918960823,1.62354752
2.0,7700.0,700.0,119.745706756,1.404822522,1.999673522,0.0,167.606540856,1.089614977,1.025256856,1.808080726
3.0,7700.0,700.0,176.279332288,1.526895443,3.104698037,0.0,166.371653742,1.500107387,1.205576552,1.896579833
3.0,7700.0,700.0,178.929475441,1.632929077,2.877431021,0.0,166.456472131,1.463028331,1.222717091,1.89034427
3.0,7700.0,700.0,173.929754554,1.795275092,3.888542397,0.0,167.543496772,1.484437493,1.187717815,2.049941805
4.0,7700.0,700.0,464.23551608,1.724776698,7.843027187,0.0,172.803814554,1.593213121,1.386636192,2.57187139
4.0,7700.0,700.0,263.477658061,1.588526019,4.164323862,0.0,165.706326945,1.884513535,1.724398326,2.751322975
4.0,7700.0,700.0,244.708027852,1.659338935,4.58835565,0.0,166.815562012,1.627575721,1.480581738,2.62854123
2.0,8400.0,1400.0,123.993850913,1.667033786,2.784800367,0.0,163.762228228,1.169974323,0.8584168,1.850552965
2.0,8400.0,1400.0,118.572248864,1.596286154,2.327259339,0.0,166.228855643,1.270087675,0.993986057,1.867788697
2.0,8400.0,1400.0,122.5785965,1.48039127,2.4341305,0.0,168.916350696,1.34291703,0.94857402,1.954211988
3.0,8400.0,1400.0,187.058711418,1.581129903,2.742159186,0.0,169.81350277,1.597745277,1.3729076,2.019235781
3.0,8400.0,1400.0,178.5992723,1.532963392,2.681142395,0.0,171.450364241,1.542196352,1.27549046,2.024339185
3.0,8400.0,1400.0,190.304455666,1.568411227,2.788698339,0.0,168.119105237,1.518776897,1.181061554,2.046637719
4.0,8400.0,1400.0,273.127563665,1.736908312,3.928105081,0.0,164.409845953,1.935669937,1.62964901,2.813249591
4.0,8400.0,1400.0,254.650061526,1.604087695,3.017905635,0.0,170.326664348,1.892185453,1.617774041,2.759366267
4.0,8400.0,1400.0,241.493383373,1.643512386,3.57356235,0.0,169.980995507,1.631968906,1.372585604,2.695696144
2.0,8000.0,0.0,150.833628863,1.578827799,2.735248823,152.889189866,425.349711189,1.400717586,1.342394777,1.276119318
2.0,8000.0,0.0,147.162235731,1.531836334,2.234290965,144.753713774,412.374852992,1.473994567,1.520075807,1.460382104
2.0,8000.0,0.0,146.530296026,1.401594651,2.537957614,140.006197194,422.524451004,1.29413136,1.245138958,1.366071898
3.0,8000.0,0.0,238.764187551,1.417063705,2.137070615,239.903773674,427.748887599,1.638887868,1.677189235,0.994614521
3.0,8000.0,0.0,217.619544749,1.552553486,3.401311068,216.070348711,414.679386556,1.749755747,1.66245044,1.093397168
3.0,8000.0,0.0,226.348992643,1.592855084,3.359633755,236.237638965,430.416689902,1.777465933,1.772980424,1.179746992
4.0,8000.0,0.0,299.242389542,1.494182814,2.251726334,310.311401581,416.093276763,1.891975291,1.834077559,1.040675441
4.0,8000.0,0.0,315.830498523,1.528539741,2.975816429,306.450490851,424.558143724,2.019885825,2.065499854,1.175167672
4.0,8000.0,0.0,310.133096845,1.642301593,2.839486815,312.7744798,432.151284387,1.882753323,1.919407073,1.246385843
2.0,8800.0,800.0,148.461771336,1.755077919,2.608889518,0.0,420.95015612,1.289208327,1.161101568,1.733320071
2.0,8800.0,800.0,147.722508901,1.91504754,2.852343771,0.0,429.042063024,1.517767892,1.369094648,1.813493059
2.0,8800.0,800.0,148.933064623,1.69828575,2.540759975,0.0,417.633809276,1.398008077,1.36009017,1.913404035
3.0,8800.0,800.0,219.557189015,1.983721463,3.206118058,0.0,408.324371938,1.681538564,1.358260647,2.18289449
3.0,8800.0,800.0,224.38287079,1.843332265,3.14605467,0.0,421.416058546,1.733476902,1.54669808,2.031599037
3.0,8800.0,800.0,251.716668209,2.142511228,3.769829755,0.0,408.130049884,1.881670658,1.750607227,2.023120204
4.0,8800.0,800.0,316.873771856,1.997586172,5.173273748,0.0,447.474774798,1.894613541,1.573025766,3.033375705
4.0,8800.0,800.0,342.409406247,1.875004038,5.550547067,0.0,425.407049129,2.016146616,1.686526087,3.154970144
4.0,8800.0,800.0,321.522407262,1.889105626,4.731679965,0.0,418.132479049,1.941484502,1.68208159,3.083756019
2.0,9600.0,1600.0,144.401491355,1.939601407,3.322878804,0.0,427.703219149,1.346873094,0.996082005,2.100550137
2.0,9600.0,1600.0,150.073002552,1.82798447,2.5964831,0.0,418.698674356,1.481971499,1.122411802,2.131583615
2.0,9600.0,1600.0,153.526869247,1.862767113,2.610713833,0.0,405.124264263,1.407871977,1.309515049,2.090765179
3.0,9600.0,1600.0,227.58999964,1.906493495,3.434326151,0.0,446.155444426,1.683426758,1.289354837,2.353112339
3.0,9600.0,1600.0,222.982771437,1.955292713,3.011028847,0.0,417.205448463,1.84959996,1.355983329,2.226663337
3.0,9600.0,1600.0,221.135461892,1.994125381,3.450254634,0.0,439.961250615,1.76250587,1.43295961,2.160385017
4.0,9600.0,1600.0,310.127127644,2.149596965,5.790567666,0.0,423.605952747,2.111528038,1.761206706,3.125978985
4.0,9600.0,1600.0,357.885935315,2.250338434,4.381464664,0.0,396.170133053,1.992376651,1.609677957,3.039123894
4.0,9600.0,1600.0,317.471789513,2.076171072,4.511159532,0.0,416.862445055,2.548376681,1.784695692,2.914592192
2.0,9000.0,0.0,179.320021406,1.711218644,2.806743157,176.988536839,238.144164845,1.496197423,1.516248429,1.429067714
2.0,9000.0,0.0,166.438142212,1.793837539,3.715825009,170.451124081,238.686505703,1.708957706,1.591776399,1.544341976
2.0,9000.0,0.0,163.474010533,1.617113982,4.082350074,169.538381784,237.628882199,1.660787075,1.638390562,1.503178059
3.0,9000.0,0.0,264.8128745,1.706911715,5.475373777,264.673053568,239.685644829,1.993524828,2.068521013,1.33905228
3.0,9000.0,0.0,284.017651372,1.705585835,3.711085524,274.353964235,240.614324681,2.05414081,2.029216365,1.382630003
3.0,9000.0,0.0,264.836127951,1.688443066,5.177602594,255.12150433,239.75758213,1.911284108,1.945482108,1.480622475
4.0,9000.0,0.0,358.271323955,1.72887878,5.851635883,383.743786693,241.942116748,2.361629956,2.349849741,1.38806961
4.0,9000.0,0.0,372.130538269,1.833628063,6.635313733,370.634642025,241.657063251,2.339926679,2.318232261,1.433262654
4.0,9000.0,0.0,364.272012794,1.929750383,3.187330395,349.401180972,237.50445355,2.262275225,2.295134026,1.47511024
2.0,9900.0,900.0,169.542856318,2.023001915,3.310762184,0.0,235.270107952,1.586979473,1.467597369,2.026095505
2.0,9900.0,900.0,173.133996256,2.370257822,3.24016473,0.0,235.854968177,1.810843698,1.495019539,2.088132669
2.0,9900.0,900.0,188.897278086,2.056221497,2.71652469,0.0,238.7159334,1.683398365,1.408786443,2.251464548
3.0,9900.0,900.0,270.095351415,2.260202433,7.754799141,0.0,239.059884376,2.150746254,1.902723711,2.527495599
3.0,9900.0,900.0,262.601666344,2.22127752,3.863838283,0.0,237.73663269,1.918062743,1.736464588,2.211454531
3.0,9900.0,900.0,251.529714682,2.185542886,4.393479407,0.0,234.077006774,2.047433715,1.833429029,2.16990048
4.0,9900.0,900.0,386.58668671,2.268013684,5.748880904,0.0,239.22438034,2.599531259,2.197594041,3.530870863
4.0,9900.0,900.0,365.646472791,2.405729409,6.471220718,0.0,237.358115847,2.359168674,1.997668815,3.364441913
4.0,9900.0,900.0,358.818984277,2.549848344,7.264836328,0.0,240.783364987,2.398944511,1.993725992,3.38450241
2.0,10800.0,1800.0,169.565699041,2.375967564,3.406036541,0.0,241.108854384,1.834996729,1.348882375,2.335418791
2.0,10800.0,1800.0,164.503832473,2.070479726,2.948030981,0.0,236.230433988,1.795972087,1.383398182,2.221165421
2.0,10800.0,1800.0,169.90131069,2.047583864,2.811672334,0.0,238.784018958,1.825371214,1.37876146,2.292568861
3.0,10800.0,1800.0,262.019206719,2.263650888,3.731150062,0.0,243.55513554,2.353740185,1.736341535,2.88742978
3.0,10800.0,1800.0,294.042765336,2.785072479,4.376840919,0.0,250.178751063,2.828211425,2.391942136,2.856254469
3.0,10800.0,1800.0,275.239632814,2.337694337,4.290688052,0.0,243.071973575,2.295376186,1.966723872,2.522331298
4.0,10800.0,1800.0,384.998522154,2.652120333,4.329021021,0.0,245.706192645,2.510493697,2.677131267,3.709454963
4.0,10800.0,1800.0,373.675730443,2.563608076,4.350170639,0.0,244.500874748,2.698847017,2.084954177,3.693816398
4.0,10800.0,1800.0,385.269068426,2.364591964,4.931619316,0.0,247.803660963,2.657482144,2.173845396,3.622493402
2.0,10000.0,0.0,223.060766873,2.329036332,4.084696556,227.570760411,473.903782226,1.924094128,1.966989732,1.811033289
2.0,10000.0,0.0,223.119977084,2.266399923,4.018329621,223.061710786,478.857204,2.00272837,1.983671131,1.623643894
2.0,10000.0,0.0,225.460416737,1.955080257,4.218129071,219.860166593,469.352599105,2.07741931,2.152793648,1.791891075
3.0,10000.0,0.0,338.537612828,2.087553105,4.816753814,346.431032407,473.811980401,2.420302109,2.426117329,1.559739212
3.0,10000.0,0.0,336.642330429,2.044006639,5.253681545,332.784254063,472.212562094,2.281514835,2.267119763,1.770180618
3.0,10000.0,0.0,358.559633277,2.145244944,5.884151142,349.596600277,474.443787599,2.435773297,2.430704293,1.812898414
4.0,10000.0,0.0,465.103203071,2.417045607,4.481546087,458.612670225,473.703107984,2.864808318,2.881219131,1.761851642
4.0,10000.0,0.0,507.298289548,2.002776143,5.277441355,479.913986922,469.827101198,2.882962771,2.824730535,1.740708694
4.0,10000.0,0.0,453.539146256,2.095836126,5.16678954,472.305348108,468.096631354,2.710541893,2.756266229,1.832537534
2.0,11000.0,1000.0,246.934527396,2.621775032,3.526333092,0.0,471.739545584,2.10539171,1.756346636,2.435091309
2.0,11000.0,1000.0,226.481370166,2.640365766,3.568232538,0.0,474.863305069,2.059123388,1.731254992,2.404310668
2.0,11000.0,1000.0,265.286195565,2.824083917,3.766036737,0.0,470.910819303,2.24290811,1.86947047,2.738597644
3.0,11000.0,1000.0,369.342350061,2.676939082,6.673689758,0.0,472.957606968,2.606079845,2.191834243,2.626504455
3.0,11000.0,1000.0,355.338631525,2.856457996,5.843400862,0.0,480.141391862,2.468844944,2.10120871,2.737772968
3.0,11000.0,1000.0,347.544336304,2.586934293,7.120861769,0.0,474.422503665,2.444859255,2.174625702,2.634368649
4.0,11000.0,1000.0,615.194615045,2.95066999,17.966941267,0.0,475.890658834,2.886117633,2.380550808,3.949717328
4.0,11000.0,1000.0,471.965383223,3.034863234,8.637007129,0.0,478.406984633,3.014870961,2.470361895,4.094028
4.0,11000.0,1000.0,467.891282808,2.884270047,7.445404732,0.0,476.692862839,3.019829415,2.668802952,4.116086314
2.0,12000.0,2000.0,231.085166388,2.49163216,4.741767089,0.0,488.588884651,2.107034448,1.585683368,2.710053402
2.0,12000.0,2000.0,222.832500886,2.492729735,3.567704247,0.0,480.530193894,2.026824472,1.581071336,2.756405927
2.0,12000.0,2000.0,236.586933966,2.4565437,3.291702019,0.0,490.614637441,2.077279175,1.618573725,2.843205956
3.0,12000.0,2000.0,345.158623233,2.916669978,5.002260981,0.0,476.233993225,2.676356407,2.245512398,2.942857275
3.0,12000.0,2000.0,341.085849178,2.700388662,4.266449155,0.0,477.39735996,2.4172239,1.987482433,2.753477379
3.0,12000.0,2000.0,339.053750264,3.229990346,5.408500442,0.0,470.525121743,2.550627104,2.128408262,2.937867552
4.0,12000.0,2000.0,582.115224055,2.846780407,8.187228635,0.0,482.996735617,3.027423562,2.33750254,4.211459166
4.0,12000.0,2000.0,460.981438261,2.965270618,8.767984928,0.0,495.807978256,3.104005012,2.493119644,4.133835482
4.0,12000.0,2000.0,477.697458827,3.053792244,6.367511865,0.0,482.580386012,3.077243836,2.306545332,4.058472729
2.0,11000.0,0.0,244.116710002,2.651192104,5.367920906,236.994145112,460.753785547,2.684123251,2.579327693,1.752108753
2.0,11000.0,0.0,243.534937205,2.25182586,4.592401189,252.422228288,477.12012721,2.501447996,2.526676861,1.997361426
2.0,11000.0,0.0,257.349552655,2.41333159,6.114526087,251.657459093,446.943193993,2.445563492,2.382581508,2.102015244
3.0,11000.0,0.0,393.806763764,2.877575133,7.081907596,400.751928666,466.759610796,2.984020374,3.060048316,1.910096398
3.0,11000.0,0.0,387.770889942,2.557375685,7.358395093,416.740724731,435.14000927,2.838465517,3.260840401,2.237739058
3.0,11000.0,0.0,391.015550449,2.34436003,7.638781845,383.709700193,496.879632795,2.870026227,2.876675621,2.187865138
4.0,11000.0,0.0,537.46956955,2.7103504,10.626467892,570.55619252,502.1895575,3.410205545,3.330028861,1.892750884
4.0,11000.0,0.0,552.083983031,2.65081171,8.474355054,524.419368978,496.242298621,3.512114464,3.417314705,2.142181122
4.0,11000.0,0.0,545.206691565,2.481503404,8.604290436,543.010161852,486.546563398,3.519589706,3.462427945,2.288502563
2.0,12100.0,1100.0,253.034830081,3.137596549,4.585788778,0.0,457.095398222,2.51686667,2.235958164,2.813255436
2.0,12100.0,1100.0,250.17230546,3.085143432,4.16988177,0.0,439.591366878,2.690366384,2.306105668,2.853919364
2.0,12100.0,1100.0,256.21526804,2.967438509,3.91642534,0.0,468.14197761,2.887507491,2.306701815,3.002584673
3.0,12100.0,1100.0,433.66366141,3.335072013,14.646758563,0.0,464.268789534,3.182587728,2.930361246,3.189951378
3.0,12100.0,1100.0,420.998935279,3.409514852,5.578159424,0.0,468.659296284,2.934350461,2.533612608,3.043854527
3.0,12100.0,1100.0,391.226088247,3.112347509,12.744598198,0.0,456.144222869,3.043701684,2.5651739,3.072186964
4.0,12100.0,1100.0,600.340619605,3.28479463,6.906327666,0.0,446.717436158,3.413389695,2.763716668,4.517202319
4.0,12100.0,1100.0,538.418296093,3.646460229,16.120041693,0.0,440.535805264,3.318257892,2.659622484,4.228684471
4.0,12100.0,1100.0,521.65716185,3.737308097,8.197299095,0.0,492.359881487,3.579027236,2.989855091,4.47293795
2.0,13200.0,2200.0,266.076544089,3.091352096,4.940831263,0.0,464.240167641,2.546753365,2.22816563,3.126438677
2.0,13200.0,2200.0,244.243961342,3.165737224,5.046189002,0.0,485.021749506,2.782854168,2.14271445,3.243046946
2.0,13200.0,2200.0,256.447793778,3.141505085,4.332544067,0.0,444.957212927,2.728091373,2.17580706,3.283340953
3.0,13200.0,2200.0,423.563872938,3.289463965,4.7518174,0.0,486.461716819,3.203609522,2.551224952,3.253063465
3.0,13200.0,2200.0,394.951312464,3.350715057,5.205928889,0.0,467.21183055,3.428591602,2.722980037,3.28971364
3.0,13200.0,2200.0,417.309921557,3.197569495,4.632461814,0.0,447.633165487,3.169088298,2.672470798,3.384924812
4.0,13200.0,2200.0,585.95248992,3.495569549,6.930984031,0.0,491.045904013,3.250049867,2.565520084,4.599526707
4.0,13200.0,2200.0,547.21440866,3.630706629,11.560535473,0.0,488.419389184,3.747270474,2.90855129,4.417859307
4.0,13200.0,2200.0,558.668789951,3.364289136,5.855257117,0.0,467.568208507,3.624877507,2.710909367,4.619624961
2.0,12000.0,0.0,323.772970658,2.892572294,6.713031935,339.336027489,704.986575405,2.501131675,2.516020684,2.069573405
2.0,12000.0,0.0,314.708203103,3.079385466,8.822134809,303.546029474,702.748564761,2.725322371,2.719707302,2.253227115
2.0,12000.0,0.0,291.327125114,2.712848718,7.100078493,290.786777762,708.931307348,2.573891314,2.55788629,2.573477354
3.0,12000.0,0.0,465.411872402,3.041653842,7.27130381,463.297684701,697.10933855,2.991056806,2.938138411,2.587127504
3.0,12000.0,0.0,480.951670638,2.678717255,6.283278899,483.024879321,687.196929972,3.306342564,3.170231367,2.310765762
3.0,12000.0,0.0,466.431419925,2.950006432,9.18354797,479.66945867,692.821001777,3.019345939,2.978252058,2.523584787
4.0,12000.0,0.0,649.454312243,2.861789726,11.805526966,651.676962712,693.635369549,3.732516091,3.657303768,2.300220233
4.0,12000.0,0.0,640.400035596,2.722353263,9.812425796,645.725106791,691.447456266,4.022580988,3.75170465,3.744410058
4.0,12000.0,0.0,624.017100519,2.847445297,9.527317527,617.187574911,699.788450338,4.215386799,4.103504407,3.267233711
2.0,13200.0,1200.0,296.357402514,3.289515396,4.441748219,0.0,700.130385135,2.572196221,2.146302019,3.079718748
2.0,13200.0,1200.0,281.418667121,3.237283266,4.301988545,0.0,702.413530192,2.689462928,2.223888955,3.127446494
2.0,13200.0,1200.0,289.910477123,3.838406874,5.078919692,0.0,705.383824798,2.802967297,2.594550141,3.607167505
3.0,13200.0,1200.0,488.515201973,3.694257022,16.527287104,0.0,699.672401352,3.499854447,3.001683974,3.447844516
3.0,13200.0,1200.0,471.999590668,4.050230068,6.091039918,0.0,707.188067188,3.274810165,2.810455573,3.437310692
3.0,13200.0,1200.0,499.130056875,3.80743921,19.66501584,0.0,697.184233818,3.383227766,2.824876097,3.494036633
4.0,13200.0,1200.0,648.892806606,4.03405957,23.363831168,0.0,712.809424414,4.060922745,3.184531034,5.089859748
4.0,13200.0,1200.0,760.024153222,3.930516579,9.683712015,0.0,704.33301678,4.095102884,3.141242049,5.09069355
4.0,13200.0,1200.0,668.538149201,4.114232719,12.755462531,0.0,696.025824277,4.242863503,3.414801225,4.891781473
2.0,14400.0,2400.0,286.088284822,3.251601225,7.100905352,0.0,700.48831849,2.695618495,2.034057479,3.810537678
2.0,14400.0,2400.0,293.593884619,3.566662625,4.547064391,0.0,708.770298431,2.875288553,2.172300357,3.381826224
2.0,14400.0,2400.0,293.839729689,4.821706593,6.138202736,0.0,714.891161942,2.763955976,2.153448441,3.904410707
3.0,14400.0,2400.0,431.877580846,3.714286166,5.328516482,0.0,685.504725795,3.097297766,2.5228636,3.523829963
3.0,14400.0,2400.0,445.547616964,3.61863789,6.57081398,0.0,688.588801092,3.085766931,2.498168722,3.536741643
3.0,14400.0,2400.0,506.155746559,3.536568308,5.501265806,0.0,696.869476228,3.093489022,2.537753123,3.675007564
4.0,14400.0,2400.0,616.707502709,4.018957422,9.741703199,0.0,687.800256897,3.863208967,2.79614407,5.005628703
4.0,14400.0,2400.0,621.896719641,4.134644667,7.189259682,0.0,688.399123219,5.022522026,2.867411073,4.906543071
4.0,14400.0,2400.0,596.981435535,3.755197366,7.248765417,0.0,696.017474173,4.179571128,3.225584171,4.939346272
2.0,13000.0,0.0,317.484555634,2.776348657,6.51595487,325.442534231,637.977936816,3.134576743,3.227935841,2.583827402
2.0,13000.0,0.0,343.400060135,3.045604003,4.718909637,316.16054794,626.841792991,2.661389105,2.707296204,2.579162457
2.0,13000.0,0.0,338.222589122,3.121003778,6.548108798,369.450386909,631.304771302,2.956412285,2.897293575,2.914521442
3.0,13000.0,0.0,489.07077818,2.862232512,7.015256327,511.209337305,628.621785287,3.723720194,3.608884278,2.549471919
3.0,13000.0,0.0,484.722756204,2.907615845,9.695380543,488.150982859,626.615253237,3.550768036,3.578669312,2.311670046
3.0,13000.0,0.0,506.600161363,3.334813424,8.046274401,495.466342444,622.286945104,3.627431594,3.672935097,2.63018411
4.0,13000.0,0.0,757.806598798,3.124208149,6.639101143,719.637711237,634.355339918,4.167642817,4.257119453,3.567260805
4.0,13000.0,0.0,784.915777076,3.579413991,12.841002724,657.62251576,654.355811052,4.086651244,4.358653601,2.453282463
4.0,13000.0,0.0,717.317329559,3.39466719,9.012009589,708.164893512,682.674082663,5.145154267,5.587601274,3.731622598
0.0,0.0,0.0,0.0,0.0,0.0,0.0,0.0,0.0,0.0,0.0
0.0,0.0,0.0,0.0,0.0,0.0,0.0,0.0,0.0,0.0,0.0
0.0,0.0,0.0,0.0,0.0,0.0,0.0,0.0,0.0,0.0,0.0
0.0,0.0,0.0,0.0,0.0,0.0,0.0,0.0,0.0,0.0,0.0
0.0,0.0,0.0,0.0,0.0,0.0,0.0,0.0,0.0,0.0,0.0
0.0,0.0,0.0,0.0,0.0,0.0,0.0,0.0,0.0,0.0,0.0
0.0,0.0,0.0,0.0,0.0,0.0,0.0,0.0,0.0,0.0,0.0
0.0,0.0,0.0,0.0,0.0,0.0,0.0,0.0,0.0,0.0,0.0
0.0,0.0,0.0,0.0,0.0,0.0,0.0,0.0,0.0,0.0,0.0
0.0,0.0,0.0,0.0,0.0,0.0,0.0,0.0,0.0,0.0,0.0
0.0,0.0,0.0,0.0,0.0,0.0,0.0,0.0,0.0,0.0,0.0
0.0,0.0,0.0,0.0,0.0,0.0,0.0,0.0,0.0,0.0,0.0
0.0,0.0,0.0,0.0,0.0,0.0,0.0,0.0,0.0,0.0,0.0
0.0,0.0,0.0,0.0,0.0,0.0,0.0,0.0,0.0,0.0,0.0
0.0,0.0,0.0,0.0,0.0,0.0,0.0,0.0,0.0,0.0,0.0
0.0,0.0,0.0,0.0,0.0,0.0,0.0,0.0,0.0,0.0,0.0
0.0,0.0,0.0,0.0,0.0,0.0,0.0,0.0,0.0,0.0,0.0
0.0,0.0,0.0,0.0,0.0,0.0,0.0,0.0,0.0,0.0,0.0
0.0,0.0,0.0,0.0,0.0,0.0,0.0,0.0,0.0,0.0,0.0
0.0,0.0,0.0,0.0,0.0,0.0,0.0,0.0,0.0,0.0,0.0
0.0,0.0,0.0,0.0,0.0,0.0,0.0,0.0,0.0,0.0,0.0
0.0,0.0,0.0,0.0,0.0,0.0,0.0,0.0,0.0,0.0,0.0
0.0,0.0,0.0,0.0,0.0,0.0,0.0,0.0,0.0,0.0,0.0
0.0,0.0,0.0,0.0,0.0,0.0,0.0,0.0,0.0,0.0,0.0
0.0,0.0,0.0,0.0,0.0,0.0,0.0,0.0,0.0,0.0,0.0
0.0,0.0,0.0,0.0,0.0,0.0,0.0,0.0,0.0,0.0,0.0
0.0,0.0,0.0,0.0,0.0,0.0,0.0,0.0,0.0,0.0,0.0
0.0,0.0,0.0,0.0,0.0,0.0,0.0,0.0,0.0,0.0,0.0
0.0,0.0,0.0,0.0,0.0,0.0,0.0,0.0,0.0,0.0,0.0
0.0,0.0,0.0,0.0,0.0,0.0,0.0,0.0,0.0,0.0,0.0
0.0,0.0,0.0,0.0,0.0,0.0,0.0,0.0,0.0,0.0,0.0
0.0,0.0,0.0,0.0,0.0,0.0,0.0,0.0,0.0,0.0,0.0
0.0,0.0,0.0,0.0,0.0,0.0,0.0,0.0,0.0,0.0,0.0
0.0,0.0,0.0,0.0,0.0,0.0,0.0,0.0,0.0,0.0,0.0
0.0,0.0,0.0,0.0,0.0,0.0,0.0,0.0,0.0,0.0,0.0
0.0,0.0,0.0,0.0,0.0,0.0,0.0,0.0,0.0,0.0,0.0
0.0,0.0,0.0,0.0,0.0,0.0,0.0,0.0,0.0,0.0,0.0
0.0,0.0,0.0,0.0,0.0,0.0,0.0,0.0,0.0,0.0,0.0
0.0,0.0,0.0,0.0,0.0,0.0,0.0,0.0,0.0,0.0,0.0
0.0,0.0,0.0,0.0,0.0,0.0,0.0,0.0,0.0,0.0,0.0
0.0,0.0,0.0,0.0,0.0,0.0,0.0,0.0,0.0,0.0,0.0
0.0,0.0,0.0,0.0,0.0,0.0,0.0,0.0,0.0,0.0,0.0
0.0,0.0,0.0,0.0,0.0,0.0,0.0,0.0,0.0,0.0,0.0
0.0,0.0,0.0,0.0,0.0,0.0,0.0,0.0,0.0,0.0,0.0
0.0,0.0,0.0,0.0,0.0,0.0,0.0,0.0,0.0,0.0,0.0
0.0,0.0,0.0,0.0,0.0,0.0,0.0,0.0,0.0,0.0,0.0
0.0,0.0,0.0,0.0,0.0,0.0,0.0,0.0,0.0,0.0,0.0
0.0,0.0,0.0,0.0,0.0,0.0,0.0,0.0,0.0,0.0,0.0
0.0,0.0,0.0,0.0,0.0,0.0,0.0,0.0,0.0,0.0,0.0
0.0,0.0,0.0,0.0,0.0,0.0,0.0,0.0,0.0,0.0,0.0
0.0,0.0,0.0,0.0,0.0,0.0,0.0,0.0,0.0,0.0,0.0
0.0,0.0,0.0,0.0,0.0,0.0,0.0,0.0,0.0,0.0,0.0
0.0,0.0,0.0,0.0,0.0,0.0,0.0,0.0,0.0,0.0,0.0
0.0,0.0,0.0,0.0,0.0,0.0,0.0,0.0,0.0,0.0,0.0
0.0,0.0,0.0,0.0,0.0,0.0,0.0,0.0,0.0,0.0,0.0
0.0,0.0,0.0,0.0,0.0,0.0,0.0,0.0,0.0,0.0,0.0
0.0,0.0,0.0,0.0,0.0,0.0,0.0,0.0,0.0,0.0,0.0
0.0,0.0,0.0,0.0,0.0,0.0,0.0,0.0,0.0,0.0,0.0
0.0,0.0,0.0,0.0,0.0,0.0,0.0,0.0,0.0,0.0,0.0
0.0,0.0,0.0,0.0,0.0,0.0,0.0,0.0,0.0,0.0,0.0
0.0,0.0,0.0,0.0,0.0,0.0,0.0,0.0,0.0,0.0,0.0
0.0,0.0,0.0,0.0,0.0,0.0,0.0,0.0,0.0,0.0,0.0
0.0,0.0,0.0,0.0,0.0,0.0,0.0,0.0,0.0,0.0,0.0
0.0,0.0,0.0,0.0,0.0,0.0,0.0,0.0,0.0,0.0,0.0
0.0,0.0,0.0,0.0,0.0,0.0,0.0,0.0,0.0,0.0,0.0
0.0,0.0,0.0,0.0,0.0,0.0,0.0,0.0,0.0,0.0,0.0
0.0,0.0,0.0,0.0,0.0,0.0,0.0,0.0,0.0,0.0,0.0
0.0,0.0,0.0,0.0,0.0,0.0,0.0,0.0,0.0,0.0,0.0
0.0,0.0,0.0,0.0,0.0,0.0,0.0,0.0,0.0,0.0,0.0
0.0,0.0,0.0,0.0,0.0,0.0,0.0,0.0,0.0,0.0,0.0
0.0,0.0,0.0,0.0,0.0,0.0,0.0,0.0,0.0,0.0,0.0
0.0,0.0,0.0,0.0,0.0,0.0,0.0,0.0,0.0,0.0,0.0
