dependency,skus,service_level,wareh,diff,buffer,heuristic,parcel_train,parcel_test,duration
EF,1000,1.0,2,0.0,0.0,CHIM,154937,154948,12.046913
EF,1000,1.0,2,0.0,0.0,CHI,153233,154787,0.3954589
EF,1000,1.0,2,0.0,0.0,RND,155142,155030,0.5763147
EF,1000,0.9,2,0.0,0.0,CHIM,154977,154952,0.2916655
EF,1000,0.9,2,0.0,0.0,CHI,153194,154903,0.3157555
EF,1000,0.9,2,0.0,0.0,RND,155168,155047,0.3036218
EF,1000,0.8,2,0.0,0.0,CHIM,154977,154952,0.2745726
EF,1000,0.8,2,0.0,0.0,CHI,153194,154903,0.2889948
EF,1000,0.8,2,0.0,0.0,RND,155168,155032,0.3035203
EF,1000,0.7,2,0.0,0.0,CHIM,154931,154960,0.2554197
EF,1000,0.7,2,0.0,0.0,CHI,153090,154980,0.3123984
EF,1000,0.7,2,0.0,0.0,RND,155168,155034,0.2851444
EF,1000,0.6,2,0.0,0.0,CHIM,154931,154960,0.2892341
EF,1000,0.6,2,0.0,0.0,CHI,153090,154980,0.2893906
EF,1000,0.6,2,0.0,0.0,RND,155169,155036,0.282035
EF,1000,0.5,2,0.0,0.0,CHIM,154931,154960,0.3255605
EF,1000,0.5,2,0.0,0.0,CHI,153090,154980,0.2968659
EF,1000,0.5,2,0.0,0.0,RND,155171,155030,0.2668736
EF,1000,0.4,2,0.0,0.0,CHIM,154961,154929,0.3023957
EF,1000,0.4,2,0.0,0.0,CHI,153211,154791,0.3178313
EF,1000,0.4,2,0.0,0.0,RND,155170,155037,0.3015752
EF,1000,0.3,2,0.0,0.0,CHIM,154958,154942,0.3028198
EF,1000,0.3,2,0.0,0.0,CHI,153124,154917,0.3082819
EF,1000,0.3,2,0.0,0.0,RND,155153,155023,0.3144213
EF,1000,0.2,2,0.0,0.0,CHIM,154954,154952,0.3027745
EF,1000,0.2,2,0.0,0.0,CHI,153081,155009,0.2961269
EF,1000,0.2,2,0.0,0.0,RND,155168,155037,0.3197956
EF,1000,0.1,2,0.0,0.0,CHIM,154947,154929,0.2997542
EF,1000,0.1,2,0.0,0.0,CHI,153305,154896,0.2982668
EF,1000,0.1,2,0.0,0.0,RND,155160,155021,0.3278119
EF,1000,0.09,2,0.0,0.0,CHIM,154941,154977,0.2935883
EF,1000,0.09,2,0.0,0.0,CHI,153386,155095,0.3145787
EF,1000,0.09,2,0.0,0.0,RND,155172,155033,0.2964826
EF,1000,0.08,2,0.0,0.0,CHIM,154941,154977,0.3004832
EF,1000,0.08,2,0.0,0.0,CHI,153386,155095,0.3196729
EF,1000,0.08,2,0.0,0.0,RND,155162,155033,0.2919723
EF,1000,0.07,2,0.0,0.0,CHIM,154924,154968,0.3200546
EF,1000,0.07,2,0.0,0.0,CHI,153131,154864,0.3319199
EF,1000,0.07,2,0.0,0.0,RND,155187,155015,0.2956023
EF,1000,0.06,2,0.0,0.0,CHIM,154940,154937,0.3165753
EF,1000,0.06,2,0.0,0.0,CHI,153035,155121,0.3425048
EF,1000,0.06,2,0.0,0.0,RND,155168,155015,0.3226389
EF,1000,0.05,2,0.0,0.0,CHIM,154940,154937,0.3056268
EF,1000,0.05,2,0.0,0.0,CHI,153035,155121,0.3652589
EF,1000,0.05,2,0.0,0.0,RND,155174,155041,0.3040531
EF,1000,0.04,2,0.0,0.0,CHIM,154940,154937,0.3043092
EF,1000,0.04,2,0.0,0.0,CHI,153035,155121,0.3126815
EF,1000,0.04,2,0.0,0.0,RND,155153,155017,0.2742712
EF,1000,0.03,2,0.0,0.0,CHIM,154940,154937,0.2987309
EF,1000,0.03,2,0.0,0.0,CHI,153035,155121,0.3402955
EF,1000,0.03,2,0.0,0.0,RND,155157,155022,0.3120306
EF,1000,0.02,2,0.0,0.0,CHIM,154938,154931,0.296326
EF,1000,0.02,2,0.0,0.0,CHI,153118,154865,0.3332248
EF,1000,0.02,2,0.0,0.0,RND,155172,155024,0.3693676
EF,1000,0.01,2,0.0,0.0,CHIM,154947,154953,0.3207243
EF,1000,0.01,2,0.0,0.0,CHI,153151,154894,0.3096953
EF,1000,0.01,2,0.0,0.0,RND,155168,155040,0.2580514
EF,1000,0.009,2,0.0,0.0,CHIM,154937,154932,0.3054175
EF,1000,0.009,2,0.0,0.0,CHI,152949,155079,0.3386168
EF,1000,0.009,2,0.0,0.0,RND,155165,155023,0.2547945
EF,1000,0.008,2,0.0,0.0,CHIM,154941,154929,0.2886386
EF,1000,0.008,2,0.0,0.0,CHI,153122,154903,0.2887063
EF,1000,0.008,2,0.0,0.0,RND,155152,155027,0.2151095
EF,1000,0.007,2,0.0,0.0,CHIM,154941,154929,0.287641
EF,1000,0.007,2,0.0,0.0,CHI,153122,154903,0.3005162
EF,1000,0.007,2,0.0,0.0,RND,155141,155035,0.2161983
EF,1000,0.006,2,0.0,0.0,CHIM,154929,154908,0.2783487
EF,1000,0.006,2,0.0,0.0,CHI,153359,155049,0.2865532
EF,1000,0.006,2,0.0,0.0,RND,155169,155030,0.2146601
EF,1000,0.005,2,0.0,0.0,CHIM,154929,154908,0.2679044
EF,1000,0.005,2,0.0,0.0,CHI,153359,155049,0.2855049
EF,1000,0.005,2,0.0,0.0,RND,155151,155020,0.2239756
EF,1000,0.004,2,0.0,0.0,CHIM,154939,154888,0.2909297
EF,1000,0.004,2,0.0,0.0,CHI,153217,155058,0.3070681
EF,1000,0.004,2,0.0,0.0,RND,155158,155043,0.2177802
EF,1000,0.003,2,0.0,0.0,CHIM,154939,154888,0.2697876
EF,1000,0.003,2,0.0,0.0,CHI,153217,155058,0.2890463
EF,1000,0.003,2,0.0,0.0,RND,155166,155024,0.2271526
EF,1000,0.002,2,0.0,0.0,CHIM,154955,154907,0.2758373
EF,1000,0.002,2,0.0,0.0,CHI,153239,154807,0.2822986
EF,1000,0.002,2,0.0,0.0,RND,155177,155024,0.2463521
EF,1000,0.001,2,0.0,0.0,CHIM,154955,154907,0.2650087
EF,1000,0.001,2,0.0,0.0,CHI,153239,154807,0.2919371
EF,1000,0.001,2,0.0,0.0,RND,155158,155062,0.2639929
EF,1000,0.0009,2,0.0,0.0,CHIM,154943,154908,0.2799287
EF,1000,0.0009,2,0.0,0.0,CHI,152964,155037,0.2962889
EF,1000,0.0009,2,0.0,0.0,RND,155182,155021,0.2460662
EF,1000,0.0008,2,0.0,0.0,CHIM,154943,154908,0.2710274
EF,1000,0.0008,2,0.0,0.0,CHI,152964,155037,0.2883118
EF,1000,0.0008,2,0.0,0.0,RND,155164,155042,0.2623745
EF,1000,0.0007,2,0.0,0.0,CHIM,154943,154908,0.2671584
EF,1000,0.0007,2,0.0,0.0,CHI,152964,155037,0.3069524
EF,1000,0.0007,2,0.0,0.0,RND,155166,155015,0.2998301
EF,1000,0.0006,2,0.0,0.0,CHIM,154943,154908,0.3210329
EF,1000,0.0006,2,0.0,0.0,CHI,152964,155037,0.3018938
EF,1000,0.0006,2,0.0,0.0,RND,155155,155022,0.2895713
EF,1000,0.0005,2,0.0,0.0,CHIM,154944,154895,0.3198088
EF,1000,0.0005,2,0.0,0.0,CHI,153144,155020,0.3231718
EF,1000,0.0005,2,0.0,0.0,RND,155164,155025,0.2965232
EF,1000,0.0004,2,0.0,0.0,CHIM,154944,154895,0.3246939
EF,1000,0.0004,2,0.0,0.0,CHI,153144,155020,0.3176798
EF,1000,0.0004,2,0.0,0.0,RND,155182,155032,0.2650971
EF,1000,0.0003,2,0.0,0.0,CHIM,154944,154895,0.3246062
EF,1000,0.0003,2,0.0,0.0,CHI,153144,155020,0.3221788
EF,1000,0.0003,2,0.0,0.0,RND,155147,155031,0.2291266
EF,1000,0.0002,2,0.0,0.0,CHIM,154944,154895,0.322942
EF,1000,0.0002,2,0.0,0.0,CHI,153144,155020,0.3027833
EF,1000,0.0002,2,0.0,0.0,RND,155167,155022,0.2568319
EF,1000,0.0001,2,0.0,0.0,CHIM,154944,154895,0.3138452
EF,1000,0.0001,2,0.0,0.0,CHI,153144,155020,0.3272823
EF,1000,0.0001,2,0.0,0.0,RND,155179,155031,0.2799821
EF,1000,9.0e-5,2,0.0,0.0,CHIM,154944,154895,0.3570323
EF,1000,9.0e-5,2,0.0,0.0,CHI,153144,155020,0.3304881
EF,1000,9.0e-5,2,0.0,0.0,RND,155168,155033,0.2741729
EF,1000,8.0e-5,2,0.0,0.0,CHIM,154944,154895,0.3256642
EF,1000,8.0e-5,2,0.0,0.0,CHI,153144,155020,0.3339775
EF,1000,8.0e-5,2,0.0,0.0,RND,155165,155024,0.2227466
EF,1000,7.0e-5,2,0.0,0.0,CHIM,154944,154895,0.3328956
EF,1000,7.0e-5,2,0.0,0.0,CHI,153144,155020,0.348611
EF,1000,7.0e-5,2,0.0,0.0,RND,155164,155022,0.2511661
EF,1000,6.0e-5,2,0.0,0.0,CHIM,154944,154895,0.3378998
EF,1000,6.0e-5,2,0.0,0.0,CHI,153144,155020,0.3086926
EF,1000,6.0e-5,2,0.0,0.0,RND,155158,155016,0.2751297
EF,1000,5.0e-5,2,0.0,0.0,CHIM,154944,154895,0.3118349
EF,1000,5.0e-5,2,0.0,0.0,CHI,153144,155020,0.3261617
EF,1000,5.0e-5,2,0.0,0.0,RND,155164,155042,0.2456646
EF,1000,4.0e-5,2,0.0,0.0,CHIM,154944,154895,0.3193415
EF,1000,4.0e-5,2,0.0,0.0,CHI,153144,155020,0.3193988
EF,1000,4.0e-5,2,0.0,0.0,RND,155167,155017,0.2354725
EF,1000,3.0e-5,2,0.0,0.0,CHIM,154944,154895,0.31021
EF,1000,3.0e-5,2,0.0,0.0,CHI,153144,155020,0.3236815
EF,1000,3.0e-5,2,0.0,0.0,RND,155174,155020,0.2790334
EF,1000,2.0e-5,2,0.0,0.0,CHIM,154944,154895,0.299977
EF,1000,2.0e-5,2,0.0,0.0,CHI,153144,155020,0.3122021
EF,1000,2.0e-5,2,0.0,0.0,RND,155157,155031,0.2612202
EF,1000,1.0e-5,2,0.0,0.0,CHIM,154944,154895,0.3120149
EF,1000,1.0e-5,2,0.0,0.0,CHI,153144,155020,0.3280837
EF,1000,1.0e-5,2,0.0,0.0,RND,155152,155013,0.2454437
EF,1000,9.0e-6,2,0.0,0.0,CHIM,154944,154895,0.3023024
EF,1000,9.0e-6,2,0.0,0.0,CHI,153144,155020,0.3198831
EF,1000,9.0e-6,2,0.0,0.0,RND,155169,155047,0.240937
EF,1000,8.0e-6,2,0.0,0.0,CHIM,154944,154895,0.2955213
EF,1000,8.0e-6,2,0.0,0.0,CHI,153144,155020,0.3256439
EF,1000,8.0e-6,2,0.0,0.0,RND,155177,155016,0.2422321
EF,1000,7.0e-6,2,0.0,0.0,CHIM,154944,154895,0.3152676
EF,1000,7.0e-6,2,0.0,0.0,CHI,153144,155020,0.301548
EF,1000,7.0e-6,2,0.0,0.0,RND,155162,155026,0.2321874
EF,1000,6.0e-6,2,0.0,0.0,CHIM,154957,154883,0.3133564
EF,1000,6.0e-6,2,0.0,0.0,CHI,153155,155132,0.314981
EF,1000,6.0e-6,2,0.0,0.0,RND,155170,155034,0.2499932
EF,1000,5.0e-6,2,0.0,0.0,CHIM,154957,154883,0.2958923
EF,1000,5.0e-6,2,0.0,0.0,CHI,153155,155132,0.3235635
EF,1000,5.0e-6,2,0.0,0.0,RND,155172,155024,0.2718033
EF,1000,4.0e-6,2,0.0,0.0,CHIM,154957,154883,0.2871558
EF,1000,4.0e-6,2,0.0,0.0,CHI,153155,155132,0.3209224
EF,1000,4.0e-6,2,0.0,0.0,RND,155174,155006,0.2920569
EF,1000,3.0e-6,2,0.0,0.0,CHIM,154957,154883,0.2756886
EF,1000,3.0e-6,2,0.0,0.0,CHI,153155,155132,0.3254186
EF,1000,3.0e-6,2,0.0,0.0,RND,155185,155032,0.2572596
EF,1000,2.0e-6,2,0.0,0.0,CHIM,154957,154883,0.2909157
EF,1000,2.0e-6,2,0.0,0.0,CHI,153155,155132,0.3061367
EF,1000,2.0e-6,2,0.0,0.0,RND,155157,155036,0.2407445
EF,1000,1.0,2,0.1,0.0,CHIM,154163,154359,0.2770773
EF,1000,1.0,2,0.1,0.0,CHI,152565,154559,0.323141
EF,1000,1.0,2,0.1,0.0,RND,154713,154584,0.2458616
EF,1000,0.9,2,0.1,0.0,CHIM,154163,154359,0.2824809
EF,1000,0.9,2,0.1,0.0,CHI,152565,154559,0.3050145
EF,1000,0.9,2,0.1,0.0,RND,154714,154585,0.2427527
EF,1000,0.8,2,0.1,0.0,CHIM,154156,154374,0.2947753
EF,1000,0.8,2,0.1,0.0,CHI,152655,154555,0.2965314
EF,1000,0.8,2,0.1,0.0,RND,154704,154563,0.2390247
EF,1000,0.7,2,0.1,0.0,CHIM,154154,154393,0.3053265
EF,1000,0.7,2,0.1,0.0,CHI,152500,154588,0.3086554
EF,1000,0.7,2,0.1,0.0,RND,154711,154591,0.2653508
EF,1000,0.6,2,0.1,0.0,CHIM,154150,154389,0.2945103
EF,1000,0.6,2,0.1,0.0,CHI,152729,154390,0.2929808
EF,1000,0.6,2,0.1,0.0,RND,154711,154575,0.2206891
EF,1000,0.5,2,0.1,0.0,CHIM,154150,154389,0.2889687
EF,1000,0.5,2,0.1,0.0,CHI,152729,154390,0.3084579
EF,1000,0.5,2,0.1,0.0,RND,154701,154587,0.2343866
EF,1000,0.4,2,0.1,0.0,CHIM,154227,154404,0.2829527
EF,1000,0.4,2,0.1,0.0,CHI,152600,154532,0.3139231
EF,1000,0.4,2,0.1,0.0,RND,154706,154582,0.2415398
EF,1000,0.3,2,0.1,0.0,CHIM,154227,154404,0.2891456
EF,1000,0.3,2,0.1,0.0,CHI,152600,154532,0.3143335
EF,1000,0.3,2,0.1,0.0,RND,154725,154582,0.2606406
EF,1000,0.2,2,0.1,0.0,CHIM,154227,154404,0.287386
EF,1000,0.2,2,0.1,0.0,CHI,152600,154532,0.3070469
EF,1000,0.2,2,0.1,0.0,RND,154707,154581,0.268889
EF,1000,0.1,2,0.1,0.0,CHIM,154217,154379,0.2867493
EF,1000,0.1,2,0.1,0.0,CHI,152590,154643,0.3192356
EF,1000,0.1,2,0.1,0.0,RND,154708,154582,0.2585858
EF,1000,0.09,2,0.1,0.0,CHIM,154219,154417,0.2852812
EF,1000,0.09,2,0.1,0.0,CHI,152481,154600,0.3266236
EF,1000,0.09,2,0.1,0.0,RND,154713,154595,0.2214551
EF,1000,0.08,2,0.1,0.0,CHIM,154219,154417,0.3066985
EF,1000,0.08,2,0.1,0.0,CHI,152481,154600,0.2964292
EF,1000,0.08,2,0.1,0.0,RND,154701,154575,0.2283024
EF,1000,0.07,2,0.1,0.0,CHIM,154219,154417,0.2949427
EF,1000,0.07,2,0.1,0.0,CHI,152481,154600,0.3243924
EF,1000,0.07,2,0.1,0.0,RND,154703,154566,0.2892759
EF,1000,0.06,2,0.1,0.0,CHIM,154217,154379,0.2948588
EF,1000,0.06,2,0.1,0.0,CHI,152590,154643,0.3083688
EF,1000,0.06,2,0.1,0.0,RND,154715,154580,0.2798977
EF,1000,0.05,2,0.1,0.0,CHIM,154217,154379,0.2913366
EF,1000,0.05,2,0.1,0.0,CHI,152590,154643,0.3197585
EF,1000,0.05,2,0.1,0.0,RND,154718,154587,0.2672761
EF,1000,0.04,2,0.1,0.0,CHIM,154217,154379,0.280876
EF,1000,0.04,2,0.1,0.0,CHI,152590,154643,0.306427
EF,1000,0.04,2,0.1,0.0,RND,154721,154561,0.321901
EF,1000,0.03,2,0.1,0.0,CHIM,154217,154379,0.3064765
EF,1000,0.03,2,0.1,0.0,CHI,152590,154643,0.3076967
EF,1000,0.03,2,0.1,0.0,RND,154721,154547,0.2417384
EF,1000,0.02,2,0.1,0.0,CHIM,154217,154379,0.2841141
EF,1000,0.02,2,0.1,0.0,CHI,152590,154643,0.3025208
EF,1000,0.02,2,0.1,0.0,RND,154714,154562,0.2439224
EF,1000,0.01,2,0.1,0.0,CHIM,154186,154391,0.2888883
EF,1000,0.01,2,0.1,0.0,CHI,152472,154461,0.3513392
EF,1000,0.01,2,0.1,0.0,RND,154710,154586,0.2385723
EF,1000,0.009,2,0.1,0.0,CHIM,154186,154391,0.2784872
EF,1000,0.009,2,0.1,0.0,CHI,152472,154461,0.3192644
EF,1000,0.009,2,0.1,0.0,RND,154707,154592,0.2619388
EF,1000,0.008,2,0.1,0.0,CHIM,154187,154415,0.2758295
EF,1000,0.008,2,0.1,0.0,CHI,152588,154634,0.2970464
EF,1000,0.008,2,0.1,0.0,RND,154715,154563,0.261798
EF,1000,0.007,2,0.1,0.0,CHIM,154187,154415,0.3040271
EF,1000,0.007,2,0.1,0.0,CHI,152588,154634,0.289446
EF,1000,0.007,2,0.1,0.0,RND,154717,154574,0.275101
EF,1000,0.006,2,0.1,0.0,CHIM,154180,154400,0.2795715
EF,1000,0.006,2,0.1,0.0,CHI,152746,154576,0.2995085
EF,1000,0.006,2,0.1,0.0,RND,154720,154559,0.2410018
EF,1000,0.005,2,0.1,0.0,CHIM,154180,154400,0.288171
EF,1000,0.005,2,0.1,0.0,CHI,152746,154576,0.320288
EF,1000,0.005,2,0.1,0.0,RND,154723,154590,0.236536
EF,1000,0.004,2,0.1,0.0,CHIM,154180,154400,0.2649532
EF,1000,0.004,2,0.1,0.0,CHI,152746,154576,0.2951724
EF,1000,0.004,2,0.1,0.0,RND,154699,154570,0.2410862
EF,1000,0.003,2,0.1,0.0,CHIM,154180,154400,0.2662061
EF,1000,0.003,2,0.1,0.0,CHI,152746,154576,0.2852021
EF,1000,0.003,2,0.1,0.0,RND,154711,154586,0.2729867
EF,1000,0.002,2,0.1,0.0,CHIM,154180,154400,0.2754484
EF,1000,0.002,2,0.1,0.0,CHI,152746,154576,0.3012891
EF,1000,0.002,2,0.1,0.0,RND,154715,154570,0.2433395
EF,1000,0.001,2,0.1,0.0,CHIM,154170,154417,0.2993451
EF,1000,0.001,2,0.1,0.0,CHI,152542,154462,0.3111759
EF,1000,0.001,2,0.1,0.0,RND,154722,154571,0.2422135
EF,1000,0.0009,2,0.1,0.0,CHIM,154170,154417,0.295326
EF,1000,0.0009,2,0.1,0.0,CHI,152542,154462,0.3079273
EF,1000,0.0009,2,0.1,0.0,RND,154720,154573,0.2476301
EF,1000,0.0008,2,0.1,0.0,CHIM,154170,154417,0.2844589
EF,1000,0.0008,2,0.1,0.0,CHI,152542,154462,0.3084773
EF,1000,0.0008,2,0.1,0.0,RND,154719,154582,0.2591516
EF,1000,0.0007,2,0.1,0.0,CHIM,154170,154417,0.278869
EF,1000,0.0007,2,0.1,0.0,CHI,152542,154462,0.2981988
EF,1000,0.0007,2,0.1,0.0,RND,154726,154568,0.2483107
EF,1000,0.0006,2,0.1,0.0,CHIM,154182,154419,0.2728431
EF,1000,0.0006,2,0.1,0.0,CHI,152617,154556,0.3025117
EF,1000,0.0006,2,0.1,0.0,RND,154711,154580,0.2571056
EF,1000,0.0005,2,0.1,0.0,CHIM,154182,154419,0.283036
EF,1000,0.0005,2,0.1,0.0,CHI,152617,154556,0.3095178
EF,1000,0.0005,2,0.1,0.0,RND,154715,154564,0.2612818
EF,1000,0.0004,2,0.1,0.0,CHIM,154182,154419,0.2691216
EF,1000,0.0004,2,0.1,0.0,CHI,152617,154556,0.3042678
EF,1000,0.0004,2,0.1,0.0,RND,154716,154579,0.2381301
EF,1000,0.0003,2,0.1,0.0,CHIM,154182,154419,0.2862448
EF,1000,0.0003,2,0.1,0.0,CHI,152617,154556,0.2989133
EF,1000,0.0003,2,0.1,0.0,RND,154715,154573,0.2911087
EF,1000,0.0002,2,0.1,0.0,CHIM,154191,154409,0.2654206
EF,1000,0.0002,2,0.1,0.0,CHI,152733,154650,0.2882849
EF,1000,0.0002,2,0.1,0.0,RND,154717,154578,0.2608564
EF,1000,0.0001,2,0.1,0.0,CHIM,154169,154410,0.2755871
EF,1000,0.0001,2,0.1,0.0,CHI,152473,154593,0.3058986
EF,1000,0.0001,2,0.1,0.0,RND,154716,154606,0.2645367
EF,1000,9.0e-5,2,0.1,0.0,CHIM,154169,154410,0.3004403
EF,1000,9.0e-5,2,0.1,0.0,CHI,152473,154593,0.324988
EF,1000,9.0e-5,2,0.1,0.0,RND,154716,154587,0.2741942
EF,1000,8.0e-5,2,0.1,0.0,CHIM,154169,154410,0.2762492
EF,1000,8.0e-5,2,0.1,0.0,CHI,152473,154593,0.3063925
EF,1000,8.0e-5,2,0.1,0.0,RND,154709,154566,0.2449813
EF,1000,7.0e-5,2,0.1,0.0,CHIM,154169,154410,0.2663601
EF,1000,7.0e-5,2,0.1,0.0,CHI,152473,154593,0.3033141
EF,1000,7.0e-5,2,0.1,0.0,RND,154727,154566,0.2568261
EF,1000,6.0e-5,2,0.1,0.0,CHIM,154169,154410,0.2614043
EF,1000,6.0e-5,2,0.1,0.0,CHI,152473,154593,0.2934076
EF,1000,6.0e-5,2,0.1,0.0,RND,154717,154558,0.2381377
EF,1000,5.0e-5,2,0.1,0.0,CHIM,154169,154410,0.2691798
EF,1000,5.0e-5,2,0.1,0.0,CHI,152473,154593,0.2929344
EF,1000,5.0e-5,2,0.1,0.0,RND,154716,154563,0.2391227
EF,1000,4.0e-5,2,0.1,0.0,CHIM,154169,154410,0.2772357
EF,1000,4.0e-5,2,0.1,0.0,CHI,152473,154593,0.330098
EF,1000,4.0e-5,2,0.1,0.0,RND,154724,154574,0.1963161
EF,1000,3.0e-5,2,0.1,0.0,CHIM,154169,154410,0.2495004
EF,1000,3.0e-5,2,0.1,0.0,CHI,152473,154593,0.3070339
EF,1000,3.0e-5,2,0.1,0.0,RND,154704,154582,0.2250801
EF,1000,2.0e-5,2,0.1,0.0,CHIM,154169,154410,0.24859
EF,1000,2.0e-5,2,0.1,0.0,CHI,152473,154593,0.284823
EF,1000,2.0e-5,2,0.1,0.0,RND,154708,154583,0.2007146
EF,1000,1.0e-5,2,0.1,0.0,CHIM,154169,154410,0.2432878
EF,1000,1.0e-5,2,0.1,0.0,CHI,152473,154593,0.2756863
EF,1000,1.0e-5,2,0.1,0.0,RND,154730,154587,0.2028337
EF,1000,9.0e-6,2,0.1,0.0,CHIM,154169,154410,0.2728941
EF,1000,9.0e-6,2,0.1,0.0,CHI,152473,154593,0.291667
EF,1000,9.0e-6,2,0.1,0.0,RND,154705,154569,0.2318094
EF,1000,8.0e-6,2,0.1,0.0,CHIM,154169,154410,0.2571511
EF,1000,8.0e-6,2,0.1,0.0,CHI,152473,154593,0.2798656
EF,1000,8.0e-6,2,0.1,0.0,RND,154714,154598,0.2078067
EF,1000,7.0e-6,2,0.1,0.0,CHIM,154169,154410,0.2375241
EF,1000,7.0e-6,2,0.1,0.0,CHI,152473,154593,0.2877606
EF,1000,7.0e-6,2,0.1,0.0,RND,154740,154554,0.2029129
EF,1000,6.0e-6,2,0.1,0.0,CHIM,154169,154410,0.2668436
EF,1000,6.0e-6,2,0.1,0.0,CHI,152473,154593,0.2812632
EF,1000,6.0e-6,2,0.1,0.0,RND,154726,154582,0.2111754
EF,1000,5.0e-6,2,0.1,0.0,CHIM,154169,154410,0.255389
EF,1000,5.0e-6,2,0.1,0.0,CHI,152473,154593,0.2924891
EF,1000,5.0e-6,2,0.1,0.0,RND,154711,154562,0.2195005
EF,1000,4.0e-6,2,0.1,0.0,CHIM,154169,154410,0.2593477
EF,1000,4.0e-6,2,0.1,0.0,CHI,152473,154593,0.2898664
EF,1000,4.0e-6,2,0.1,0.0,RND,154734,154571,0.1938627
EF,1000,3.0e-6,2,0.1,0.0,CHIM,154169,154410,0.2633329
EF,1000,3.0e-6,2,0.1,0.0,CHI,152473,154593,0.3119733
EF,1000,3.0e-6,2,0.1,0.0,RND,154702,154563,0.2011842
EF,1000,2.0e-6,2,0.1,0.0,CHIM,154169,154410,0.2594329
EF,1000,2.0e-6,2,0.1,0.0,CHI,152473,154593,0.3160912
EF,1000,2.0e-6,2,0.1,0.0,RND,154715,154570,0.206562
EF,1000,1.0,2,0.2,0.0,CHIM,152596,152938,0.260546
EF,1000,1.0,2,0.2,0.0,CHI,151224,152969,0.3176551
EF,1000,1.0,2,0.2,0.0,RND,153351,153213,0.2112976
EF,1000,0.9,2,0.2,0.0,CHIM,152589,152952,0.2637157
EF,1000,0.9,2,0.2,0.0,CHI,151349,153060,0.292709
EF,1000,0.9,2,0.2,0.0,RND,153357,153226,0.2179406
EF,1000,0.8,2,0.2,0.0,CHIM,152578,152962,0.2799872
EF,1000,0.8,2,0.2,0.0,CHI,151113,153143,0.2927727
EF,1000,0.8,2,0.2,0.0,RND,153383,153235,0.2263069
EF,1000,0.7,2,0.2,0.0,CHIM,152578,152962,0.2387568
EF,1000,0.7,2,0.2,0.0,CHI,151113,153143,0.2779879
EF,1000,0.7,2,0.2,0.0,RND,153361,153205,0.2119944
EF,1000,0.6,2,0.2,0.0,CHIM,152578,152962,0.252132
EF,1000,0.6,2,0.2,0.0,CHI,151113,153143,0.2885654
EF,1000,0.6,2,0.2,0.0,RND,153358,153196,0.21224
EF,1000,0.5,2,0.2,0.0,CHIM,152587,152995,0.2525759
EF,1000,0.5,2,0.2,0.0,CHI,151243,153011,0.2951244
EF,1000,0.5,2,0.2,0.0,RND,153352,153218,0.2044592
EF,1000,0.4,2,0.2,0.0,CHIM,152642,153013,0.2546617
EF,1000,0.4,2,0.2,0.0,CHI,151364,153039,0.2922893
EF,1000,0.4,2,0.2,0.0,RND,153361,153198,0.2220098
EF,1000,0.3,2,0.2,0.0,CHIM,152642,153013,0.2348816
EF,1000,0.3,2,0.2,0.0,CHI,151364,153039,0.2727264
EF,1000,0.3,2,0.2,0.0,RND,153367,153223,0.2167052
EF,1000,0.2,2,0.2,0.0,CHIM,152625,153025,0.2465542
EF,1000,0.2,2,0.2,0.0,CHI,151090,153066,0.2923575
EF,1000,0.2,2,0.2,0.0,RND,153346,153218,0.2173438
EF,1000,0.1,2,0.2,0.0,CHIM,152590,152994,0.2432821
EF,1000,0.1,2,0.2,0.0,CHI,151259,152996,0.2952134
EF,1000,0.1,2,0.2,0.0,RND,153369,153213,0.2514881
EF,1000,0.09,2,0.2,0.0,CHIM,152624,153042,0.2515143
EF,1000,0.09,2,0.2,0.0,CHI,151357,152871,0.2793471
EF,1000,0.09,2,0.2,0.0,RND,153349,153214,0.216652
EF,1000,0.08,2,0.2,0.0,CHIM,152624,153042,0.2507031
EF,1000,0.08,2,0.2,0.0,CHI,151357,152871,0.2718945
EF,1000,0.08,2,0.2,0.0,RND,153354,153217,0.2116178
EF,1000,0.07,2,0.2,0.0,CHIM,152655,153037,0.257294
EF,1000,0.07,2,0.2,0.0,CHI,151174,153016,0.2806606
EF,1000,0.07,2,0.2,0.0,RND,153346,153215,0.2129737
EF,1000,0.06,2,0.2,0.0,CHIM,152630,153018,0.2502118
EF,1000,0.06,2,0.2,0.0,CHI,151338,153097,0.2730454
EF,1000,0.06,2,0.2,0.0,RND,153358,153228,0.2273261
EF,1000,0.05,2,0.2,0.0,CHIM,152630,153018,0.2638689
EF,1000,0.05,2,0.2,0.0,CHI,151338,153097,0.2756073
EF,1000,0.05,2,0.2,0.0,RND,153353,153233,0.2271291
EF,1000,0.04,2,0.2,0.0,CHIM,152630,153018,0.2707524
EF,1000,0.04,2,0.2,0.0,CHI,151338,153097,0.2811524
EF,1000,0.04,2,0.2,0.0,RND,153360,153251,0.2164592
EF,1000,0.03,2,0.2,0.0,CHIM,152630,153018,0.2516911
EF,1000,0.03,2,0.2,0.0,CHI,151338,153097,0.2776896
EF,1000,0.03,2,0.2,0.0,RND,153331,153208,0.2219669
EF,1000,0.02,2,0.2,0.0,CHIM,152651,153026,0.2368357
EF,1000,0.02,2,0.2,0.0,CHI,151018,153276,0.2973281
EF,1000,0.02,2,0.2,0.0,RND,153364,153194,0.2174165
EF,1000,0.01,2,0.2,0.0,CHIM,152614,153048,0.2383054
EF,1000,0.01,2,0.2,0.0,CHI,151404,153055,0.28563
EF,1000,0.01,2,0.2,0.0,RND,153343,153221,0.2139866
EF,1000,0.009,2,0.2,0.0,CHIM,152614,153048,0.2420995
EF,1000,0.009,2,0.2,0.0,CHI,151404,153055,0.2646851
EF,1000,0.009,2,0.2,0.0,RND,153354,153222,0.200589
EF,1000,0.008,2,0.2,0.0,CHIM,152614,153048,0.2459122
EF,1000,0.008,2,0.2,0.0,CHI,151404,153055,0.2669415
EF,1000,0.008,2,0.2,0.0,RND,153363,153223,0.1999007
EF,1000,0.007,2,0.2,0.0,CHIM,152614,153048,0.2526718
EF,1000,0.007,2,0.2,0.0,CHI,151404,153055,0.2627573
EF,1000,0.007,2,0.2,0.0,RND,153340,153209,0.1987
EF,1000,0.006,2,0.2,0.0,CHIM,152607,153001,0.2548318
EF,1000,0.006,2,0.2,0.0,CHI,151189,153139,0.2845638
EF,1000,0.006,2,0.2,0.0,RND,153351,153214,0.2179099
EF,1000,0.005,2,0.2,0.0,CHIM,152568,153003,0.2615672
EF,1000,0.005,2,0.2,0.0,CHI,151185,153125,0.2602264
EF,1000,0.005,2,0.2,0.0,RND,153354,153223,0.1992656
EF,1000,0.004,2,0.2,0.0,CHIM,152568,153003,0.258093
EF,1000,0.004,2,0.2,0.0,CHI,151185,153125,0.2768737
EF,1000,0.004,2,0.2,0.0,RND,153348,153220,0.2119251
EF,1000,0.003,2,0.2,0.0,CHIM,152561,153001,0.252054
EF,1000,0.003,2,0.2,0.0,CHI,151264,153024,0.2850038
EF,1000,0.003,2,0.2,0.0,RND,153356,153211,0.2281636
EF,1000,0.002,2,0.2,0.0,CHIM,152573,153037,0.2877473
EF,1000,0.002,2,0.2,0.0,CHI,151376,152916,0.2796149
EF,1000,0.002,2,0.2,0.0,RND,153346,153206,0.2025624
EF,1000,0.001,2,0.2,0.0,CHIM,152573,153037,0.2667833
EF,1000,0.001,2,0.2,0.0,CHI,151376,152916,0.2753061
EF,1000,0.001,2,0.2,0.0,RND,153348,153208,0.2069481
EF,1000,0.0009,2,0.2,0.0,CHIM,152573,153037,0.27067
EF,1000,0.0009,2,0.2,0.0,CHI,151376,152916,0.2909472
EF,1000,0.0009,2,0.2,0.0,RND,153340,153231,0.2078454
EF,1000,0.0008,2,0.2,0.0,CHIM,152573,153037,0.2587448
EF,1000,0.0008,2,0.2,0.0,CHI,151376,152916,0.2703042
EF,1000,0.0008,2,0.2,0.0,RND,153338,153231,0.1998675
EF,1000,0.0007,2,0.2,0.0,CHIM,152573,153037,0.2665219
EF,1000,0.0007,2,0.2,0.0,CHI,151376,152916,0.2706804
EF,1000,0.0007,2,0.2,0.0,RND,153349,153216,0.2538558
EF,1000,0.0006,2,0.2,0.0,CHIM,152573,153037,0.2495942
EF,1000,0.0006,2,0.2,0.0,CHI,151376,152916,0.2874484
EF,1000,0.0006,2,0.2,0.0,RND,153335,153233,0.252855
EF,1000,0.0005,2,0.2,0.0,CHIM,152573,153037,0.253576
EF,1000,0.0005,2,0.2,0.0,CHI,151376,152916,0.2697475
EF,1000,0.0005,2,0.2,0.0,RND,153348,153230,0.2404639
EF,1000,0.0004,2,0.2,0.0,CHIM,152573,153037,0.2407636
EF,1000,0.0004,2,0.2,0.0,CHI,151376,152916,0.2750018
EF,1000,0.0004,2,0.2,0.0,RND,153362,153201,0.2558392
EF,1000,0.0003,2,0.2,0.0,CHIM,152573,153037,0.2423696
EF,1000,0.0003,2,0.2,0.0,CHI,151376,152916,0.2763368
EF,1000,0.0003,2,0.2,0.0,RND,153353,153196,0.2520776
EF,1000,0.0002,2,0.2,0.0,CHIM,152573,153037,0.252428
EF,1000,0.0002,2,0.2,0.0,CHI,151376,152916,0.2765331
EF,1000,0.0002,2,0.2,0.0,RND,153352,153234,0.2481422
EF,1000,0.0001,2,0.2,0.0,CHIM,152573,153037,0.2488535
EF,1000,0.0001,2,0.2,0.0,CHI,151376,152916,0.2897911
EF,1000,0.0001,2,0.2,0.0,RND,153361,153212,0.2995406
EF,1000,9.0e-5,2,0.2,0.0,CHIM,152573,153037,0.2519316
EF,1000,9.0e-5,2,0.2,0.0,CHI,151376,152916,0.281361
EF,1000,9.0e-5,2,0.2,0.0,RND,153349,153205,0.2379384
EF,1000,8.0e-5,2,0.2,0.0,CHIM,152596,153009,0.2635911
EF,1000,8.0e-5,2,0.2,0.0,CHI,151251,153157,0.2830199
EF,1000,8.0e-5,2,0.2,0.0,RND,153312,153224,0.2337906
EF,1000,7.0e-5,2,0.2,0.0,CHIM,152596,153009,0.2502611
EF,1000,7.0e-5,2,0.2,0.0,CHI,151251,153157,0.2779538
EF,1000,7.0e-5,2,0.2,0.0,RND,153333,153221,0.2391685
EF,1000,6.0e-5,2,0.2,0.0,CHIM,152596,153009,0.2526468
EF,1000,6.0e-5,2,0.2,0.0,CHI,151251,153157,0.2815943
EF,1000,6.0e-5,2,0.2,0.0,RND,153357,153216,0.2360676
EF,1000,5.0e-5,2,0.2,0.0,CHIM,152596,153009,0.2616455
EF,1000,5.0e-5,2,0.2,0.0,CHI,151251,153157,0.2944981
EF,1000,5.0e-5,2,0.2,0.0,RND,153362,153222,0.2347425
EF,1000,4.0e-5,2,0.2,0.0,CHIM,152596,153009,0.2538543
EF,1000,4.0e-5,2,0.2,0.0,CHI,151251,153157,0.2791564
EF,1000,4.0e-5,2,0.2,0.0,RND,153352,153213,0.2362067
EF,1000,3.0e-5,2,0.2,0.0,CHIM,152596,153009,0.2705337
EF,1000,3.0e-5,2,0.2,0.0,CHI,151251,153157,0.2793342
EF,1000,3.0e-5,2,0.2,0.0,RND,153337,153228,0.2316798
EF,1000,2.0e-5,2,0.2,0.0,CHIM,152596,153009,0.2716505
EF,1000,2.0e-5,2,0.2,0.0,CHI,151251,153157,0.2960149
EF,1000,2.0e-5,2,0.2,0.0,RND,153349,153212,0.2194479
EF,1000,1.0e-5,2,0.2,0.0,CHIM,152596,153009,0.2622876
EF,1000,1.0e-5,2,0.2,0.0,CHI,151251,153157,0.3033669
EF,1000,1.0e-5,2,0.2,0.0,RND,153340,153216,0.2261319
EF,1000,9.0e-6,2,0.2,0.0,CHIM,152596,153009,0.3039889
EF,1000,9.0e-6,2,0.2,0.0,CHI,151251,153157,0.3185021
EF,1000,9.0e-6,2,0.2,0.0,RND,153371,153195,0.2392369
EF,1000,8.0e-6,2,0.2,0.0,CHIM,152596,153009,0.2596053
EF,1000,8.0e-6,2,0.2,0.0,CHI,151251,153157,0.3064339
EF,1000,8.0e-6,2,0.2,0.0,RND,153333,153213,0.2271676
EF,1000,7.0e-6,2,0.2,0.0,CHIM,152596,153009,0.2578218
EF,1000,7.0e-6,2,0.2,0.0,CHI,151251,153157,0.2985464
EF,1000,7.0e-6,2,0.2,0.0,RND,153343,153199,0.2371035
EF,1000,6.0e-6,2,0.2,0.0,CHIM,152596,153009,0.2627291
EF,1000,6.0e-6,2,0.2,0.0,CHI,151251,153157,0.2862381
EF,1000,6.0e-6,2,0.2,0.0,RND,153359,153198,0.2339779
EF,1000,5.0e-6,2,0.2,0.0,CHIM,152596,153009,0.2430197
EF,1000,5.0e-6,2,0.2,0.0,CHI,151251,153157,0.2869647
EF,1000,5.0e-6,2,0.2,0.0,RND,153355,153241,0.2406599
EF,1000,4.0e-6,2,0.2,0.0,CHIM,152596,153009,0.2458086
EF,1000,4.0e-6,2,0.2,0.0,CHI,151251,153157,0.3000588
EF,1000,4.0e-6,2,0.2,0.0,RND,153345,153193,0.2414592
EF,1000,3.0e-6,2,0.2,0.0,CHIM,152596,153009,0.2761261
EF,1000,3.0e-6,2,0.2,0.0,CHI,151251,153157,0.3210342
EF,1000,3.0e-6,2,0.2,0.0,RND,153347,153212,0.2461623
EF,1000,2.0e-6,2,0.2,0.0,CHIM,152596,153009,0.2723445
EF,1000,2.0e-6,2,0.2,0.0,CHI,151251,153157,0.3434822
EF,1000,2.0e-6,2,0.2,0.0,RND,153356,153222,0.2283593
EF,1000,1.0,3,0.0,0.0,CHIM,186322,186134,0.2794954
EF,1000,1.0,3,0.0,0.0,CHI,182715,186423,0.4212238
EF,1000,1.0,3,0.0,0.0,RND,186674,186388,0.3027426
EF,1000,0.9,3,0.0,0.0,CHIM,186322,186134,0.3020503
EF,1000,0.9,3,0.0,0.0,CHI,182715,186423,0.347214
EF,1000,0.9,3,0.0,0.0,RND,186651,186391,0.339187
EF,1000,0.8,3,0.0,0.0,CHIM,186287,186166,0.3570313
EF,1000,0.8,3,0.0,0.0,CHI,182528,186462,0.3742827
EF,1000,0.8,3,0.0,0.0,RND,186678,186395,0.3423514
EF,1000,0.7,3,0.0,0.0,CHIM,186327,186224,0.3180629
EF,1000,0.7,3,0.0,0.0,CHI,182692,186617,0.3747374
EF,1000,0.7,3,0.0,0.0,RND,186686,186415,0.387959
EF,1000,0.6,3,0.0,0.0,CHIM,186323,186191,0.2927583
EF,1000,0.6,3,0.0,0.0,CHI,182613,186394,0.3845074
EF,1000,0.6,3,0.0,0.0,RND,186669,186394,0.4075886
EF,1000,0.5,3,0.0,0.0,CHIM,186323,186191,0.289869
EF,1000,0.5,3,0.0,0.0,CHI,182613,186394,0.3713171
EF,1000,0.5,3,0.0,0.0,RND,186673,186371,0.4162186
EF,1000,0.4,3,0.0,0.0,CHIM,186312,186143,0.3431143
EF,1000,0.4,3,0.0,0.0,CHI,182708,186259,0.3660897
EF,1000,0.4,3,0.0,0.0,RND,186667,186390,0.3275723
EF,1000,0.3,3,0.0,0.0,CHIM,186326,186146,0.3454455
EF,1000,0.3,3,0.0,0.0,CHI,182746,186761,0.3603801
EF,1000,0.3,3,0.0,0.0,RND,186659,186407,0.3438807
EF,1000,0.2,3,0.0,0.0,CHIM,186314,186148,0.3756915
EF,1000,0.2,3,0.0,0.0,CHI,182866,186102,0.3636282
EF,1000,0.2,3,0.0,0.0,RND,186668,186391,0.3697817
EF,1000,0.1,3,0.0,0.0,CHIM,186334,186134,0.3667286
EF,1000,0.1,3,0.0,0.0,CHI,182953,186427,0.3440244
EF,1000,0.1,3,0.0,0.0,RND,186650,186392,0.3304958
EF,1000,0.09,3,0.0,0.0,CHIM,186283,186136,0.3782933
EF,1000,0.09,3,0.0,0.0,CHI,182728,186345,0.4395019
EF,1000,0.09,3,0.0,0.0,RND,186654,186390,0.4858003
EF,1000,0.08,3,0.0,0.0,CHIM,186283,186136,0.4152808
EF,1000,0.08,3,0.0,0.0,CHI,182728,186345,0.5100812
EF,1000,0.08,3,0.0,0.0,RND,186667,186369,0.5411655
EF,1000,0.07,3,0.0,0.0,CHIM,186309,186145,0.4792681
EF,1000,0.07,3,0.0,0.0,CHI,182568,186169,0.4579233
EF,1000,0.07,3,0.0,0.0,RND,186675,186396,0.5309638
EF,1000,0.06,3,0.0,0.0,CHIM,186332,186132,0.4829105
EF,1000,0.06,3,0.0,0.0,CHI,182587,186372,0.3922384
EF,1000,0.06,3,0.0,0.0,RND,186658,186405,0.5011621
EF,1000,0.05,3,0.0,0.0,CHIM,186312,186141,0.4071853
EF,1000,0.05,3,0.0,0.0,CHI,182695,186171,0.4709393
EF,1000,0.05,3,0.0,0.0,RND,186659,186405,0.4639941
EF,1000,0.04,3,0.0,0.0,CHIM,186335,186150,0.3573041
EF,1000,0.04,3,0.0,0.0,CHI,182780,186447,0.3995151
EF,1000,0.04,3,0.0,0.0,RND,186653,186391,0.4668868
EF,1000,0.03,3,0.0,0.0,CHIM,186368,186144,0.3823366
EF,1000,0.03,3,0.0,0.0,CHI,182674,186531,0.3878759
EF,1000,0.03,3,0.0,0.0,RND,186637,186400,0.4818555
EF,1000,0.02,3,0.0,0.0,CHIM,186404,186132,0.365832
EF,1000,0.02,3,0.0,0.0,CHI,182516,186065,0.4266392
EF,1000,0.02,3,0.0,0.0,RND,186634,186382,0.4175335
EF,1000,0.01,3,0.0,0.0,CHIM,186404,186132,0.423787
EF,1000,0.01,3,0.0,0.0,CHI,182516,186065,0.4501879
EF,1000,0.01,3,0.0,0.0,RND,186633,186394,0.4636237
EF,1000,0.009,3,0.0,0.0,CHIM,186404,186132,0.4061166
EF,1000,0.009,3,0.0,0.0,CHI,182516,186065,0.4350965
EF,1000,0.009,3,0.0,0.0,RND,186664,186390,0.5657856
EF,1000,0.008,3,0.0,0.0,CHIM,186404,186132,0.3631655
EF,1000,0.008,3,0.0,0.0,CHI,182516,186065,0.3269967
EF,1000,0.008,3,0.0,0.0,RND,186632,186395,0.3730138
EF,1000,0.007,3,0.0,0.0,CHIM,186404,186132,0.3459341
EF,1000,0.007,3,0.0,0.0,CHI,182516,186065,0.3068406
EF,1000,0.007,3,0.0,0.0,RND,186656,186378,0.5250003
EF,1000,0.006,3,0.0,0.0,CHIM,186381,186116,0.3109331
EF,1000,0.006,3,0.0,0.0,CHI,182655,186350,0.3895242
EF,1000,0.006,3,0.0,0.0,RND,186667,186379,0.5458019
EF,1000,0.005,3,0.0,0.0,CHIM,186386,186108,0.3144355
EF,1000,0.005,3,0.0,0.0,CHI,182532,186480,0.3887716
EF,1000,0.005,3,0.0,0.0,RND,186669,186395,0.5056195
EF,1000,0.004,3,0.0,0.0,CHIM,186386,186108,0.3292461
EF,1000,0.004,3,0.0,0.0,CHI,182532,186480,0.3794057
EF,1000,0.004,3,0.0,0.0,RND,186657,186372,0.4324633
EF,1000,0.003,3,0.0,0.0,CHIM,186402,186108,0.3231241
EF,1000,0.003,3,0.0,0.0,CHI,182795,186180,0.3965245
EF,1000,0.003,3,0.0,0.0,RND,186657,186387,0.4152353
EF,1000,0.002,3,0.0,0.0,CHIM,186411,186109,0.2796258
EF,1000,0.002,3,0.0,0.0,CHI,182647,186349,0.3678164
EF,1000,0.002,3,0.0,0.0,RND,186675,186385,0.415555
EF,1000,0.001,3,0.0,0.0,CHIM,186423,186103,0.3643998
EF,1000,0.001,3,0.0,0.0,CHI,182767,186369,0.4158162
EF,1000,0.001,3,0.0,0.0,RND,186677,186388,0.517543
EF,1000,0.0009,3,0.0,0.0,CHIM,186423,186103,0.29212
EF,1000,0.0009,3,0.0,0.0,CHI,182767,186369,0.4313665
EF,1000,0.0009,3,0.0,0.0,RND,186671,186411,0.4686064
EF,1000,0.0008,3,0.0,0.0,CHIM,186423,186103,0.3234859
EF,1000,0.0008,3,0.0,0.0,CHI,182767,186369,0.4037287
EF,1000,0.0008,3,0.0,0.0,RND,186673,186410,0.382542
EF,1000,0.0007,3,0.0,0.0,CHIM,186423,186103,0.3057053
EF,1000,0.0007,3,0.0,0.0,CHI,182767,186369,0.4181936
EF,1000,0.0007,3,0.0,0.0,RND,186654,186399,0.5009846
EF,1000,0.0006,3,0.0,0.0,CHIM,186452,186102,0.3557479
EF,1000,0.0006,3,0.0,0.0,CHI,182661,186268,0.4473783
EF,1000,0.0006,3,0.0,0.0,RND,186632,186363,0.3489546
EF,1000,0.0005,3,0.0,0.0,CHIM,186452,186102,0.3497206
EF,1000,0.0005,3,0.0,0.0,CHI,182661,186268,0.4216228
EF,1000,0.0005,3,0.0,0.0,RND,186656,186377,0.3657942
EF,1000,0.0004,3,0.0,0.0,CHIM,186452,186102,0.3490583
EF,1000,0.0004,3,0.0,0.0,CHI,182661,186268,0.3671064
EF,1000,0.0004,3,0.0,0.0,RND,186643,186413,0.3327645
EF,1000,0.0003,3,0.0,0.0,CHIM,186452,186102,0.3592834
EF,1000,0.0003,3,0.0,0.0,CHI,182661,186268,0.3531798
EF,1000,0.0003,3,0.0,0.0,RND,186674,186390,0.4189582
EF,1000,0.0002,3,0.0,0.0,CHIM,186456,186110,0.3517769
EF,1000,0.0002,3,0.0,0.0,CHI,182683,186396,0.4025724
EF,1000,0.0002,3,0.0,0.0,RND,186661,186372,0.4030429
EF,1000,0.0001,3,0.0,0.0,CHIM,186479,186112,0.382125
EF,1000,0.0001,3,0.0,0.0,CHI,182704,186427,0.2897216
EF,1000,0.0001,3,0.0,0.0,RND,186642,186402,0.3291865
EF,1000,9.0e-5,3,0.0,0.0,CHIM,186479,186112,0.3951527
EF,1000,9.0e-5,3,0.0,0.0,CHI,182704,186427,0.3795366
EF,1000,9.0e-5,3,0.0,0.0,RND,186656,186425,0.4150692
EF,1000,8.0e-5,3,0.0,0.0,CHIM,186479,186112,0.3591334
EF,1000,8.0e-5,3,0.0,0.0,CHI,182704,186427,0.327739
EF,1000,8.0e-5,3,0.0,0.0,RND,186640,186394,0.4394419
EF,1000,7.0e-5,3,0.0,0.0,CHIM,186479,186112,0.3436152
EF,1000,7.0e-5,3,0.0,0.0,CHI,182704,186427,0.3394242
EF,1000,7.0e-5,3,0.0,0.0,RND,186682,186381,0.4136397
EF,1000,6.0e-5,3,0.0,0.0,CHIM,186479,186112,0.3427474
EF,1000,6.0e-5,3,0.0,0.0,CHI,182704,186427,0.3906828
EF,1000,6.0e-5,3,0.0,0.0,RND,186682,186392,0.3340371
EF,1000,5.0e-5,3,0.0,0.0,CHIM,186489,186104,0.3369337
EF,1000,5.0e-5,3,0.0,0.0,CHI,182785,186223,0.4023463
EF,1000,5.0e-5,3,0.0,0.0,RND,186655,186399,0.372153
EF,1000,4.0e-5,3,0.0,0.0,CHIM,186489,186104,0.3036581
EF,1000,4.0e-5,3,0.0,0.0,CHI,182785,186223,0.3868717
EF,1000,4.0e-5,3,0.0,0.0,RND,186646,186391,0.3892517
EF,1000,3.0e-5,3,0.0,0.0,CHIM,186489,186104,0.2891666
EF,1000,3.0e-5,3,0.0,0.0,CHI,182785,186223,0.3746904
EF,1000,3.0e-5,3,0.0,0.0,RND,186648,186390,0.383052
EF,1000,2.0e-5,3,0.0,0.0,CHIM,186489,186104,0.3222609
EF,1000,2.0e-5,3,0.0,0.0,CHI,182785,186223,0.3719902
EF,1000,2.0e-5,3,0.0,0.0,RND,186674,186404,0.3746026
EF,1000,1.0e-5,3,0.0,0.0,CHIM,186489,186104,0.3209042
EF,1000,1.0e-5,3,0.0,0.0,CHI,182785,186223,0.364159
EF,1000,1.0e-5,3,0.0,0.0,RND,186646,186387,0.3080632
EF,1000,9.0e-6,3,0.0,0.0,CHIM,186489,186104,0.305606
EF,1000,9.0e-6,3,0.0,0.0,CHI,182785,186223,0.3846342
EF,1000,9.0e-6,3,0.0,0.0,RND,186656,186387,0.4930314
EF,1000,8.0e-6,3,0.0,0.0,CHIM,186489,186104,0.2883746
EF,1000,8.0e-6,3,0.0,0.0,CHI,182785,186223,0.353543
EF,1000,8.0e-6,3,0.0,0.0,RND,186638,186393,0.3153288
EF,1000,7.0e-6,3,0.0,0.0,CHIM,186489,186104,0.3286861
EF,1000,7.0e-6,3,0.0,0.0,CHI,182785,186223,0.4420851
EF,1000,7.0e-6,3,0.0,0.0,RND,186651,186404,0.4048763
EF,1000,6.0e-6,3,0.0,0.0,CHIM,186489,186104,0.2888275
EF,1000,6.0e-6,3,0.0,0.0,CHI,182785,186223,0.3973225
EF,1000,6.0e-6,3,0.0,0.0,RND,186652,186383,0.4295293
EF,1000,5.0e-6,3,0.0,0.0,CHIM,186489,186104,0.3277766
EF,1000,5.0e-6,3,0.0,0.0,CHI,182785,186223,0.4143735
EF,1000,5.0e-6,3,0.0,0.0,RND,186665,186375,0.4076582
EF,1000,4.0e-6,3,0.0,0.0,CHIM,186489,186104,0.3246565
EF,1000,4.0e-6,3,0.0,0.0,CHI,182785,186223,0.3672909
EF,1000,4.0e-6,3,0.0,0.0,RND,186677,186381,0.3612151
EF,1000,3.0e-6,3,0.0,0.0,CHIM,186491,186130,0.2434592
EF,1000,3.0e-6,3,0.0,0.0,CHI,182723,186308,0.4104563
EF,1000,3.0e-6,3,0.0,0.0,RND,186653,186375,0.3938674
EF,1000,2.0e-6,3,0.0,0.0,CHIM,186491,186130,0.315335
EF,1000,2.0e-6,3,0.0,0.0,CHI,182723,186308,0.3520916
EF,1000,2.0e-6,3,0.0,0.0,RND,186650,186401,0.3770938
EF,1000,1.0,3,0.07,0.0,CHIM,185704,185847,0.3298031
EF,1000,1.0,3,0.07,0.0,CHI,182246,186121,0.3845537
EF,1000,1.0,3,0.07,0.0,RND,186322,186048,0.3989956
EF,1000,0.9,3,0.07,0.0,CHIM,185715,185865,0.3228965
EF,1000,0.9,3,0.07,0.0,CHI,182162,186100,0.3588838
EF,1000,0.9,3,0.07,0.0,RND,186324,186035,0.4015617
EF,1000,0.8,3,0.07,0.0,CHIM,185715,185865,0.3260706
EF,1000,0.8,3,0.07,0.0,CHI,182162,186100,0.4311956
EF,1000,0.8,3,0.07,0.0,RND,186325,186033,0.4283261
EF,1000,0.7,3,0.07,0.0,CHIM,185763,185877,0.2604072
EF,1000,0.7,3,0.07,0.0,CHI,182145,185985,0.347682
EF,1000,0.7,3,0.07,0.0,RND,186328,186032,0.4371716
EF,1000,0.6,3,0.07,0.0,CHIM,185791,185843,0.2989479
EF,1000,0.6,3,0.07,0.0,CHI,182089,185915,0.4495174
EF,1000,0.6,3,0.07,0.0,RND,186324,186074,0.4054789
EF,1000,0.5,3,0.07,0.0,CHIM,185791,185843,0.2999432
EF,1000,0.5,3,0.07,0.0,CHI,182089,185915,0.4924266
EF,1000,0.5,3,0.07,0.0,RND,186302,186055,0.2904427
EF,1000,0.4,3,0.07,0.0,CHIM,185748,185836,0.2875637
EF,1000,0.4,3,0.07,0.0,CHI,182046,185949,0.3934919
EF,1000,0.4,3,0.07,0.0,RND,186317,186032,0.3705558
EF,1000,0.3,3,0.07,0.0,CHIM,185755,185818,0.2908383
EF,1000,0.3,3,0.07,0.0,CHI,182233,185813,0.4382149
EF,1000,0.3,3,0.07,0.0,RND,186300,186038,0.3307933
EF,1000,0.2,3,0.07,0.0,CHIM,185755,185818,0.2985071
EF,1000,0.2,3,0.07,0.0,CHI,182233,185813,0.3878026
EF,1000,0.2,3,0.07,0.0,RND,186334,186053,0.2541689
EF,1000,0.1,3,0.07,0.0,CHIM,185796,185799,0.2476958
EF,1000,0.1,3,0.07,0.0,CHI,182260,186038,0.3978051
EF,1000,0.1,3,0.07,0.0,RND,186318,186054,0.2809407
EF,1000,0.09,3,0.07,0.0,CHIM,185741,185836,0.2707345
EF,1000,0.09,3,0.07,0.0,CHI,182181,185930,0.3043579
EF,1000,0.09,3,0.07,0.0,RND,186308,186037,0.2650398
EF,1000,0.08,3,0.07,0.0,CHIM,185741,185836,0.266452
EF,1000,0.08,3,0.07,0.0,CHI,182181,185930,0.3762557
EF,1000,0.08,3,0.07,0.0,RND,186294,186052,0.3334378
EF,1000,0.07,3,0.07,0.0,CHIM,185751,185826,0.2799283
EF,1000,0.07,3,0.07,0.0,CHI,182341,186099,0.2848187
EF,1000,0.07,3,0.07,0.0,RND,186317,186067,0.2619725
EF,1000,0.06,3,0.07,0.0,CHIM,185796,185799,0.2540797
EF,1000,0.06,3,0.07,0.0,CHI,182260,186038,0.2956657
EF,1000,0.06,3,0.07,0.0,RND,186321,186031,0.2680984
EF,1000,0.05,3,0.07,0.0,CHIM,185806,185815,0.2774241
EF,1000,0.05,3,0.07,0.0,CHI,182350,185859,0.3123918
EF,1000,0.05,3,0.07,0.0,RND,186318,186016,0.2885376
EF,1000,0.04,3,0.07,0.0,CHIM,185806,185815,0.3125561
EF,1000,0.04,3,0.07,0.0,CHI,182350,185859,0.3544082
EF,1000,0.04,3,0.07,0.0,RND,186328,186060,0.2707667
EF,1000,0.03,3,0.07,0.0,CHIM,185806,185815,0.2781627
EF,1000,0.03,3,0.07,0.0,CHI,182350,185859,0.3177179
EF,1000,0.03,3,0.07,0.0,RND,186322,186061,0.2713588
EF,1000,0.02,3,0.07,0.0,CHIM,185792,185832,0.2971759
EF,1000,0.02,3,0.07,0.0,CHI,182189,186129,0.333232
EF,1000,0.02,3,0.07,0.0,RND,186344,186043,0.2909277
EF,1000,0.01,3,0.07,0.0,CHIM,185769,185891,0.3250138
EF,1000,0.01,3,0.07,0.0,CHI,182063,186178,0.3394845
EF,1000,0.01,3,0.07,0.0,RND,186345,186058,0.2604539
EF,1000,0.009,3,0.07,0.0,CHIM,185769,185891,0.3436241
EF,1000,0.009,3,0.07,0.0,CHI,182063,186178,0.2971824
EF,1000,0.009,3,0.07,0.0,RND,186303,186065,0.2719528
EF,1000,0.008,3,0.07,0.0,CHIM,185769,185891,0.3147545
EF,1000,0.008,3,0.07,0.0,CHI,182063,186178,0.3178641
EF,1000,0.008,3,0.07,0.0,RND,186306,186052,0.2521684
EF,1000,0.007,3,0.07,0.0,CHIM,185769,185891,0.3140277
EF,1000,0.007,3,0.07,0.0,CHI,182063,186178,0.3350791
EF,1000,0.007,3,0.07,0.0,RND,186320,186035,0.3186177
EF,1000,0.006,3,0.07,0.0,CHIM,185735,185899,0.3254185
EF,1000,0.006,3,0.07,0.0,CHI,181956,186217,0.3480742
EF,1000,0.006,3,0.07,0.0,RND,186314,186081,0.2582806
EF,1000,0.005,3,0.07,0.0,CHIM,185742,185918,0.2728451
EF,1000,0.005,3,0.07,0.0,CHI,182245,186104,0.2912493
EF,1000,0.005,3,0.07,0.0,RND,186321,186041,0.2632777
EF,1000,0.004,3,0.07,0.0,CHIM,185742,185918,0.3164095
EF,1000,0.004,3,0.07,0.0,CHI,182245,186104,0.2954738
EF,1000,0.004,3,0.07,0.0,RND,186322,186041,0.3026073
EF,1000,0.003,3,0.07,0.0,CHIM,185764,185918,0.3404989
EF,1000,0.003,3,0.07,0.0,CHI,182047,186012,0.3282621
EF,1000,0.003,3,0.07,0.0,RND,186309,186040,0.2776408
EF,1000,0.002,3,0.07,0.0,CHIM,185762,185921,0.3028552
EF,1000,0.002,3,0.07,0.0,CHI,182245,186071,0.3400961
EF,1000,0.002,3,0.07,0.0,RND,186362,186058,0.3060644
EF,1000,0.001,3,0.07,0.0,CHIM,185821,185911,0.3266544
EF,1000,0.001,3,0.07,0.0,CHI,182195,185942,0.3056401
EF,1000,0.001,3,0.07,0.0,RND,186312,186062,0.3014237
EF,1000,0.0009,3,0.07,0.0,CHIM,185821,185911,0.2951204
EF,1000,0.0009,3,0.07,0.0,CHI,182195,185942,0.3591026
EF,1000,0.0009,3,0.07,0.0,RND,186323,186082,0.4153448
EF,1000,0.0008,3,0.07,0.0,CHIM,185821,185911,0.2811695
EF,1000,0.0008,3,0.07,0.0,CHI,182195,185942,0.2713294
EF,1000,0.0008,3,0.07,0.0,RND,186316,186049,0.3615747
EF,1000,0.0007,3,0.07,0.0,CHIM,185821,185911,0.277582
EF,1000,0.0007,3,0.07,0.0,CHI,182195,185942,0.3070353
EF,1000,0.0007,3,0.07,0.0,RND,186320,186041,0.3411986
EF,1000,0.0006,3,0.07,0.0,CHIM,185821,185911,0.2724231
EF,1000,0.0006,3,0.07,0.0,CHI,182195,185942,0.2993384
EF,1000,0.0006,3,0.07,0.0,RND,186320,186056,0.370164
EF,1000,0.0005,3,0.07,0.0,CHIM,185821,185911,0.2459234
EF,1000,0.0005,3,0.07,0.0,CHI,182195,185942,0.28822
EF,1000,0.0005,3,0.07,0.0,RND,186315,186068,0.3157588
EF,1000,0.0004,3,0.07,0.0,CHIM,185821,185911,0.2829297
EF,1000,0.0004,3,0.07,0.0,CHI,182195,185942,0.2689105
EF,1000,0.0004,3,0.07,0.0,RND,186302,186058,0.3219443
EF,1000,0.0003,3,0.07,0.0,CHIM,185821,185911,0.2868536
EF,1000,0.0003,3,0.07,0.0,CHI,182195,185942,0.284099
EF,1000,0.0003,3,0.07,0.0,RND,186298,186074,0.3635729
EF,1000,0.0002,3,0.07,0.0,CHIM,185821,185911,0.2779511
EF,1000,0.0002,3,0.07,0.0,CHI,182195,185942,0.2871499
EF,1000,0.0002,3,0.07,0.0,RND,186288,186048,0.293672
EF,1000,0.0001,3,0.07,0.0,CHIM,185821,185911,0.2472176
EF,1000,0.0001,3,0.07,0.0,CHI,182195,185942,0.2899838
EF,1000,0.0001,3,0.07,0.0,RND,186325,186026,0.4111482
EF,1000,9.0e-5,3,0.07,0.0,CHIM,185821,185911,0.2786379
EF,1000,9.0e-5,3,0.07,0.0,CHI,182195,185942,0.2846676
EF,1000,9.0e-5,3,0.07,0.0,RND,186318,186059,0.346252
EF,1000,8.0e-5,3,0.07,0.0,CHIM,185821,185911,0.2673382
EF,1000,8.0e-5,3,0.07,0.0,CHI,182195,185942,0.3313119
EF,1000,8.0e-5,3,0.07,0.0,RND,186331,186051,0.3006076
EF,1000,7.0e-5,3,0.07,0.0,CHIM,185821,185911,0.2485794
EF,1000,7.0e-5,3,0.07,0.0,CHI,182195,185942,0.2949573
EF,1000,7.0e-5,3,0.07,0.0,RND,186307,186056,0.313541
EF,1000,6.0e-5,3,0.07,0.0,CHIM,185821,185911,0.2992883
EF,1000,6.0e-5,3,0.07,0.0,CHI,182195,185942,0.3516768
EF,1000,6.0e-5,3,0.07,0.0,RND,186337,186046,0.317194
EF,1000,5.0e-5,3,0.07,0.0,CHIM,185798,185883,0.2625472
EF,1000,5.0e-5,3,0.07,0.0,CHI,182402,186058,0.2930634
EF,1000,5.0e-5,3,0.07,0.0,RND,186315,186050,0.3562745
EF,1000,4.0e-5,3,0.07,0.0,CHIM,185798,185883,0.3003038
EF,1000,4.0e-5,3,0.07,0.0,CHI,182402,186058,0.3046069
EF,1000,4.0e-5,3,0.07,0.0,RND,186306,186074,0.2740705
EF,1000,3.0e-5,3,0.07,0.0,CHIM,185798,185883,0.28206
EF,1000,3.0e-5,3,0.07,0.0,CHI,182402,186058,0.3241442
EF,1000,3.0e-5,3,0.07,0.0,RND,186340,186060,0.2644521
EF,1000,2.0e-5,3,0.07,0.0,CHIM,185798,185883,0.2518436
EF,1000,2.0e-5,3,0.07,0.0,CHI,182402,186058,0.2812713
EF,1000,2.0e-5,3,0.07,0.0,RND,186291,186012,0.246203
EF,1000,1.0e-5,3,0.07,0.0,CHIM,185798,185883,0.2960187
EF,1000,1.0e-5,3,0.07,0.0,CHI,182402,186058,0.2716708
EF,1000,1.0e-5,3,0.07,0.0,RND,186305,186059,0.2700836
EF,1000,9.0e-6,3,0.07,0.0,CHIM,185807,185879,0.292926
EF,1000,9.0e-6,3,0.07,0.0,CHI,182164,185890,0.3219396
EF,1000,9.0e-6,3,0.07,0.0,RND,186320,186060,0.2958024
EF,1000,8.0e-6,3,0.07,0.0,CHIM,185807,185879,0.2573861
EF,1000,8.0e-6,3,0.07,0.0,CHI,182164,185890,0.3643386
EF,1000,8.0e-6,3,0.07,0.0,RND,186291,186074,0.2899186
EF,1000,7.0e-6,3,0.07,0.0,CHIM,185807,185879,0.3968494
EF,1000,7.0e-6,3,0.07,0.0,CHI,182164,185890,0.330518
EF,1000,7.0e-6,3,0.07,0.0,RND,186340,186045,0.3462862
EF,1000,6.0e-6,3,0.07,0.0,CHIM,185807,185879,0.3381964
EF,1000,6.0e-6,3,0.07,0.0,CHI,182164,185890,0.3384168
EF,1000,6.0e-6,3,0.07,0.0,RND,186323,186043,0.2948574
EF,1000,5.0e-6,3,0.07,0.0,CHIM,185807,185879,0.2906498
EF,1000,5.0e-6,3,0.07,0.0,CHI,182164,185890,0.3306647
EF,1000,5.0e-6,3,0.07,0.0,RND,186313,186045,0.3561087
EF,1000,4.0e-6,3,0.07,0.0,CHIM,185807,185879,0.2892587
EF,1000,4.0e-6,3,0.07,0.0,CHI,182164,185890,0.3072784
EF,1000,4.0e-6,3,0.07,0.0,RND,186327,186033,0.3179593
EF,1000,3.0e-6,3,0.07,0.0,CHIM,185807,185879,0.2835633
EF,1000,3.0e-6,3,0.07,0.0,CHI,182164,185890,0.3500082
EF,1000,3.0e-6,3,0.07,0.0,RND,186293,186051,0.4228023
EF,1000,2.0e-6,3,0.07,0.0,CHIM,185807,185879,0.279938
EF,1000,2.0e-6,3,0.07,0.0,CHI,182164,185890,0.2806811
EF,1000,2.0e-6,3,0.07,0.0,RND,186287,186044,0.4557087
EF,1000,1.0,3,0.13,0.0,CHIM,184428,184884,0.265744
EF,1000,1.0,3,0.13,0.0,CHI,181099,184860,0.2544159
EF,1000,1.0,3,0.13,0.0,RND,185318,185076,0.3665441
EF,1000,0.9,3,0.13,0.0,CHIM,184440,184861,0.2958148
EF,1000,0.9,3,0.13,0.0,CHI,181267,185159,0.286054
EF,1000,0.9,3,0.13,0.0,RND,185349,185073,0.3792564
EF,1000,0.8,3,0.13,0.0,CHIM,184450,184836,0.2705356
EF,1000,0.8,3,0.13,0.0,CHI,181036,185166,0.3597475
EF,1000,0.8,3,0.13,0.0,RND,185333,185074,0.4243503
EF,1000,0.7,3,0.13,0.0,CHIM,184491,184866,0.3043193
EF,1000,0.7,3,0.13,0.0,CHI,181134,184908,0.3128444
EF,1000,0.7,3,0.13,0.0,RND,185338,185072,0.3545052
EF,1000,0.6,3,0.13,0.0,CHIM,184480,184860,0.2804121
EF,1000,0.6,3,0.13,0.0,CHI,181265,185163,0.3210993
EF,1000,0.6,3,0.13,0.0,RND,185332,185049,0.3127824
EF,1000,0.5,3,0.13,0.0,CHIM,184507,184859,0.2500909
EF,1000,0.5,3,0.13,0.0,CHI,181199,185213,0.3826078
EF,1000,0.5,3,0.13,0.0,RND,185335,185085,0.2929371
EF,1000,0.4,3,0.13,0.0,CHIM,184542,184831,0.2939462
EF,1000,0.4,3,0.13,0.0,CHI,181364,185023,0.3225209
EF,1000,0.4,3,0.13,0.0,RND,185352,185063,0.3119421
EF,1000,0.3,3,0.13,0.0,CHIM,184542,184831,0.2729282
EF,1000,0.3,3,0.13,0.0,CHI,181364,185023,0.2897831
EF,1000,0.3,3,0.13,0.0,RND,185341,185101,0.3618504
EF,1000,0.2,3,0.13,0.0,CHIM,184542,184831,0.2560621
EF,1000,0.2,3,0.13,0.0,CHI,181364,185023,0.2826916
EF,1000,0.2,3,0.13,0.0,RND,185356,185054,0.3654084
EF,1000,0.1,3,0.13,0.0,CHIM,184563,184861,0.288903
EF,1000,0.1,3,0.13,0.0,CHI,181018,185177,0.3009814
EF,1000,0.1,3,0.13,0.0,RND,185368,185074,0.3053289
EF,1000,0.09,3,0.13,0.0,CHIM,184508,184882,0.243058
EF,1000,0.09,3,0.13,0.0,CHI,181049,185031,0.34127
EF,1000,0.09,3,0.13,0.0,RND,185328,185058,0.3179592
EF,1000,0.08,3,0.13,0.0,CHIM,184508,184882,0.2632235
EF,1000,0.08,3,0.13,0.0,CHI,181049,185031,0.3042948
EF,1000,0.08,3,0.13,0.0,RND,185324,185059,0.3221118
EF,1000,0.07,3,0.13,0.0,CHIM,184533,184862,0.3017694
EF,1000,0.07,3,0.13,0.0,CHI,181257,185104,0.3025276
EF,1000,0.07,3,0.13,0.0,RND,185346,185073,0.3564344
EF,1000,0.06,3,0.13,0.0,CHIM,184540,184861,0.3072814
EF,1000,0.06,3,0.13,0.0,CHI,181277,185070,0.3636291
EF,1000,0.06,3,0.13,0.0,RND,185353,185081,0.3465887
EF,1000,0.05,3,0.13,0.0,CHIM,184510,184887,0.2716746
EF,1000,0.05,3,0.13,0.0,CHI,181067,184936,0.3553407
EF,1000,0.05,3,0.13,0.0,RND,185339,185062,0.3278216
EF,1000,0.04,3,0.13,0.0,CHIM,184488,184905,0.2858031
EF,1000,0.04,3,0.13,0.0,CHI,181180,185050,0.3452513
EF,1000,0.04,3,0.13,0.0,RND,185341,185064,0.3486305
EF,1000,0.03,3,0.13,0.0,CHIM,184439,184900,0.308081
EF,1000,0.03,3,0.13,0.0,CHI,181045,185001,0.2987634
EF,1000,0.03,3,0.13,0.0,RND,185323,185052,0.3470163
EF,1000,0.02,3,0.13,0.0,CHIM,184447,184905,0.2616444
EF,1000,0.02,3,0.13,0.0,CHI,181043,184782,0.3706108
EF,1000,0.02,3,0.13,0.0,RND,185357,185088,0.2660394
EF,1000,0.01,3,0.13,0.0,CHIM,184449,184911,0.2995279
EF,1000,0.01,3,0.13,0.0,CHI,181250,185056,0.3637279
EF,1000,0.01,3,0.13,0.0,RND,185336,185075,0.3056992
EF,1000,0.009,3,0.13,0.0,CHIM,184449,184911,0.3554461
EF,1000,0.009,3,0.13,0.0,CHI,181250,185056,0.3045243
EF,1000,0.009,3,0.13,0.0,RND,185343,185092,0.2629093
EF,1000,0.008,3,0.13,0.0,CHIM,184467,184933,0.3376092
EF,1000,0.008,3,0.13,0.0,CHI,181198,184980,0.2896428
EF,1000,0.008,3,0.13,0.0,RND,185327,185082,0.2657021
EF,1000,0.007,3,0.13,0.0,CHIM,184477,184913,0.2595689
EF,1000,0.007,3,0.13,0.0,CHI,181224,184896,0.3290414
EF,1000,0.007,3,0.13,0.0,RND,185345,185091,0.3175635
EF,1000,0.006,3,0.13,0.0,CHIM,184469,184905,0.2923104
EF,1000,0.006,3,0.13,0.0,CHI,181273,184887,0.3177432
EF,1000,0.006,3,0.13,0.0,RND,185314,185073,0.3181075
EF,1000,0.005,3,0.13,0.0,CHIM,184469,184905,0.2969091
EF,1000,0.005,3,0.13,0.0,CHI,181273,184887,0.2820456
EF,1000,0.005,3,0.13,0.0,RND,185349,185091,0.3339393
EF,1000,0.004,3,0.13,0.0,CHIM,184469,184905,0.2748242
EF,1000,0.004,3,0.13,0.0,CHI,181273,184887,0.3328366
EF,1000,0.004,3,0.13,0.0,RND,185326,185078,0.3286612
EF,1000,0.003,3,0.13,0.0,CHIM,184452,184880,0.3246063
EF,1000,0.003,3,0.13,0.0,CHI,181102,185076,0.3582635
EF,1000,0.003,3,0.13,0.0,RND,185344,185081,0.3295457
EF,1000,0.002,3,0.13,0.0,CHIM,184452,184880,0.2792897
EF,1000,0.002,3,0.13,0.0,CHI,181102,185076,0.317229
EF,1000,0.002,3,0.13,0.0,RND,185352,185081,0.2971159
EF,1000,0.001,3,0.13,0.0,CHIM,184474,184879,0.269795
EF,1000,0.001,3,0.13,0.0,CHI,181057,185049,0.3089207
EF,1000,0.001,3,0.13,0.0,RND,185327,185065,0.348123
EF,1000,0.0009,3,0.13,0.0,CHIM,184474,184879,0.2887415
EF,1000,0.0009,3,0.13,0.0,CHI,181057,185049,0.3366085
EF,1000,0.0009,3,0.13,0.0,RND,185341,185073,0.2893407
EF,1000,0.0008,3,0.13,0.0,CHIM,184474,184879,0.3316697
EF,1000,0.0008,3,0.13,0.0,CHI,181057,185049,0.3368441
EF,1000,0.0008,3,0.13,0.0,RND,185318,185074,0.3031585
EF,1000,0.0007,3,0.13,0.0,CHIM,184474,184879,0.2970118
EF,1000,0.0007,3,0.13,0.0,CHI,181057,185049,0.3474502
EF,1000,0.0007,3,0.13,0.0,RND,185329,185046,0.4287409
EF,1000,0.0006,3,0.13,0.0,CHIM,184474,184879,0.3100432
EF,1000,0.0006,3,0.13,0.0,CHI,181057,185049,0.2853435
EF,1000,0.0006,3,0.13,0.0,RND,185331,185077,0.3289768
EF,1000,0.0005,3,0.13,0.0,CHIM,184474,184879,0.279062
EF,1000,0.0005,3,0.13,0.0,CHI,181057,185049,0.2884954
EF,1000,0.0005,3,0.13,0.0,RND,185319,185090,0.3553195
EF,1000,0.0004,3,0.13,0.0,CHIM,184474,184879,0.3016166
EF,1000,0.0004,3,0.13,0.0,CHI,181057,185049,0.3093547
EF,1000,0.0004,3,0.13,0.0,RND,185343,185080,0.3056083
EF,1000,0.0003,3,0.13,0.0,CHIM,184474,184879,0.2554467
EF,1000,0.0003,3,0.13,0.0,CHI,181057,185049,0.2966147
EF,1000,0.0003,3,0.13,0.0,RND,185321,185058,0.4770141
EF,1000,0.0002,3,0.13,0.0,CHIM,184474,184879,0.2518025
EF,1000,0.0002,3,0.13,0.0,CHI,181057,185049,0.3143239
EF,1000,0.0002,3,0.13,0.0,RND,185320,185066,0.3708123
EF,1000,0.0001,3,0.13,0.0,CHIM,184474,184879,0.256383
EF,1000,0.0001,3,0.13,0.0,CHI,181057,185049,0.2841317
EF,1000,0.0001,3,0.13,0.0,RND,185333,185068,0.3428133
EF,1000,9.0e-5,3,0.13,0.0,CHIM,184474,184879,0.261484
EF,1000,9.0e-5,3,0.13,0.0,CHI,181057,185049,0.2955536
EF,1000,9.0e-5,3,0.13,0.0,RND,185350,185068,0.3219234
EF,1000,8.0e-5,3,0.13,0.0,CHIM,184464,184866,0.2601368
EF,1000,8.0e-5,3,0.13,0.0,CHI,181148,184925,0.2908116
EF,1000,8.0e-5,3,0.13,0.0,RND,185328,185077,0.3413805
EF,1000,7.0e-5,3,0.13,0.0,CHIM,184464,184866,0.2607389
EF,1000,7.0e-5,3,0.13,0.0,CHI,181148,184925,0.2612843
EF,1000,7.0e-5,3,0.13,0.0,RND,185322,185062,0.3386875
EF,1000,6.0e-5,3,0.13,0.0,CHIM,184464,184866,0.2561855
EF,1000,6.0e-5,3,0.13,0.0,CHI,181148,184925,0.2719499
EF,1000,6.0e-5,3,0.13,0.0,RND,185342,185084,0.4106939
EF,1000,5.0e-5,3,0.13,0.0,CHIM,184464,184866,0.2591543
EF,1000,5.0e-5,3,0.13,0.0,CHI,181148,184925,0.2884768
EF,1000,5.0e-5,3,0.13,0.0,RND,185328,185056,0.3478319
EF,1000,4.0e-5,3,0.13,0.0,CHIM,184464,184866,0.30076
EF,1000,4.0e-5,3,0.13,0.0,CHI,181148,184925,0.3137969
EF,1000,4.0e-5,3,0.13,0.0,RND,185368,185075,0.3041968
EF,1000,3.0e-5,3,0.13,0.0,CHIM,184464,184866,0.2650471
EF,1000,3.0e-5,3,0.13,0.0,CHI,181148,184925,0.2798355
EF,1000,3.0e-5,3,0.13,0.0,RND,185340,185091,0.3228837
EF,1000,2.0e-5,3,0.13,0.0,CHIM,184464,184866,0.2889048
EF,1000,2.0e-5,3,0.13,0.0,CHI,181148,184925,0.2418386
EF,1000,2.0e-5,3,0.13,0.0,RND,185342,185053,0.3206296
EF,1000,1.0e-5,3,0.13,0.0,CHIM,184464,184866,0.2580634
EF,1000,1.0e-5,3,0.13,0.0,CHI,181148,184925,0.3025413
EF,1000,1.0e-5,3,0.13,0.0,RND,185328,185072,0.4744017
EF,1000,9.0e-6,3,0.13,0.0,CHIM,184464,184866,0.2790356
EF,1000,9.0e-6,3,0.13,0.0,CHI,181148,184925,0.2757633
EF,1000,9.0e-6,3,0.13,0.0,RND,185348,185082,0.3170949
EF,1000,8.0e-6,3,0.13,0.0,CHIM,184464,184866,0.3086431
EF,1000,8.0e-6,3,0.13,0.0,CHI,181148,184925,0.3185901
EF,1000,8.0e-6,3,0.13,0.0,RND,185363,185069,0.3106724
EF,1000,7.0e-6,3,0.13,0.0,CHIM,184464,184866,0.2397219
EF,1000,7.0e-6,3,0.13,0.0,CHI,181148,184925,0.2721513
EF,1000,7.0e-6,3,0.13,0.0,RND,185362,185079,0.3133281
EF,1000,6.0e-6,3,0.13,0.0,CHIM,184464,184866,0.2538044
EF,1000,6.0e-6,3,0.13,0.0,CHI,181148,184925,0.3701225
EF,1000,6.0e-6,3,0.13,0.0,RND,185369,185054,0.4649852
EF,1000,5.0e-6,3,0.13,0.0,CHIM,184454,184855,0.2778709
EF,1000,5.0e-6,3,0.13,0.0,CHI,181108,184941,0.3117122
EF,1000,5.0e-6,3,0.13,0.0,RND,185326,185062,0.2989162
EF,1000,4.0e-6,3,0.13,0.0,CHIM,184454,184855,0.2900747
EF,1000,4.0e-6,3,0.13,0.0,CHI,181108,184941,0.3518385
EF,1000,4.0e-6,3,0.13,0.0,RND,185340,185089,0.3383791
EF,1000,3.0e-6,3,0.13,0.0,CHIM,184454,184855,0.2583907
EF,1000,3.0e-6,3,0.13,0.0,CHI,181108,184941,0.3620061
EF,1000,3.0e-6,3,0.13,0.0,RND,185341,185094,0.3192583
EF,1000,2.0e-6,3,0.13,0.0,CHIM,184469,184844,0.2520248
EF,1000,2.0e-6,3,0.13,0.0,CHI,181271,185060,0.4018934
EF,1000,2.0e-6,3,0.13,0.0,RND,185365,185073,0.4517265
EF,1000,1.0,4,0.0,0.0,CHIM,206527,205927,0.3350258
EF,1000,1.0,4,0.0,0.0,CHI,201284,206392,0.4539818
EF,1000,1.0,4,0.0,0.0,RND,206597,206186,0.4363456
EF,1000,0.9,4,0.0,0.0,CHIM,206539,205936,0.3250078
EF,1000,0.9,4,0.0,0.0,CHI,201120,206111,0.3347141
EF,1000,0.9,4,0.0,0.0,RND,206596,206171,0.4584301
EF,1000,0.8,4,0.0,0.0,CHIM,206565,205928,0.3058488
EF,1000,0.8,4,0.0,0.0,CHI,201253,206105,0.3489713
EF,1000,0.8,4,0.0,0.0,RND,206613,206247,0.3342905
EF,1000,0.7,4,0.0,0.0,CHIM,206582,205941,0.3287084
EF,1000,0.7,4,0.0,0.0,CHI,200968,206141,0.364082
EF,1000,0.7,4,0.0,0.0,RND,206590,206187,0.395512
EF,1000,0.6,4,0.0,0.0,CHIM,206606,205941,0.3161744
EF,1000,0.6,4,0.0,0.0,CHI,201081,206100,0.2844549
EF,1000,0.6,4,0.0,0.0,RND,206598,206203,0.3774004
EF,1000,0.5,4,0.0,0.0,CHIM,206611,205940,0.2940409
EF,1000,0.5,4,0.0,0.0,CHI,201154,205998,0.3165429
EF,1000,0.5,4,0.0,0.0,RND,206589,206231,0.3717911
EF,1000,0.4,4,0.0,0.0,CHIM,206597,205936,0.2788128
EF,1000,0.4,4,0.0,0.0,CHI,201143,205878,0.3333666
EF,1000,0.4,4,0.0,0.0,RND,206614,206207,0.4338354
EF,1000,0.3,4,0.0,0.0,CHIM,206592,205935,0.2919607
EF,1000,0.3,4,0.0,0.0,CHI,201126,206095,0.2862742
EF,1000,0.3,4,0.0,0.0,RND,206606,206209,0.3718022
EF,1000,0.2,4,0.0,0.0,CHIM,206572,205962,0.2975033
EF,1000,0.2,4,0.0,0.0,CHI,201233,206278,0.3599362
EF,1000,0.2,4,0.0,0.0,RND,206561,206219,0.4125426
EF,1000,0.1,4,0.0,0.0,CHIM,206573,205974,0.2994865
EF,1000,0.1,4,0.0,0.0,CHI,201125,206242,0.2961801
EF,1000,0.1,4,0.0,0.0,RND,206590,206199,0.3504489
EF,1000,0.09,4,0.0,0.0,CHIM,206541,205929,0.3002963
EF,1000,0.09,4,0.0,0.0,CHI,200991,205970,0.4050832
EF,1000,0.09,4,0.0,0.0,RND,206601,206206,0.3266367
EF,1000,0.08,4,0.0,0.0,CHIM,206541,205929,0.3005221
EF,1000,0.08,4,0.0,0.0,CHI,200991,205970,0.3884867
EF,1000,0.08,4,0.0,0.0,RND,206568,206159,0.4083584
EF,1000,0.07,4,0.0,0.0,CHIM,206540,205946,0.2949643
EF,1000,0.07,4,0.0,0.0,CHI,200988,206030,0.3548872
EF,1000,0.07,4,0.0,0.0,RND,206585,206213,0.3429848
EF,1000,0.06,4,0.0,0.0,CHIM,206558,205965,0.314665
EF,1000,0.06,4,0.0,0.0,CHI,201068,206134,0.3652607
EF,1000,0.06,4,0.0,0.0,RND,206564,206214,0.3541853
EF,1000,0.05,4,0.0,0.0,CHIM,206558,205965,0.2781181
EF,1000,0.05,4,0.0,0.0,CHI,201068,206134,0.3180162
EF,1000,0.05,4,0.0,0.0,RND,206597,206201,0.3926007
EF,1000,0.04,4,0.0,0.0,CHIM,206553,205910,0.3022665
EF,1000,0.04,4,0.0,0.0,CHI,201165,206354,0.326869
EF,1000,0.04,4,0.0,0.0,RND,206621,206224,0.3635301
EF,1000,0.03,4,0.0,0.0,CHIM,206546,205906,0.2944554
EF,1000,0.03,4,0.0,0.0,CHI,201051,206143,0.3301725
EF,1000,0.03,4,0.0,0.0,RND,206561,206207,0.3674574
EF,1000,0.02,4,0.0,0.0,CHIM,206484,205912,0.2743808
EF,1000,0.02,4,0.0,0.0,CHI,201067,205876,0.3294631
EF,1000,0.02,4,0.0,0.0,RND,206598,206235,0.3629888
EF,1000,0.01,4,0.0,0.0,CHIM,206537,205978,0.3168643
EF,1000,0.01,4,0.0,0.0,CHI,201100,206008,0.3814652
EF,1000,0.01,4,0.0,0.0,RND,206587,206217,0.342458
EF,1000,0.009,4,0.0,0.0,CHIM,206537,205974,0.3223652
EF,1000,0.009,4,0.0,0.0,CHI,201116,206168,0.3449042
EF,1000,0.009,4,0.0,0.0,RND,206588,206228,0.3974904
EF,1000,0.008,4,0.0,0.0,CHIM,206521,205968,0.3459859
EF,1000,0.008,4,0.0,0.0,CHI,201231,206180,0.2891844
EF,1000,0.008,4,0.0,0.0,RND,206605,206225,0.3986202
EF,1000,0.007,4,0.0,0.0,CHIM,206521,205968,0.3236763
EF,1000,0.007,4,0.0,0.0,CHI,201231,206180,0.3310615
EF,1000,0.007,4,0.0,0.0,RND,206581,206229,0.3737809
EF,1000,0.006,4,0.0,0.0,CHIM,206445,205944,0.2817892
EF,1000,0.006,4,0.0,0.0,CHI,201249,206121,0.3281073
EF,1000,0.006,4,0.0,0.0,RND,206597,206222,0.4963771
EF,1000,0.005,4,0.0,0.0,CHIM,206445,205944,0.281122
EF,1000,0.005,4,0.0,0.0,CHI,201249,206121,0.3065918
EF,1000,0.005,4,0.0,0.0,RND,206613,206203,0.3852594
EF,1000,0.004,4,0.0,0.0,CHIM,206482,205948,0.2544605
EF,1000,0.004,4,0.0,0.0,CHI,200985,206020,0.3809214
EF,1000,0.004,4,0.0,0.0,RND,206583,206223,0.3780834
EF,1000,0.003,4,0.0,0.0,CHIM,206482,205948,0.301806
EF,1000,0.003,4,0.0,0.0,CHI,200985,206020,0.3476778
EF,1000,0.003,4,0.0,0.0,RND,206572,206208,0.4217921
EF,1000,0.002,4,0.0,0.0,CHIM,206484,205931,0.2581799
EF,1000,0.002,4,0.0,0.0,CHI,201266,206266,0.2815531
EF,1000,0.002,4,0.0,0.0,RND,206568,206214,0.4247786
EF,1000,0.001,4,0.0,0.0,CHIM,206484,205931,0.3264232
EF,1000,0.001,4,0.0,0.0,CHI,201266,206266,0.2990643
EF,1000,0.001,4,0.0,0.0,RND,206600,206209,0.4002266
EF,1000,0.0009,4,0.0,0.0,CHIM,206478,205921,0.2434428
EF,1000,0.0009,4,0.0,0.0,CHI,201071,206098,0.3787616
EF,1000,0.0009,4,0.0,0.0,RND,206592,206243,0.4217567
EF,1000,0.0008,4,0.0,0.0,CHIM,206478,205921,0.3050637
EF,1000,0.0008,4,0.0,0.0,CHI,201071,206098,0.361026
EF,1000,0.0008,4,0.0,0.0,RND,206570,206180,0.420704
EF,1000,0.0007,4,0.0,0.0,CHIM,206478,205921,0.255571
EF,1000,0.0007,4,0.0,0.0,CHI,201071,206098,0.3281187
EF,1000,0.0007,4,0.0,0.0,RND,206572,206227,0.3747406
EF,1000,0.0006,4,0.0,0.0,CHIM,206478,205921,0.2471789
EF,1000,0.0006,4,0.0,0.0,CHI,201071,206098,0.3879844
EF,1000,0.0006,4,0.0,0.0,RND,206580,206215,0.4578622
EF,1000,0.0005,4,0.0,0.0,CHIM,206473,205918,0.2568764
EF,1000,0.0005,4,0.0,0.0,CHI,201194,206239,0.413953
EF,1000,0.0005,4,0.0,0.0,RND,206586,206218,0.3848096
EF,1000,0.0004,4,0.0,0.0,CHIM,206473,205918,0.2489356
EF,1000,0.0004,4,0.0,0.0,CHI,201194,206239,0.3203123
EF,1000,0.0004,4,0.0,0.0,RND,206586,206226,0.3956138
EF,1000,0.0003,4,0.0,0.0,CHIM,206473,205918,0.2847594
EF,1000,0.0003,4,0.0,0.0,CHI,201194,206239,0.3536239
EF,1000,0.0003,4,0.0,0.0,RND,206591,206234,0.4329905
EF,1000,0.0002,4,0.0,0.0,CHIM,206473,205918,0.2782728
EF,1000,0.0002,4,0.0,0.0,CHI,201194,206239,0.3486424
EF,1000,0.0002,4,0.0,0.0,RND,206590,206215,0.377138
EF,1000,0.0001,4,0.0,0.0,CHIM,206473,205918,0.2803458
EF,1000,0.0001,4,0.0,0.0,CHI,201194,206239,0.3879067
EF,1000,0.0001,4,0.0,0.0,RND,206605,206212,0.421338
EF,1000,9.0e-5,4,0.0,0.0,CHIM,206473,205918,0.2804225
EF,1000,9.0e-5,4,0.0,0.0,CHI,201194,206239,0.3203234
EF,1000,9.0e-5,4,0.0,0.0,RND,206617,206247,0.3954516
EF,1000,8.0e-5,4,0.0,0.0,CHIM,206473,205918,0.2627683
EF,1000,8.0e-5,4,0.0,0.0,CHI,201194,206239,0.3262192
EF,1000,8.0e-5,4,0.0,0.0,RND,206593,206192,0.5029876
EF,1000,7.0e-5,4,0.0,0.0,CHIM,206473,205918,0.2551328
EF,1000,7.0e-5,4,0.0,0.0,CHI,201194,206239,0.3206241
EF,1000,7.0e-5,4,0.0,0.0,RND,206557,206160,0.3896012
EF,1000,6.0e-5,4,0.0,0.0,CHIM,206473,205918,0.2763987
EF,1000,6.0e-5,4,0.0,0.0,CHI,201194,206239,0.3592049
EF,1000,6.0e-5,4,0.0,0.0,RND,206595,206232,0.5419739
EF,1000,5.0e-5,4,0.0,0.0,CHIM,206473,205918,0.2780639
EF,1000,5.0e-5,4,0.0,0.0,CHI,201194,206239,0.3427484
EF,1000,5.0e-5,4,0.0,0.0,RND,206601,206225,0.4990538
EF,1000,4.0e-5,4,0.0,0.0,CHIM,206473,205918,0.2763402
EF,1000,4.0e-5,4,0.0,0.0,CHI,201194,206239,0.3903382
EF,1000,4.0e-5,4,0.0,0.0,RND,206570,206200,0.4665726
EF,1000,3.0e-5,4,0.0,0.0,CHIM,206473,205918,0.2441183
EF,1000,3.0e-5,4,0.0,0.0,CHI,201194,206239,0.4235523
EF,1000,3.0e-5,4,0.0,0.0,RND,206581,206220,0.3547064
EF,1000,2.0e-5,4,0.0,0.0,CHIM,206473,205918,0.2559397
EF,1000,2.0e-5,4,0.0,0.0,CHI,201194,206239,0.3796076
EF,1000,2.0e-5,4,0.0,0.0,RND,206594,206224,0.3981787
EF,1000,1.0e-5,4,0.0,0.0,CHIM,206473,205918,0.2515838
EF,1000,1.0e-5,4,0.0,0.0,CHI,201194,206239,0.3699042
EF,1000,1.0e-5,4,0.0,0.0,RND,206591,206209,0.4145484
EF,1000,9.0e-6,4,0.0,0.0,CHIM,206473,205918,0.2755098
EF,1000,9.0e-6,4,0.0,0.0,CHI,201194,206239,0.459425
EF,1000,9.0e-6,4,0.0,0.0,RND,206570,206199,0.46182
EF,1000,8.0e-6,4,0.0,0.0,CHIM,206473,205918,0.292908
EF,1000,8.0e-6,4,0.0,0.0,CHI,201194,206239,0.3944827
EF,1000,8.0e-6,4,0.0,0.0,RND,206582,206246,0.3593899
EF,1000,7.0e-6,4,0.0,0.0,CHIM,206473,205918,0.3232741
EF,1000,7.0e-6,4,0.0,0.0,CHI,201194,206239,0.4517125
EF,1000,7.0e-6,4,0.0,0.0,RND,206570,206234,0.4264966
EF,1000,6.0e-6,4,0.0,0.0,CHIM,206466,205911,0.2446128
EF,1000,6.0e-6,4,0.0,0.0,CHI,201345,206036,0.385318
EF,1000,6.0e-6,4,0.0,0.0,RND,206602,206199,0.3516078
EF,1000,5.0e-6,4,0.0,0.0,CHIM,206466,205911,0.2663727
EF,1000,5.0e-6,4,0.0,0.0,CHI,201345,206036,0.3652269
EF,1000,5.0e-6,4,0.0,0.0,RND,206612,206189,0.4521665
EF,1000,4.0e-6,4,0.0,0.0,CHIM,206466,205911,0.2183755
EF,1000,4.0e-6,4,0.0,0.0,CHI,201345,206036,0.4105939
EF,1000,4.0e-6,4,0.0,0.0,RND,206608,206191,0.4548005
EF,1000,3.0e-6,4,0.0,0.0,CHIM,206465,205931,0.261571
EF,1000,3.0e-6,4,0.0,0.0,CHI,201146,206520,0.3938349
EF,1000,3.0e-6,4,0.0,0.0,RND,206608,206190,0.4617327
EF,1000,2.0e-6,4,0.0,0.0,CHIM,206465,205931,0.327559
EF,1000,2.0e-6,4,0.0,0.0,CHI,201146,206520,0.4046107
EF,1000,2.0e-6,4,0.0,0.0,RND,206567,206197,0.3259161
EF,1000,1.0,4,0.05,0.0,CHIM,205825,205762,0.2539264
EF,1000,1.0,4,0.05,0.0,CHI,200750,205938,0.4009608
EF,1000,1.0,4,0.05,0.0,RND,206323,205940,0.3434136
EF,1000,0.9,4,0.05,0.0,CHIM,205868,205749,0.2880203
EF,1000,0.9,4,0.05,0.0,CHI,200696,206014,0.3866469
EF,1000,0.9,4,0.05,0.0,RND,206340,205958,0.349694
EF,1000,0.8,4,0.05,0.0,CHIM,205853,205751,0.2571011
EF,1000,0.8,4,0.05,0.0,CHI,201197,206088,0.3962526
EF,1000,0.8,4,0.05,0.0,RND,206356,205960,0.4383595
EF,1000,0.7,4,0.05,0.0,CHIM,205825,205765,0.2768959
EF,1000,0.7,4,0.05,0.0,CHI,200658,205605,0.3795767
EF,1000,0.7,4,0.05,0.0,RND,206349,205947,0.4294647
EF,1000,0.6,4,0.05,0.0,CHIM,205819,205763,0.3190534
EF,1000,0.6,4,0.05,0.0,CHI,200571,205876,0.3176051
EF,1000,0.6,4,0.05,0.0,RND,206297,205965,0.382014
EF,1000,0.5,4,0.05,0.0,CHIM,205816,205751,0.3657373
EF,1000,0.5,4,0.05,0.0,CHI,200827,205868,0.3173567
EF,1000,0.5,4,0.05,0.0,RND,206324,205946,0.4177765
EF,1000,0.4,4,0.05,0.0,CHIM,205823,205725,0.3192267
EF,1000,0.4,4,0.05,0.0,CHI,200550,205967,0.3156479
EF,1000,0.4,4,0.05,0.0,RND,206329,205964,0.3719979
EF,1000,0.3,4,0.05,0.0,CHIM,205845,205681,0.3893782
EF,1000,0.3,4,0.05,0.0,CHI,200943,205862,0.3014649
EF,1000,0.3,4,0.05,0.0,RND,206330,205939,0.481286
EF,1000,0.2,4,0.05,0.0,CHIM,205852,205701,0.351072
EF,1000,0.2,4,0.05,0.0,CHI,200770,205867,0.2800726
EF,1000,0.2,4,0.05,0.0,RND,206360,205946,0.3425383
EF,1000,0.1,4,0.05,0.0,CHIM,205885,205710,0.2929972
EF,1000,0.1,4,0.05,0.0,CHI,200960,205987,0.2905402
EF,1000,0.1,4,0.05,0.0,RND,206310,205923,0.4322736
EF,1000,0.09,4,0.05,0.0,CHIM,205850,205651,0.2920649
EF,1000,0.09,4,0.05,0.0,CHI,200654,205920,0.3584961
EF,1000,0.09,4,0.05,0.0,RND,206356,205956,0.3275657
EF,1000,0.08,4,0.05,0.0,CHIM,205850,205651,0.273164
EF,1000,0.08,4,0.05,0.0,CHI,200654,205920,0.3007435
EF,1000,0.08,4,0.05,0.0,RND,206351,205942,0.4692092
EF,1000,0.07,4,0.05,0.0,CHIM,205835,205728,0.2805603
EF,1000,0.07,4,0.05,0.0,CHI,200581,205591,0.2824728
EF,1000,0.07,4,0.05,0.0,RND,206342,205972,0.3358092
EF,1000,0.06,4,0.05,0.0,CHIM,205865,205739,0.3122624
EF,1000,0.06,4,0.05,0.0,CHI,201055,206120,0.2971461
EF,1000,0.06,4,0.05,0.0,RND,206348,205990,0.4066947
EF,1000,0.05,4,0.05,0.0,CHIM,205865,205739,0.2741384
EF,1000,0.05,4,0.05,0.0,CHI,201055,206120,0.3757177
EF,1000,0.05,4,0.05,0.0,RND,206300,205962,0.4471856
EF,1000,0.04,4,0.05,0.0,CHIM,205865,205739,0.2826659
EF,1000,0.04,4,0.05,0.0,CHI,201055,206120,0.2946207
EF,1000,0.04,4,0.05,0.0,RND,206331,205964,0.4321777
EF,1000,0.03,4,0.05,0.0,CHIM,205839,205719,0.3509036
EF,1000,0.03,4,0.05,0.0,CHI,200711,205734,0.373864
EF,1000,0.03,4,0.05,0.0,RND,206344,205970,0.4584601
EF,1000,0.02,4,0.05,0.0,CHIM,205831,205705,0.2966269
EF,1000,0.02,4,0.05,0.0,CHI,200686,205939,0.3274847
EF,1000,0.02,4,0.05,0.0,RND,206321,205974,0.4886556
EF,1000,0.01,4,0.05,0.0,CHIM,205840,205703,0.2544395
EF,1000,0.01,4,0.05,0.0,CHI,200852,206056,0.3379707
EF,1000,0.01,4,0.05,0.0,RND,206312,205952,0.4016061
EF,1000,0.009,4,0.05,0.0,CHIM,205822,205719,0.2606924
EF,1000,0.009,4,0.05,0.0,CHI,200758,205956,0.270301
EF,1000,0.009,4,0.05,0.0,RND,206311,205963,0.4278375
EF,1000,0.008,4,0.05,0.0,CHIM,205822,205743,0.2483629
EF,1000,0.008,4,0.05,0.0,CHI,200767,205797,0.3173033
EF,1000,0.008,4,0.05,0.0,RND,206304,205957,0.5265471
EF,1000,0.007,4,0.05,0.0,CHIM,205822,205743,0.2885074
EF,1000,0.007,4,0.05,0.0,CHI,200767,205797,0.3511048
EF,1000,0.007,4,0.05,0.0,RND,206283,205970,0.3928363
EF,1000,0.006,4,0.05,0.0,CHIM,205822,205743,0.2988098
EF,1000,0.006,4,0.05,0.0,CHI,200767,205797,0.3935814
EF,1000,0.006,4,0.05,0.0,RND,206327,205933,0.4856133
EF,1000,0.005,4,0.05,0.0,CHIM,205822,205743,0.3059067
EF,1000,0.005,4,0.05,0.0,CHI,200767,205797,0.3329858
EF,1000,0.005,4,0.05,0.0,RND,206310,205989,0.5085027
EF,1000,0.004,4,0.05,0.0,CHIM,205822,205743,0.344604
EF,1000,0.004,4,0.05,0.0,CHI,200767,205797,0.3318531
EF,1000,0.004,4,0.05,0.0,RND,206337,205956,0.3676648
EF,1000,0.003,4,0.05,0.0,CHIM,205830,205737,0.2878725
EF,1000,0.003,4,0.05,0.0,CHI,200981,205936,0.2950387
EF,1000,0.003,4,0.05,0.0,RND,206318,205962,0.3460201
EF,1000,0.002,4,0.05,0.0,CHIM,205789,205712,0.3492797
EF,1000,0.002,4,0.05,0.0,CHI,201125,205945,0.3222364
EF,1000,0.002,4,0.05,0.0,RND,206324,205919,0.5155083
EF,1000,0.001,4,0.05,0.0,CHIM,205785,205707,0.3220877
EF,1000,0.001,4,0.05,0.0,CHI,201060,206114,0.3305175
EF,1000,0.001,4,0.05,0.0,RND,206317,205938,0.3686205
EF,1000,0.0009,4,0.05,0.0,CHIM,205785,205707,0.2789574
EF,1000,0.0009,4,0.05,0.0,CHI,201060,206114,0.289786
EF,1000,0.0009,4,0.05,0.0,RND,206322,205964,0.4315875
EF,1000,0.0008,4,0.05,0.0,CHIM,205785,205707,0.3067965
EF,1000,0.0008,4,0.05,0.0,CHI,201060,206114,0.3217185
EF,1000,0.0008,4,0.05,0.0,RND,206306,205948,0.3828781
EF,1000,0.0007,4,0.05,0.0,CHIM,205785,205707,0.3498033
EF,1000,0.0007,4,0.05,0.0,CHI,201060,206114,0.310581
EF,1000,0.0007,4,0.05,0.0,RND,206337,205970,0.3935498
EF,1000,0.0006,4,0.05,0.0,CHIM,205785,205707,0.2747921
EF,1000,0.0006,4,0.05,0.0,CHI,201060,206114,0.3036304
EF,1000,0.0006,4,0.05,0.0,RND,206352,205958,0.3654304
EF,1000,0.0005,4,0.05,0.0,CHIM,205785,205707,0.3057909
EF,1000,0.0005,4,0.05,0.0,CHI,201060,206114,0.29095
EF,1000,0.0005,4,0.05,0.0,RND,206362,205958,0.3635299
EF,1000,0.0004,4,0.05,0.0,CHIM,205785,205707,0.2872427
EF,1000,0.0004,4,0.05,0.0,CHI,201060,206114,0.3399653
EF,1000,0.0004,4,0.05,0.0,RND,206330,205985,0.3558174
EF,1000,0.0003,4,0.05,0.0,CHIM,205785,205707,0.367351
EF,1000,0.0003,4,0.05,0.0,CHI,201060,206114,0.3076627
EF,1000,0.0003,4,0.05,0.0,RND,206320,205974,0.3643056
EF,1000,0.0002,4,0.05,0.0,CHIM,205808,205688,0.3417924
EF,1000,0.0002,4,0.05,0.0,CHI,200650,205787,0.3126678
EF,1000,0.0002,4,0.05,0.0,RND,206328,205961,0.4056789
EF,1000,0.0001,4,0.05,0.0,CHIM,205825,205686,0.2970089
EF,1000,0.0001,4,0.05,0.0,CHI,201096,205818,0.28154
EF,1000,0.0001,4,0.05,0.0,RND,206329,205977,0.3988839
EF,1000,9.0e-5,4,0.05,0.0,CHIM,205825,205686,0.3254959
EF,1000,9.0e-5,4,0.05,0.0,CHI,201096,205818,0.2906304
EF,1000,9.0e-5,4,0.05,0.0,RND,206329,205953,0.436008
EF,1000,8.0e-5,4,0.05,0.0,CHIM,205824,205653,0.3268946
EF,1000,8.0e-5,4,0.05,0.0,CHI,200842,205724,0.3047421
EF,1000,8.0e-5,4,0.05,0.0,RND,206330,205930,0.4229759
EF,1000,7.0e-5,4,0.05,0.0,CHIM,205824,205653,0.2890735
EF,1000,7.0e-5,4,0.05,0.0,CHI,200842,205724,0.2940611
EF,1000,7.0e-5,4,0.05,0.0,RND,206333,205958,0.3737757
EF,1000,6.0e-5,4,0.05,0.0,CHIM,205824,205653,0.2878896
EF,1000,6.0e-5,4,0.05,0.0,CHI,200842,205724,0.3320449
EF,1000,6.0e-5,4,0.05,0.0,RND,206324,205949,0.415146
EF,1000,5.0e-5,4,0.05,0.0,CHIM,205824,205653,0.3203268
EF,1000,5.0e-5,4,0.05,0.0,CHI,200842,205724,0.3503301
EF,1000,5.0e-5,4,0.05,0.0,RND,206324,205957,0.3968728
EF,1000,4.0e-5,4,0.05,0.0,CHIM,205824,205653,0.252367
EF,1000,4.0e-5,4,0.05,0.0,CHI,200842,205724,0.28829
EF,1000,4.0e-5,4,0.05,0.0,RND,206351,205957,0.4226799
EF,1000,3.0e-5,4,0.05,0.0,CHIM,205824,205653,0.2894285
EF,1000,3.0e-5,4,0.05,0.0,CHI,200842,205724,0.2881184
EF,1000,3.0e-5,4,0.05,0.0,RND,206332,205948,0.4088645
EF,1000,2.0e-5,4,0.05,0.0,CHIM,205824,205653,0.2926195
EF,1000,2.0e-5,4,0.05,0.0,CHI,200842,205724,0.2882908
EF,1000,2.0e-5,4,0.05,0.0,RND,206324,205970,0.4718288
EF,1000,1.0e-5,4,0.05,0.0,CHIM,205824,205653,0.3271787
EF,1000,1.0e-5,4,0.05,0.0,CHI,200842,205724,0.3345366
EF,1000,1.0e-5,4,0.05,0.0,RND,206308,205950,0.3893015
EF,1000,9.0e-6,4,0.05,0.0,CHIM,205824,205653,0.274
EF,1000,9.0e-6,4,0.05,0.0,CHI,200842,205724,0.3215178
EF,1000,9.0e-6,4,0.05,0.0,RND,206320,205956,0.4025736
EF,1000,8.0e-6,4,0.05,0.0,CHIM,205824,205653,0.249686
EF,1000,8.0e-6,4,0.05,0.0,CHI,200842,205724,0.3677932
EF,1000,8.0e-6,4,0.05,0.0,RND,206351,205959,0.369953
EF,1000,7.0e-6,4,0.05,0.0,CHIM,205824,205653,0.3162194
EF,1000,7.0e-6,4,0.05,0.0,CHI,200842,205724,0.3707686
EF,1000,7.0e-6,4,0.05,0.0,RND,206334,205946,0.4298079
EF,1000,6.0e-6,4,0.05,0.0,CHIM,205824,205653,0.3248713
EF,1000,6.0e-6,4,0.05,0.0,CHI,200842,205724,0.3941603
EF,1000,6.0e-6,4,0.05,0.0,RND,206322,205957,0.3748727
EF,1000,5.0e-6,4,0.05,0.0,CHIM,205824,205653,0.3061876
EF,1000,5.0e-6,4,0.05,0.0,CHI,200842,205724,0.3016418
EF,1000,5.0e-6,4,0.05,0.0,RND,206357,205969,0.3756856
EF,1000,4.0e-6,4,0.05,0.0,CHIM,205824,205653,0.2523929
EF,1000,4.0e-6,4,0.05,0.0,CHI,200842,205724,0.3581691
EF,1000,4.0e-6,4,0.05,0.0,RND,206333,205961,0.4776494
EF,1000,3.0e-6,4,0.05,0.0,CHIM,205817,205664,0.2788881
EF,1000,3.0e-6,4,0.05,0.0,CHI,200941,205949,0.4251715
EF,1000,3.0e-6,4,0.05,0.0,RND,206340,205951,0.3616991
EF,1000,2.0e-6,4,0.05,0.0,CHIM,205817,205664,0.277174
EF,1000,2.0e-6,4,0.05,0.0,CHI,200941,205949,0.3788421
EF,1000,2.0e-6,4,0.05,0.0,RND,206285,205960,0.3629922
EF,1000,1.0,4,0.1,0.0,CHIM,204627,204811,0.3214131
EF,1000,1.0,4,0.1,0.0,CHI,200089,205032,0.3466594
EF,1000,1.0,4,0.1,0.0,RND,205504,205090,0.501061
EF,1000,0.9,4,0.1,0.0,CHIM,204606,204833,0.3397472
EF,1000,0.9,4,0.1,0.0,CHI,199867,205233,0.3167729
EF,1000,0.9,4,0.1,0.0,RND,205494,205121,0.3664443
EF,1000,0.8,4,0.1,0.0,CHIM,204614,204812,0.340361
EF,1000,0.8,4,0.1,0.0,CHI,200000,204907,0.2957709
EF,1000,0.8,4,0.1,0.0,RND,205498,205128,0.4256663
EF,1000,0.7,4,0.1,0.0,CHIM,204630,204822,0.2809662
EF,1000,0.7,4,0.1,0.0,CHI,199916,205105,0.3764858
EF,1000,0.7,4,0.1,0.0,RND,205472,205113,0.4043973
EF,1000,0.6,4,0.1,0.0,CHIM,204630,204822,0.2760532
EF,1000,0.6,4,0.1,0.0,CHI,199916,205105,0.2976551
EF,1000,0.6,4,0.1,0.0,RND,205477,205125,0.3929935
EF,1000,0.5,4,0.1,0.0,CHIM,204630,204824,0.3321306
EF,1000,0.5,4,0.1,0.0,CHI,199970,204969,0.342384
EF,1000,0.5,4,0.1,0.0,RND,205492,205115,0.4345914
EF,1000,0.4,4,0.1,0.0,CHIM,204670,204842,0.3316997
EF,1000,0.4,4,0.1,0.0,CHI,200169,204938,0.337433
EF,1000,0.4,4,0.1,0.0,RND,205492,205094,0.3963718
EF,1000,0.3,4,0.1,0.0,CHIM,204684,204812,0.3233249
EF,1000,0.3,4,0.1,0.0,CHI,200097,204675,0.3237554
EF,1000,0.3,4,0.1,0.0,RND,205466,205140,0.4292773
EF,1000,0.2,4,0.1,0.0,CHIM,204684,204812,0.2960627
EF,1000,0.2,4,0.1,0.0,CHI,200097,204675,0.3172007
EF,1000,0.2,4,0.1,0.0,RND,205493,205103,0.4109343
EF,1000,0.1,4,0.1,0.0,CHIM,204686,204867,0.324029
EF,1000,0.1,4,0.1,0.0,CHI,199921,204913,0.3296922
EF,1000,0.1,4,0.1,0.0,RND,205463,205104,0.4286947
EF,1000,0.09,4,0.1,0.0,CHIM,204599,204854,0.3286325
EF,1000,0.09,4,0.1,0.0,CHI,200015,205093,0.3508968
EF,1000,0.09,4,0.1,0.0,RND,205475,205110,0.4989217
EF,1000,0.08,4,0.1,0.0,CHIM,204599,204854,0.2940411
EF,1000,0.08,4,0.1,0.0,CHI,200015,205093,0.322952
EF,1000,0.08,4,0.1,0.0,RND,205495,205141,0.5094323
EF,1000,0.07,4,0.1,0.0,CHIM,204630,204871,0.3128336
EF,1000,0.07,4,0.1,0.0,CHI,199790,204889,0.3064957
EF,1000,0.07,4,0.1,0.0,RND,205495,205109,0.4691703
EF,1000,0.06,4,0.1,0.0,CHIM,204678,204877,0.3057875
EF,1000,0.06,4,0.1,0.0,CHI,200037,205094,0.3389314
EF,1000,0.06,4,0.1,0.0,RND,205483,205139,0.4854199
EF,1000,0.05,4,0.1,0.0,CHIM,204678,204877,0.2704259
EF,1000,0.05,4,0.1,0.0,CHI,200037,205094,0.312737
EF,1000,0.05,4,0.1,0.0,RND,205477,205125,0.3578337
EF,1000,0.04,4,0.1,0.0,CHIM,204678,204877,0.2689342
EF,1000,0.04,4,0.1,0.0,CHI,200037,205094,0.3689165
EF,1000,0.04,4,0.1,0.0,RND,205522,205122,0.3988088
EF,1000,0.03,4,0.1,0.0,CHIM,204624,204825,0.3085814
EF,1000,0.03,4,0.1,0.0,CHI,199904,205066,0.3916933
EF,1000,0.03,4,0.1,0.0,RND,205510,205124,0.4837092
EF,1000,0.02,4,0.1,0.0,CHIM,204624,204825,0.2612923
EF,1000,0.02,4,0.1,0.0,CHI,199904,205066,0.316937
EF,1000,0.02,4,0.1,0.0,RND,205501,205117,0.3718855
EF,1000,0.01,4,0.1,0.0,CHIM,204605,204825,0.3118195
EF,1000,0.01,4,0.1,0.0,CHI,199922,205406,0.3414887
EF,1000,0.01,4,0.1,0.0,RND,205529,205089,0.5401544
EF,1000,0.009,4,0.1,0.0,CHIM,204602,204829,0.2968231
EF,1000,0.009,4,0.1,0.0,CHI,199732,205075,0.3516132
EF,1000,0.009,4,0.1,0.0,RND,205492,205136,0.3466299
EF,1000,0.008,4,0.1,0.0,CHIM,204602,204829,0.2799767
EF,1000,0.008,4,0.1,0.0,CHI,199732,205075,0.338994
EF,1000,0.008,4,0.1,0.0,RND,205457,205112,0.3774114
EF,1000,0.007,4,0.1,0.0,CHIM,204608,204826,0.2417324
EF,1000,0.007,4,0.1,0.0,CHI,199916,204902,0.3599095
EF,1000,0.007,4,0.1,0.0,RND,205485,205106,0.337753
EF,1000,0.006,4,0.1,0.0,CHIM,204629,204792,0.2900905
EF,1000,0.006,4,0.1,0.0,CHI,200076,204881,0.3249535
EF,1000,0.006,4,0.1,0.0,RND,205481,205094,0.5130772
EF,1000,0.005,4,0.1,0.0,CHIM,204629,204792,0.2681392
EF,1000,0.005,4,0.1,0.0,CHI,200076,204881,0.3319136
EF,1000,0.005,4,0.1,0.0,RND,205479,205109,0.4356324
EF,1000,0.004,4,0.1,0.0,CHIM,204629,204792,0.2450848
EF,1000,0.004,4,0.1,0.0,CHI,200076,204881,0.4131259
EF,1000,0.004,4,0.1,0.0,RND,205497,205102,0.4725782
EF,1000,0.003,4,0.1,0.0,CHIM,204634,204789,0.3181509
EF,1000,0.003,4,0.1,0.0,CHI,200203,204833,0.3680196
EF,1000,0.003,4,0.1,0.0,RND,205468,205104,0.5287274
EF,1000,0.002,4,0.1,0.0,CHIM,204629,204786,0.2860572
EF,1000,0.002,4,0.1,0.0,CHI,200029,205518,0.3594795
EF,1000,0.002,4,0.1,0.0,RND,205485,205134,0.402695
EF,1000,0.001,4,0.1,0.0,CHIM,204618,204781,0.3242082
EF,1000,0.001,4,0.1,0.0,CHI,200083,205108,0.3573116
EF,1000,0.001,4,0.1,0.0,RND,205492,205125,0.3679089
EF,1000,0.0009,4,0.1,0.0,CHIM,204618,204781,0.3297728
EF,1000,0.0009,4,0.1,0.0,CHI,200083,205108,0.355049
EF,1000,0.0009,4,0.1,0.0,RND,205485,205113,0.4321337
EF,1000,0.0008,4,0.1,0.0,CHIM,204618,204781,0.3352281
EF,1000,0.0008,4,0.1,0.0,CHI,200083,205108,0.3810611
EF,1000,0.0008,4,0.1,0.0,RND,205498,205105,0.3816854
EF,1000,0.0007,4,0.1,0.0,CHIM,204618,204781,0.292536
EF,1000,0.0007,4,0.1,0.0,CHI,200083,205108,0.3710492
EF,1000,0.0007,4,0.1,0.0,RND,205488,205120,0.4006658
EF,1000,0.0006,4,0.1,0.0,CHIM,204649,204790,0.3798989
EF,1000,0.0006,4,0.1,0.0,CHI,199843,204888,0.3761844
EF,1000,0.0006,4,0.1,0.0,RND,205490,205113,0.4164412
EF,1000,0.0005,4,0.1,0.0,CHIM,204649,204790,0.3150474
EF,1000,0.0005,4,0.1,0.0,CHI,199843,204888,0.3350226
EF,1000,0.0005,4,0.1,0.0,RND,205495,205127,0.3915829
EF,1000,0.0004,4,0.1,0.0,CHIM,204649,204790,0.2835856
EF,1000,0.0004,4,0.1,0.0,CHI,199843,204888,0.3699686
EF,1000,0.0004,4,0.1,0.0,RND,205505,205112,0.3520897
EF,1000,0.0003,4,0.1,0.0,CHIM,204649,204790,0.3099795
EF,1000,0.0003,4,0.1,0.0,CHI,199843,204888,0.3515819
EF,1000,0.0003,4,0.1,0.0,RND,205483,205110,0.4333165
EF,1000,0.0002,4,0.1,0.0,CHIM,204653,204791,0.281501
EF,1000,0.0002,4,0.1,0.0,CHI,199939,204970,0.3401965
EF,1000,0.0002,4,0.1,0.0,RND,205479,205139,0.4185367
EF,1000,0.0001,4,0.1,0.0,CHIM,204660,204800,0.2908376
EF,1000,0.0001,4,0.1,0.0,CHI,200047,205088,0.3704
EF,1000,0.0001,4,0.1,0.0,RND,205483,205117,0.3631288
