wareh,capacity,buffer,QMK,CHIM,CHI,KL,KLQ,GP,GS,BS,RND
2.0,100.0,0.0,8.944349431,0.272938558,0.337592901,10.245299961,0.059418221,0.067280523,0.435411819,0.006906005,0.078881816
2.0,100.0,0.0,0.100295223,0.293257766,0.29633452,10.328940707,0.102643658,0.015822127,0.013928297,0.007673216,0.004022882
2.0,100.0,0.0,0.096275233,0.348032988,0.35092579,10.305857065,0.057824504,0.008848331,0.006776829,0.006821522,0.004089424
3.0,100.0,0.0,0.19778225,0.326919058,0.338563285,10.148940616,0.247065329,0.007388795,0.010955666,0.005284071,0.006090381
3.0,100.0,0.0,0.61130094,0.344213686,0.355262032,10.243739277,0.62699875,0.010936646,0.005776249,0.009859643,0.005053494
3.0,100.0,0.0,5.29495205,0.299455891,0.311356542,10.29132151,5.324091278,0.00803943,0.006513175,0.007355712,0.004836178
4.0,100.0,0.0,1.493494143,0.293966877,0.330298502,10.301801872,1.463179582,0.006731667,0.007456691,0.005286574,0.007972404
4.0,100.0,0.0,0.832660737,0.288007817,0.2793215,10.23031043,0.747732687,0.006684697,0.009763045,0.007551592,0.006510639
4.0,100.0,0.0,1.167291637,0.307562811,0.346310063,10.394871366,1.123466037,0.009146353,0.006837194,0.005987654,0.006456279
2.0,110.0,10.0,0.288931168,0.252209591,0.268747962,0.0,0.0,0.005728488,0.005528109,0.005500808,0.04437524
2.0,110.0,10.0,0.282041402,0.263971206,0.287935962,0.0,0.0,0.009932583,0.005739016,0.006463292,0.032853684
2.0,110.0,10.0,0.324697605,0.320248877,0.327928666,0.0,0.0,0.009392876,0.005340788,0.006961198,0.028790372
3.0,110.0,10.0,0.994348808,0.251736144,0.272870279,0.0,0.0,0.009317195,0.005149868,0.00741274,0.046124914
3.0,110.0,10.0,0.756445515,0.238459802,0.271782308,0.0,0.0,0.007008457,0.005165356,0.00728661,0.038516658
3.0,110.0,10.0,1.883933956,0.2460365,0.322120154,0.0,0.0,0.007098519,0.005627276,0.008639377,0.037891711
4.0,110.0,10.0,56.184256538,0.19171128,0.251064051,0.0,0.0,0.005961125,0.005097108,0.005226091,0.104645277
4.0,110.0,10.0,8.869667041,0.190996535,0.252760996,0.0,0.0,0.00603828,0.005311721,0.005505928,0.105190873
4.0,110.0,10.0,64.25949831,0.20292159,0.265640868,0.0,0.0,0.005740398,0.005363884,0.00552699,0.100413014
2.0,120.0,20.0,0.179364464,0.189937175,0.205718406,0.0,0.0,0.006208146,0.005084606,0.005168253,0.033870272
2.0,120.0,20.0,0.14127017,0.215235678,0.203305742,0.0,0.0,0.007781503,0.004904183,0.005374483,0.03368702
2.0,120.0,20.0,0.184345641,0.23157513,0.210823421,0.0,0.0,0.008066212,0.005399582,0.006882688,0.033357378
3.0,120.0,20.0,1.00296007,0.198223717,0.232158742,0.0,0.0,0.005680011,0.005402823,0.0052247,0.062080968
3.0,120.0,20.0,0.379567765,0.19751222,0.228340752,0.0,0.0,0.005854312,0.005330902,0.005251384,0.059499712
3.0,120.0,20.0,0.182410426,0.198876729,0.230950337,0.0,0.0,0.006061663,0.005360911,0.005125188,0.05965233
4.0,120.0,20.0,135.702322934,0.198161306,0.253389226,0.0,0.0,0.006058558,0.005658627,0.005263194,0.104614884
4.0,120.0,20.0,143.103823517,0.198987954,0.254766129,0.0,0.0,0.005620415,0.005733148,0.005419898,0.09337414
4.0,120.0,20.0,96.903239338,0.193339079,0.249745159,0.0,0.0,0.006375337,0.005912467,0.005465597,0.092451745
2.0,200.0,0.0,0.220930092,0.208755381,0.194914927,38.80728237,0.222747792,0.008359057,0.006649143,0.006732509,0.005593448
2.0,200.0,0.0,0.236820225,0.20282453,0.201610589,38.33648173,0.225718845,0.008225898,0.006367264,0.007967322,0.00541325
2.0,200.0,0.0,0.226300379,0.198877513,0.196829201,37.688987489,0.222778206,0.008310528,0.006521023,0.006566347,0.005601043
3.0,200.0,0.0,0.543200704,0.212765187,0.207244346,37.016049556,0.544566378,0.008668922,0.008402701,0.006587568,0.0068385
3.0,200.0,0.0,1.81856582,0.192397332,0.192364751,37.174162142,1.820521635,0.008694701,0.006656137,0.006867756,0.006682787
3.0,200.0,0.0,1.196228244,0.226557546,0.223339425,36.99833337,1.204729537,0.008870391,0.006675333,0.006746087,0.007382613
4.0,200.0,0.0,5.723297438,0.191894242,0.195675995,36.549220298,5.735810543,0.008709368,0.006739505,0.006700792,0.008958738
4.0,200.0,0.0,1.708032218,0.204976427,0.206922327,36.441629567,1.564229985,0.009097929,0.006728965,0.006735988,0.008903373
4.0,200.0,0.0,2.021738767,0.198140412,0.202568981,36.22386554,2.052873416,0.009152444,0.006789918,0.006835896,0.009324726
2.0,220.0,20.0,2.288482102,0.199065984,0.214323377,0.0,0.0,0.008235899,0.006618077,0.006359892,0.038731488
2.0,220.0,20.0,1.211159778,0.194846599,0.221598008,0.0,0.0,0.008148894,0.006431024,0.006365462,0.036077286
2.0,220.0,20.0,1.186086427,0.203761575,0.228291395,0.0,0.0,0.008353259,0.006632394,0.006569885,0.036996184
3.0,220.0,20.0,4.667463536,0.20534347,0.234615789,0.0,0.0,0.008718676,0.006822401,0.006599341,0.067329261
3.0,220.0,20.0,1.278368714,0.207939671,0.230598604,0.0,0.0,0.008573835,0.006667929,0.006623245,0.066757195
3.0,220.0,20.0,3.445559083,0.200640506,0.22834199,0.0,0.0,0.008553235,0.006772968,0.006623315,0.06690406
4.0,220.0,20.0,205.364462212,0.196262743,0.254946204,0.0,0.0,0.008676556,0.00675269,0.006861333,0.114375426
4.0,220.0,20.0,28.54781621,0.196436911,0.259076481,0.0,0.0,0.008798005,0.006948859,0.00660391,0.107904224
4.0,220.0,20.0,36.773355487,0.199369376,0.25386022,0.0,0.0,0.008977053,0.006786814,0.006637482,0.111264065
2.0,240.0,40.0,0.681297054,0.200314013,0.228300333,0.0,0.0,0.008188079,0.006473805,0.006442817,0.035291639
2.0,240.0,40.0,0.556730262,0.21148983,0.220499864,0.0,0.0,0.008265985,0.006539698,0.006510944,0.033287401
2.0,240.0,40.0,1.781566731,0.217872043,0.220951564,0.0,0.0,0.008325647,0.006683259,0.006439179,0.033760911
3.0,240.0,40.0,1.413551066,0.200071275,0.234718814,0.0,0.0,0.008585517,0.006833642,0.006626833,0.061590007
3.0,240.0,40.0,4.549965146,0.195150451,0.230355658,0.0,0.0,0.008513201,0.006596285,0.006363937,0.052745144
3.0,240.0,40.0,1.17252433,0.224267078,0.254572512,0.0,0.0,0.008728804,0.006782355,0.006592266,0.062586722
4.0,240.0,40.0,330.949995894,0.194448901,0.558823805,0.0,0.0,0.008629291,0.006817169,0.006648719,0.090212758
4.0,240.0,40.0,121.607983479,0.192598851,0.294125828,0.0,0.0,0.009918945,0.006764805,0.006680476,0.104756869
4.0,240.0,40.0,260.287644879,0.197510164,0.252285157,0.0,0.0,0.008850926,0.006920456,0.006865482,0.110969378
2.0,300.0,0.0,0.532328844,0.199523835,0.199826714,88.282247151,0.52802805,0.011609277,0.007442522,0.007402377,0.007500823
2.0,300.0,0.0,0.433035315,0.204400133,0.203110011,88.873499215,0.42995837,0.011621428,0.007547382,0.007452535,0.007188737
2.0,300.0,0.0,0.59266844,0.202023929,0.198507534,87.021931397,0.619899855,0.011774436,0.007609824,0.008005582,0.007290552
3.0,300.0,0.0,1.576661077,0.202899476,0.204070083,84.17243958,1.59260623,0.012004341,0.007930514,0.00798611,0.009457547
3.0,300.0,0.0,0.949901201,0.207246506,0.205595507,84.365086804,0.923286084,0.011607327,0.007790025,0.007935299,0.008127982
3.0,300.0,0.0,0.75914308,0.194403541,0.198960566,83.992440289,0.773902278,0.011942133,0.007883287,0.007861997,0.009169412
4.0,300.0,0.0,22.831601428,0.200643077,0.208125196,81.146240091,22.596258793,0.012294209,0.008118607,0.008122414,0.010975794
4.0,300.0,0.0,4.790508278,0.204430046,0.209720469,81.455710996,4.807289335,0.012304976,0.007944956,0.008206029,0.010685723
4.0,300.0,0.0,7.267483222,0.197992838,0.199576692,81.380976031,7.354712084,0.012715696,0.0083353,0.008329509,0.010814342
2.0,330.0,30.0,1.187115625,0.208269667,0.22888464,0.0,0.0,0.011379057,0.007594373,0.007474216,0.03756498
2.0,330.0,30.0,1.301702554,0.208123796,0.228029575,0.0,0.0,0.011484294,0.007637555,0.007433228,0.03843611
2.0,330.0,30.0,1.164584738,0.202027835,0.217067149,0.0,0.0,0.011358076,0.007478075,0.007474217,0.041219806
3.0,330.0,30.0,6.827688348,0.201440428,0.2331387,0.0,0.0,0.011376191,0.007756558,0.007631062,0.072189372
3.0,330.0,30.0,3.169481887,0.200649605,0.231801114,0.0,0.0,0.011801482,0.007845806,0.007536826,0.069706964
3.0,330.0,30.0,8.898358919,0.200699331,0.22144617,0.0,0.0,0.011683167,0.007698769,0.009016953,0.069119964
4.0,330.0,30.0,16.663308403,0.202336857,0.260453742,0.0,0.0,0.012137654,0.008190315,0.007910518,0.122360735
4.0,330.0,30.0,16.010240877,0.207574398,0.268967163,0.0,0.0,0.012376553,0.009750966,0.008141834,0.117580853
4.0,330.0,30.0,7.850222138,0.202311504,0.25824471,0.0,0.0,0.01236942,0.008223276,0.007864249,0.116141938
2.0,360.0,60.0,1.009570393,0.202951096,0.218658136,0.0,0.0,0.011269287,0.007622185,0.007263186,0.040371048
2.0,360.0,60.0,0.798793154,0.20500854,0.220909424,0.0,0.0,0.011515419,0.007574124,0.00740313,0.039768422
2.0,360.0,60.0,0.611725003,0.203603059,0.226370892,0.0,0.0,0.011603146,0.00765714,0.007449107,0.037108679
3.0,360.0,60.0,2.046475479,0.204015432,0.236959993,0.0,0.0,0.011864637,0.008053277,0.007631021,0.067783543
3.0,360.0,60.0,2.541643652,0.202623756,0.235227334,0.0,0.0,0.011936444,0.007969508,0.007512188,0.072624274
3.0,360.0,60.0,1.361444028,0.202710275,0.232411414,0.0,0.0,0.012133183,0.007921718,0.007678621,0.06863339
4.0,360.0,60.0,13.797105391,0.203386984,0.527084624,0.0,0.0,0.012682319,0.008275394,0.00773784,0.1207154
4.0,360.0,60.0,8.480633239,0.197978186,0.25229167,0.0,0.0,0.012488641,0.00824144,0.008641534,0.112776808
4.0,360.0,60.0,3.480401359,0.19485025,0.246114147,0.0,0.0,0.012349711,0.007950281,0.008200252,0.112400768
2.0,400.0,0.0,0.672501047,0.196797085,0.19945845,168.33508876,0.691806055,0.01488257,0.011893237,0.009428825,0.010533557
2.0,400.0,0.0,0.527345509,0.195508086,0.199014472,166.008287622,0.522870318,0.015395676,0.010359391,0.009261712,0.011238246
2.0,400.0,0.0,0.575546225,0.194409329,0.198413904,164.995649164,0.545000011,0.015764679,0.008917153,0.008995521,0.011763999
3.0,400.0,0.0,2.028616689,0.206636827,0.209690769,154.173959599,1.995715046,0.015877041,0.009211051,0.009206061,0.011378657
3.0,400.0,0.0,2.479119318,0.197821501,0.198187861,152.447808717,2.541813241,0.01650794,0.009374206,0.00948738,0.012700257
3.0,400.0,0.0,1.142363572,0.211894379,0.212143135,154.242336758,1.123871451,0.016330237,0.009413721,0.00955158,0.013010882
4.0,400.0,0.0,4.464414875,0.203786577,0.206539983,143.780725245,4.470196859,0.016576481,0.010067578,0.010051407,0.013810771
4.0,400.0,0.0,5.187235736,0.201597743,0.212529983,146.183249136,5.210799425,0.017056397,0.010123016,0.010073955,0.014822783
4.0,400.0,0.0,4.10874426,0.207462494,0.214174936,143.696555216,4.074430177,0.017021725,0.01009475,0.010072177,0.015152129
2.0,440.0,40.0,1.92868442,0.198409755,0.225455778,0.0,0.0,0.015162809,0.008886752,0.008425101,0.046175672
2.0,440.0,40.0,1.370424245,0.198063176,0.21534928,0.0,0.0,0.015094059,0.008913543,0.008587437,0.047081731
2.0,440.0,40.0,5.275355085,0.194289605,0.212453974,0.0,0.0,0.015273706,0.008976701,0.00842534,0.041545146
3.0,440.0,40.0,3.351567341,0.20453275,0.235277126,0.0,0.0,0.016241021,0.009594236,0.009640844,0.076534598
3.0,440.0,40.0,2.769619412,0.203097239,0.233770669,0.0,0.0,0.01637312,0.009463589,0.00910977,0.075364761
3.0,440.0,40.0,4.649253187,0.200542385,0.227199049,0.0,0.0,0.016137676,0.009622718,0.009227513,0.069523251
4.0,440.0,40.0,13.824937287,0.207021368,0.268384584,0.0,0.0,0.016999962,0.010399733,0.009606298,0.130798782
4.0,440.0,40.0,11.764824637,0.21002247,0.267349294,0.0,0.0,0.017152037,0.01043006,0.00956595,0.129428042
4.0,440.0,40.0,7.005769885,0.209312645,0.263669006,0.0,0.0,0.017136919,0.011271046,0.009721084,0.128399118
2.0,480.0,80.0,1.653390958,0.206452219,0.224021873,0.0,0.0,0.01562662,0.009147661,0.008755191,0.04269624
2.0,480.0,80.0,0.926987565,0.207471829,0.222850942,0.0,0.0,0.015836636,0.009130198,0.008667205,0.044270309
2.0,480.0,80.0,0.916707808,0.209002063,0.222317853,0.0,0.0,0.01575984,0.009253601,0.00863275,0.044736035
3.0,480.0,80.0,2.330381326,0.212948151,0.239638794,0.0,0.0,0.016497021,0.009656671,0.009244724,0.075613296
3.0,480.0,80.0,2.614749725,0.210100848,0.238873868,0.0,0.0,0.016593452,0.009659075,0.00908835,0.074234975
3.0,480.0,80.0,1.432330022,0.207771271,0.24235559,0.0,0.0,0.016869833,0.009770315,0.009191825,0.075045243
4.0,480.0,80.0,12.31991915,0.204177286,0.468120561,0.0,0.0,0.017390665,0.010316926,0.00930655,0.131253726
4.0,480.0,80.0,4.517370472,0.201960814,0.259412015,0.0,0.0,0.017475996,0.010417425,0.009377173,0.128801601
4.0,480.0,80.0,9.046310087,0.204797569,0.257191782,0.0,0.0,0.018856479,0.010372721,0.009302493,0.129489204
2.0,500.0,0.0,1.006773926,0.201462546,0.202372242,275.44554417,0.994030319,0.020575936,0.009971531,0.010051041,0.012895705
2.0,500.0,0.0,1.179684003,0.201975854,0.202831015,271.015813561,1.184559695,0.020938403,0.009905415,0.010346493,0.013969824
2.0,500.0,0.0,1.961281357,0.206531446,0.198278824,271.654343481,1.98393735,0.02097047,0.010277847,0.010452979,0.014008603
3.0,500.0,0.0,3.792579575,0.205551406,0.207482159,252.071424253,3.827128551,0.021537389,0.0110729,0.011043764,0.013563039
3.0,500.0,0.0,2.143070384,0.200036084,0.211283432,255.87990056,2.062683634,0.022164467,0.010784135,0.010987129,0.014132352
3.0,500.0,0.0,1.851460797,0.204321199,0.211742458,249.652864771,1.844416725,0.022344766,0.010740282,0.011273418,0.018884832
4.0,500.0,0.0,10.392904515,0.204799294,0.223310548,237.49283819,10.360297864,0.023134163,0.011670011,0.011864428,0.015564482
4.0,500.0,0.0,17.309235914,0.204769884,0.225891956,233.459592469,17.258940121,0.023268748,0.011580477,0.012008125,0.015929556
4.0,500.0,0.0,40.36897939,0.205785143,0.214835836,236.593904294,40.393825797,0.023332593,0.011866434,0.011989877,0.017805441
2.0,550.0,50.0,2.822585732,0.209088016,0.23254322,0.0,0.0,0.021122872,0.010324545,0.010024247,0.04717136
2.0,550.0,50.0,2.580532071,0.207244283,0.224134441,0.0,0.0,0.021333553,0.010675919,0.010155438,0.047695335
2.0,550.0,50.0,3.500858364,0.206749949,0.241749946,0.0,0.0,0.022150685,0.010520224,0.010240858,0.047500728
3.0,550.0,50.0,4.163072017,0.207704029,0.243071848,0.0,0.0,0.022528818,0.011040507,0.010601789,0.080154115
3.0,550.0,50.0,6.253453007,0.207845643,0.241191737,0.0,0.0,0.022566009,0.010851339,0.011378273,0.084759244
3.0,550.0,50.0,6.588211719,0.209108356,0.234736733,0.0,0.0,0.021891736,0.012012772,0.010315198,0.07736588
4.0,550.0,50.0,9.28123288,0.225062693,0.289814385,0.0,0.0,0.023036105,0.011609781,0.010968901,0.140712692
4.0,550.0,50.0,16.587177321,0.205554984,0.268116902,0.0,0.0,0.023618063,0.01184771,0.011025339,0.138940243
4.0,550.0,50.0,9.525913125,0.209452087,0.265920845,0.0,0.0,0.024163873,0.011897333,0.011229072,0.140539682
2.0,600.0,100.0,1.441675528,0.206270731,0.23152445,0.0,0.0,0.021167348,0.010393706,0.010026232,0.053208476
2.0,600.0,100.0,1.268551556,0.207773124,0.238703396,0.0,0.0,0.021219506,0.010526185,0.009945188,0.05229881
2.0,600.0,100.0,4.604958669,0.208006966,0.229606959,0.0,0.0,0.021916662,0.010612999,0.01000363,0.052268652
3.0,600.0,100.0,6.124921061,0.209750194,0.243780185,0.0,0.0,0.022669852,0.011097944,0.010571862,0.085061939
3.0,600.0,100.0,1.805541363,0.209540756,0.240213521,0.0,0.0,0.024039509,0.010981344,0.010554739,0.083464555
3.0,600.0,100.0,3.544026548,0.208366459,0.241025104,0.0,0.0,0.023107899,0.011094507,0.010627936,0.082562052
4.0,600.0,100.0,11.516740939,0.211450237,0.653912257,0.0,0.0,0.023659601,0.011959059,0.011030566,0.143079449
4.0,600.0,100.0,6.791803052,0.20651886,0.287437066,0.0,0.0,0.024030309,0.011836969,0.010870816,0.13464523
4.0,600.0,100.0,16.252166961,0.21108239,0.267495059,0.0,0.0,0.025442905,0.012217256,0.011292241,0.138186312
2.0,600.0,0.0,1.031830302,0.211426538,0.214591771,418.222999729,1.026345747,0.032578758,0.0116531,0.011763258,0.018251311
2.0,600.0,0.0,1.524526879,0.212833377,0.214573171,419.531031117,1.507366217,0.032641003,0.011547551,0.01168501,0.019396702
2.0,600.0,0.0,1.630268242,0.210249781,0.213182444,404.952377377,1.634969629,0.032347528,0.011554023,0.011691772,0.020412057
3.0,600.0,0.0,1.685304448,0.209571977,0.218896361,375.890235218,1.69043758,0.033322369,0.012525025,0.012638628,0.019268649
3.0,600.0,0.0,2.638285938,0.20852535,0.216970245,376.081248747,2.585069983,0.032482228,0.012096496,0.012207273,0.017601892
3.0,600.0,0.0,1.696470299,0.202356366,0.209713905,378.984506325,1.6761302,0.033678686,0.01252461,0.012764459,0.021729586
4.0,600.0,0.0,17.098289856,0.215837806,0.226724632,348.56954937,17.071790187,0.03508003,0.013572437,0.013775649,0.022776136
4.0,600.0,0.0,5.255597603,0.210684466,0.22222565,347.85553773,5.231097617,0.035799723,0.013532054,0.013866193,0.02110313
4.0,600.0,0.0,4.694607153,0.211478665,0.218775227,348.745698869,4.680691798,0.035286268,0.014948038,0.014506049,0.023347199
2.0,660.0,60.0,2.332625249,0.211201398,0.235516319,0.0,0.0,0.032415538,0.011799397,0.011558644,0.051004507
2.0,660.0,60.0,4.518424124,0.209705518,0.226173006,0.0,0.0,0.032702088,0.011856744,0.011562,0.053536361
2.0,660.0,60.0,1.705740981,0.209483363,0.241868476,0.0,0.0,0.032592733,0.01177491,0.011678399,0.054378145
3.0,660.0,60.0,2.814904206,0.212411766,0.24294268,0.0,0.0,0.033433996,0.012554407,0.012144115,0.087101064
3.0,660.0,60.0,4.064831647,0.21152427,0.241931834,0.0,0.0,0.034075643,0.012726771,0.012237611,0.090361971
3.0,660.0,60.0,7.433564352,0.206819684,0.290840647,0.0,0.0,0.033939257,0.012427931,0.012058605,0.080406813
4.0,660.0,60.0,10.007613839,0.208832668,0.274710671,0.0,0.0,0.034912238,0.013756781,0.012664684,0.173128749
4.0,660.0,60.0,14.049027989,0.20900676,0.274506444,0.0,0.0,0.035565049,0.013707829,0.012812023,0.189761385
4.0,660.0,60.0,8.504983962,0.214185959,0.268277702,0.0,0.0,0.035921288,0.014371597,0.01274681,0.181862441
2.0,720.0,120.0,1.638859877,0.207752488,0.245221068,0.0,0.0,0.032505683,0.011779982,0.011264964,0.058436947
2.0,720.0,120.0,1.085461824,0.208286255,0.239930769,0.0,0.0,0.032819333,0.011856336,0.011277096,0.056982833
2.0,720.0,120.0,1.949476467,0.208691239,0.231231616,0.0,0.0,0.032881121,0.011944523,0.011359441,0.057595527
3.0,720.0,120.0,7.431704068,0.208131109,0.240665608,0.0,0.0,0.035457969,0.01290036,0.01186953,0.092851007
3.0,720.0,120.0,3.341102425,0.210942471,0.243961392,0.0,0.0,0.034391834,0.012984558,0.012036765,0.086774075
3.0,720.0,120.0,2.513908111,0.209486644,0.241686935,0.0,0.0,0.034786807,0.013053588,0.012233685,0.088460748
4.0,720.0,120.0,22.287100151,0.213588158,0.273658595,0.0,0.0,0.035697603,0.014177654,0.012583675,0.181962909
4.0,720.0,120.0,4.56107124,0.212677977,0.274069551,0.0,0.0,0.03662107,0.014163017,0.012716836,0.178721713
4.0,720.0,120.0,12.560933246,0.216051199,0.26826654,0.0,0.0,0.036513518,0.014017313,0.012746281,0.174555097
2.0,700.0,0.0,1.292775096,0.211545895,0.217216514,619.486134625,1.30232553,0.045501714,0.013116914,0.015721464,0.023423057
2.0,700.0,0.0,1.302205958,0.21046563,0.216734838,618.706525996,1.319007559,0.046880162,0.013687208,0.013981462,0.024405838
2.0,700.0,0.0,1.70708911,0.215819756,0.225419472,639.272861218,1.684312446,0.047407336,0.013355734,0.01316151,0.026116549
3.0,700.0,0.0,3.647854645,0.220791018,0.258898733,545.564880349,3.745331914,0.047086267,0.014469883,0.015201647,0.024302719
3.0,700.0,0.0,3.434125593,0.212838234,0.217311337,546.528624259,3.420750515,0.047710541,0.014397835,0.014448752,0.027046309
3.0,700.0,0.0,5.94869796,0.209972076,0.222106567,545.426193228,6.067129397,0.04839011,0.018038476,0.014666762,0.025733086
4.0,700.0,0.0,17.56609084,0.210577312,0.241351121,500.356789496,17.323225998,0.048318017,0.015750175,0.015932796,0.025607037
4.0,700.0,0.0,16.769353625,0.211853512,0.22597309,520.626119103,16.849392049,0.050337821,0.015807906,0.015935445,0.027568711
4.0,700.0,0.0,8.266308456,0.214427744,0.228414076,499.651040832,8.282607501,0.049085687,0.015753663,0.015978176,0.029316603
2.0,770.0,70.0,3.0241802,0.214858511,0.251532973,0.0,0.0,0.045687814,0.013727641,0.013354286,0.061327928
2.0,770.0,70.0,2.752605667,0.216786491,0.231412451,0.0,0.0,0.045923101,0.013604129,0.013402548,0.06196281
2.0,770.0,70.0,2.691040706,0.215293506,0.241276041,0.0,0.0,0.045937542,0.013538796,0.013246223,0.064368092
3.0,770.0,70.0,3.609976462,0.219228404,0.250278979,0.0,0.0,0.047473393,0.016033767,0.014009966,0.092859468
3.0,770.0,70.0,9.030920316,0.218218756,0.25284364,0.0,0.0,0.047091788,0.014885932,0.014164679,0.092485368
3.0,770.0,70.0,5.535557272,0.217136246,0.247145578,0.0,0.0,0.047798123,0.014859863,0.014263586,0.093042987
4.0,770.0,70.0,20.686173009,0.219017523,0.284440039,0.0,0.0,0.048744616,0.016004335,0.014809378,0.196503124
4.0,770.0,70.0,14.122250037,0.220893094,0.277306123,0.0,0.0,0.049157389,0.015862429,0.01487193,0.205848065
4.0,770.0,70.0,9.095183792,0.217399512,0.274845677,0.0,0.0,0.049732198,0.015839356,0.015328813,0.202306252
2.0,840.0,140.0,2.657901496,0.220028807,0.24033009,0.0,0.0,0.045683325,0.013793023,0.012840564,0.065756657
2.0,840.0,140.0,2.338888153,0.219289509,0.24793571,0.0,0.0,0.046004303,0.01370622,0.013051122,0.065377564
2.0,840.0,140.0,3.485079638,0.21687994,0.24427682,0.0,0.0,0.046150781,0.013741706,0.013022187,0.066423392
3.0,840.0,140.0,7.722561533,0.219583166,0.249043998,0.0,0.0,0.049306242,0.014889965,0.013661275,0.092105269
3.0,840.0,140.0,6.716650372,0.215287426,0.248771973,0.0,0.0,0.047413281,0.015012598,0.013612615,0.094893859
3.0,840.0,140.0,3.678465597,0.214907777,0.246872127,0.0,0.0,0.049894417,0.014993682,0.013887635,0.09688395
4.0,840.0,140.0,6.215729423,0.215758843,0.884005692,0.0,0.0,0.049419113,0.016117026,0.014616853,0.186868875
4.0,840.0,140.0,6.765417523,0.216387753,0.280403151,0.0,0.0,0.050226632,0.016206645,0.014691523,0.20034537
4.0,840.0,140.0,12.304786476,0.221903763,0.275142676,0.0,0.0,0.049998682,0.016740104,0.014808677,0.185140589
2.0,800.0,0.0,1.591555532,0.216580916,0.223629428,908.533532471,1.568536697,0.040763462,0.015201816,0.01547044,0.026686536
2.0,800.0,0.0,1.948208086,0.218322856,0.217535057,882.620214923,1.962454336,0.040188201,0.015181371,0.015397769,0.031009415
2.0,800.0,0.0,1.963058377,0.213870524,0.216448849,869.437786605,1.95751697,0.040498945,0.015342437,0.015266975,0.033264204
3.0,800.0,0.0,5.795090355,0.219084425,0.225713571,787.30010325,5.802088096,0.041501978,0.016356509,0.016431039,0.028852549
3.0,800.0,0.0,6.732468945,0.217257141,0.222462958,766.216765632,6.729223045,0.041704368,0.016427992,0.016682092,0.029896788
3.0,800.0,0.0,3.458040688,0.215347927,0.229076403,762.832610422,3.500667973,0.042660961,0.016431752,0.016513837,0.031143396
4.0,800.0,0.0,17.325848576,0.218331665,0.22700225,690.979737528,17.721012306,0.042799354,0.017258049,0.01745885,0.029889045
4.0,800.0,0.0,15.144596436,0.215057521,0.228942832,677.605618712,14.934370741,0.043332945,0.018004709,0.018240855,0.029896426
4.0,800.0,0.0,8.873713612,0.223545001,0.228411663,691.43731812,8.833101524,0.043506088,0.018149964,0.018109225,0.034058577
2.0,880.0,80.0,3.241917066,0.217856504,0.254191305,0.0,0.0,0.04032574,0.015378194,0.014763653,0.06486647
2.0,880.0,80.0,4.228806954,0.222464198,0.243384205,0.0,0.0,0.040619054,0.015513409,0.014858773,0.065679743
2.0,880.0,80.0,5.842779717,0.219212273,0.259726749,0.0,0.0,0.041270463,0.015502587,0.015032351,0.070089222
3.0,880.0,80.0,5.653443637,0.220674273,0.253132721,0.0,0.0,0.043000396,0.016803543,0.015632973,0.100092497
3.0,880.0,80.0,6.374350094,0.218529327,0.253433378,0.0,0.0,0.042422997,0.016711528,0.015981079,0.102240832
3.0,880.0,80.0,10.475183755,0.220538088,0.249948075,0.0,0.0,0.042436793,0.016719493,0.016187058,0.102705479
4.0,880.0,80.0,9.265545839,0.223181657,0.282912989,0.0,0.0,0.043026505,0.018311117,0.016760392,0.194663812
4.0,880.0,80.0,18.735476857,0.220324608,0.282280989,0.0,0.0,0.044516638,0.018549186,0.018272324,0.198070853
4.0,880.0,80.0,15.932073936,0.220446499,0.281973771,0.0,0.0,0.045180931,0.018413871,0.017066719,0.198739006
2.0,960.0,160.0,2.603512834,0.218556894,0.260832895,0.0,0.0,0.040724553,0.015431494,0.014523762,0.071345217
2.0,960.0,160.0,3.287127181,0.217711781,0.252766178,0.0,0.0,0.040757667,0.015800721,0.014707648,0.071020173
2.0,960.0,160.0,2.532235794,0.218904081,0.242110465,0.0,0.0,0.041762542,0.015988135,0.014799613,0.072173538
3.0,960.0,160.0,8.429133989,0.220208784,0.254341342,0.0,0.0,0.043024373,0.017112776,0.015877456,0.104874645
3.0,960.0,160.0,6.32912753,0.221056153,0.252224348,0.0,0.0,0.043656075,0.017237883,0.016358504,0.102333712
3.0,960.0,160.0,3.987213058,0.221226997,0.252451358,0.0,0.0,0.043916617,0.016906839,0.015840547,0.104096687
4.0,960.0,160.0,15.602930291,0.221687948,0.80536029,0.0,0.0,0.044819461,0.018855585,0.016778316,0.218930575
4.0,960.0,160.0,3.92214023,0.223688152,0.283429205,0.0,0.0,0.045644066,0.019015136,0.016669039,0.208738688
4.0,960.0,160.0,9.676859861,0.215660908,0.269810683,0.0,0.0,0.04596926,0.019323388,0.017069635,0.210811329
2.0,900.0,0.0,2.346152913,0.211396432,0.227004791,1286.058460418,2.367252224,0.055908227,0.017285323,0.017455526,0.036033187
2.0,900.0,0.0,2.373262644,0.218321959,0.224370772,1330.28935218,2.35002135,0.056376861,0.01844416,0.01763769,0.036914542
2.0,900.0,0.0,2.975371203,0.217147434,0.220301416,1208.088025458,2.987403817,0.055525416,0.017805736,0.017173753,0.039703453
3.0,900.0,0.0,5.497901326,0.219120989,0.22818502,1148.513116194,5.576868983,0.056685795,0.018741843,0.018916891,0.036030483
3.0,900.0,0.0,3.024665924,0.219722274,0.224317884,1100.152270877,2.975336238,0.057963426,0.018328513,0.018580969,0.038365919
3.0,900.0,0.0,4.659184952,0.217508686,0.227046873,1100.351840274,4.634659539,0.057478402,0.018897616,0.019098697,0.040232601
4.0,900.0,0.0,10.62281608,0.22065347,0.244806903,1001.373799398,10.638059341,0.058218327,0.020538141,0.020903061,0.038057416
4.0,900.0,0.0,5.441137774,0.220715677,0.230869455,972.29494055,5.535441918,0.057846345,0.020356749,0.020311243,0.036400651
4.0,900.0,0.0,7.350333865,0.210417096,0.228311149,1153.847425478,7.238886777,0.060394043,0.020956561,0.021123536,0.043189289
2.0,990.0,90.0,3.191172369,0.222539297,0.259211132,0.0,0.0,0.055820522,0.017722599,0.016966052,0.07413594
2.0,990.0,90.0,4.403943823,0.223473791,0.266192694,0.0,0.0,0.05621652,0.017382668,0.016613917,0.075252176
2.0,990.0,90.0,2.989896621,0.226315943,0.248456679,0.0,0.0,0.056622736,0.017913097,0.01717734,0.078115449
3.0,990.0,90.0,6.607277553,0.2247347,0.26132551,0.0,0.0,0.057440369,0.018939464,0.01766984,0.110023683
3.0,990.0,90.0,5.579384059,0.227749028,0.257766995,0.0,0.0,0.058248794,0.019636772,0.019206369,0.108407134
3.0,990.0,90.0,5.305913512,0.229961211,0.257418809,0.0,0.0,0.059257528,0.019699039,0.018402903,0.109859924
4.0,990.0,90.0,10.867512965,0.226520639,0.292202068,0.0,0.0,0.060471238,0.021007215,0.018605425,0.202978751
4.0,990.0,90.0,38.6333241,0.228654687,0.289506824,0.0,0.0,0.059721613,0.02157052,0.018914548,0.189352821
4.0,990.0,90.0,35.48113246,0.226941725,0.29602957,0.0,0.0,0.060695841,0.021210661,0.019156104,0.199362909
2.0,1080.0,180.0,3.983336618,0.223834201,0.283398708,0.0,0.0,0.056609451,0.018106434,0.01656231,0.079127037
2.0,1080.0,180.0,2.843971829,0.224138395,0.248804766,0.0,0.0,0.056437617,0.018208335,0.016732291,0.079716548
2.0,1080.0,180.0,3.464154333,0.224768403,0.243022656,0.0,0.0,0.057501384,0.018455622,0.016876132,0.080531958
3.0,1080.0,180.0,8.554861835,0.228885493,0.260087234,0.0,0.0,0.058870387,0.02015068,0.017304721,0.113330061
3.0,1080.0,180.0,9.637056736,0.227112206,0.261782623,0.0,0.0,0.05968277,0.020009746,0.01825359,0.112499505
3.0,1080.0,180.0,6.28769828,0.229014406,0.26085888,0.0,0.0,0.059540501,0.020210643,0.018387274,0.115389968
4.0,1080.0,180.0,26.68779055,0.228294317,0.892225906,0.0,0.0,0.061651665,0.021536445,0.018943493,0.225859272
4.0,1080.0,180.0,18.840239745,0.227707549,0.290973371,0.0,0.0,0.062812063,0.02207974,0.019195799,0.205446858
4.0,1080.0,180.0,11.565113391,0.229806609,0.289358122,0.0,0.0,0.063920786,0.024843916,0.019473152,0.20473208
2.0,1000.0,0.0,3.00952169,0.223910635,0.227328124,1695.844671522,3.02445761,0.090008218,0.020150149,0.018780967,0.038089547
2.0,1000.0,0.0,2.222377252,0.22411422,0.231779943,1697.082795915,2.216213372,0.089931674,0.018615374,0.018716093,0.03996675
2.0,1000.0,0.0,3.318061454,0.225802104,0.233037616,1643.551112127,3.304823988,0.090072198,0.019045003,0.018806904,0.045832006
3.0,1000.0,0.0,3.911449773,0.222278386,0.240505988,1512.125256509,3.906362394,0.093724368,0.020405921,0.02040514,0.045467058
3.0,1000.0,0.0,3.750990267,0.2245381,0.240593905,1490.389973104,3.679701818,0.092994532,0.020448051,0.020575933,0.045649061
3.0,1000.0,0.0,5.479945838,0.226311787,0.234934785,1388.978507687,5.356838307,0.094906602,0.021172444,0.020508933,0.046208306
4.0,1000.0,0.0,12.003997431,0.221602187,0.238572628,1312.180894298,12.04980864,0.096125433,0.02236057,0.022599482,0.042853045
4.0,1000.0,0.0,12.793607392,0.219338936,0.233841405,1300.552842515,12.777416217,0.093802607,0.0214484,0.022597819,0.04133329
4.0,1000.0,0.0,12.374251411,0.215921184,0.22811091,1110.263604162,12.23719118,0.092450509,0.02136799,0.021685931,0.038401553
2.0,1100.0,100.0,4.274570719,0.208231222,0.234003185,0.0,0.0,0.087414875,0.017863224,0.017095646,0.066057957
2.0,1100.0,100.0,4.0408447,0.20680564,0.248641872,0.0,0.0,0.087483946,0.017926324,0.017091718,0.066640166
2.0,1100.0,100.0,2.410109634,0.207791342,0.233721311,0.0,0.0,0.087695555,0.01889944,0.017992068,0.055346339
3.0,1100.0,100.0,5.060611479,0.208896105,0.243822695,0.0,0.0,0.088750996,0.019679982,0.018228112,0.116986298
3.0,1100.0,100.0,13.057354238,0.213499253,0.24243777,0.0,0.0,0.097983322,0.019899948,0.018632145,0.123589272
3.0,1100.0,100.0,9.804726948,0.213466211,0.24217289,0.0,0.0,0.090167259,0.020078083,0.018641933,0.114795395
4.0,1100.0,100.0,9.735934205,0.212448158,0.276117696,0.0,0.0,0.092936595,0.022096806,0.019613417,0.164706574
4.0,1100.0,100.0,26.270771372,0.212272604,0.272854796,0.0,0.0,0.092705929,0.021969864,0.019777387,0.164347084
4.0,1100.0,100.0,15.093824016,0.213460576,0.269475117,0.0,0.0,0.091908005,0.022164061,0.019850965,0.184572296
2.0,1200.0,200.0,2.877075202,0.208708047,0.250943991,0.0,0.0,0.088250771,0.018275723,0.016667176,0.055719193
2.0,1200.0,200.0,3.75058304,0.209366819,0.258160911,0.0,0.0,0.088263384,0.018498112,0.017570362,0.055778785
2.0,1200.0,200.0,4.051167303,0.209795819,0.233309738,0.0,0.0,0.087297852,0.018534111,0.017025813,0.056504003
3.0,1200.0,200.0,8.246092434,0.211640571,0.260780304,0.0,0.0,0.09132422,0.02026695,0.019106881,0.121393793
3.0,1200.0,200.0,5.167524176,0.212089877,0.246253999,0.0,0.0,0.091377511,0.020387419,0.018113867,0.128890163
3.0,1200.0,200.0,10.109214223,0.211601336,0.250036066,0.0,0.0,0.09066136,0.020569694,0.018324164,0.118929755
4.0,1200.0,200.0,9.690157707,0.213094794,0.798365053,0.0,0.0,0.097938304,0.022601286,0.019161184,0.171240531
4.0,1200.0,200.0,17.9363357,0.213465803,0.280846042,0.0,0.0,0.095882713,0.022324885,0.019230304,0.166979017
4.0,1200.0,200.0,20.049479623,0.213189291,0.271452043,0.0,0.0,0.096462808,0.022851779,0.019958308,0.16479289
