wareh,capacity,buffer,QMK,CHIM,CHI,KLQ,GP,GS,BS,RND
2.0,1000.0,0.0,117816.0,117706.0,117343.0,117816.0,147435.0,147037.0,147037.0,155110.0
2.0,1000.0,0.0,116522.0,116446.0,116529.0,116522.0,144340.0,150014.0,150014.0,154689.0
2.0,1000.0,0.0,115183.0,115187.0,115179.0,115183.0,140226.0,152274.0,152274.0,153217.0
3.0,1000.0,0.0,124912.0,124057.0,124108.0,124912.0,169968.0,175339.0,175339.0,186517.0
3.0,1000.0,0.0,129076.0,126133.0,123988.0,129076.0,167677.0,176964.0,176964.0,186254.0
3.0,1000.0,0.0,123797.0,122882.0,122882.0,123797.0,163988.0,178048.0,178048.0,185192.0
4.0,1000.0,0.0,127966.0,130048.0,128570.0,127966.0,184748.0,194829.0,194829.0,206363.0
4.0,1000.0,0.0,127547.0,127473.0,127379.0,127547.0,182312.0,195185.0,195185.0,206083.0
4.0,1000.0,0.0,127413.0,127052.0,127059.0,127413.0,181624.0,195350.0,195350.0,205254.0
2.0,1100.0,100.0,114443.0,111811.0,111234.0,0.0,132553.0,134303.0,139376.0,150076.0
2.0,1100.0,100.0,115209.0,111222.0,111212.0,0.0,130981.0,137202.0,135110.0,149437.0
2.0,1100.0,100.0,112943.0,110552.0,110513.0,0.0,127506.0,138839.0,129755.0,147468.0
3.0,1100.0,100.0,122440.0,119405.0,119334.0,0.0,154427.0,160276.0,168521.0,180204.0
3.0,1100.0,100.0,121773.0,119666.0,119646.0,0.0,156561.0,160674.0,164606.0,179995.0
3.0,1100.0,100.0,121533.0,118467.0,118351.0,0.0,155373.0,161218.0,160324.0,179062.0
4.0,1100.0,100.0,127031.0,124454.0,123994.0,0.0,178448.0,180719.0,188607.0,199768.0
4.0,1100.0,100.0,126221.0,124103.0,123933.0,0.0,173346.0,179853.0,185517.0,199596.0
4.0,1100.0,100.0,126221.0,124229.0,123393.0,0.0,170770.0,179789.0,181519.0,198959.0
2.0,1200.0,200.0,112992.0,108015.0,108005.0,0.0,121951.0,124695.0,131687.0,144495.0
2.0,1200.0,200.0,111488.0,107358.0,107358.0,0.0,121028.0,126183.0,126937.0,143662.0
2.0,1200.0,200.0,110320.0,107705.0,107705.0,0.0,117559.0,126758.0,121446.0,141010.0
3.0,1200.0,200.0,121067.0,116045.0,116011.0,0.0,151766.0,149457.0,161351.0,174096.0
3.0,1200.0,200.0,120188.0,115593.0,115252.0,0.0,150843.0,151069.0,157813.0,173764.0
3.0,1200.0,200.0,119907.0,115166.0,115146.0,0.0,147711.0,149826.0,153161.0,172845.0
4.0,1200.0,200.0,125608.0,121293.0,121209.0,0.0,171933.0,169800.0,183384.0,193257.0
4.0,1200.0,200.0,125508.0,121168.0,120610.0,0.0,169703.0,170061.0,179450.0,193041.0
4.0,1200.0,200.0,124881.0,121188.0,120305.0,0.0,164280.0,168023.0,175161.0,192521.0
2.0,2000.0,0.0,112256.0,112801.0,112634.0,112256.0,137323.0,149842.0,149842.0,155249.0
2.0,2000.0,0.0,112564.0,112462.0,112415.0,112564.0,137081.0,145902.0,145902.0,154790.0
2.0,2000.0,0.0,111715.0,112121.0,111215.0,111715.0,135611.0,141679.0,141679.0,153445.0
3.0,2000.0,0.0,117349.0,117876.0,117865.0,117349.0,155680.0,179024.0,179024.0,186833.0
3.0,2000.0,0.0,116903.0,117724.0,117068.0,116903.0,154055.0,177486.0,177486.0,186497.0
3.0,2000.0,0.0,116926.0,116609.0,116411.0,116926.0,153338.0,172452.0,172452.0,185506.0
4.0,2000.0,0.0,119708.0,120509.0,120338.0,119708.0,170825.0,198548.0,198548.0,206865.0
4.0,2000.0,0.0,119941.0,120666.0,119900.0,119941.0,168304.0,197492.0,197492.0,206597.0
4.0,2000.0,0.0,119538.0,119431.0,119200.0,119538.0,166794.0,195165.0,195165.0,205738.0
2.0,2200.0,200.0,110675.0,107697.0,107461.0,0.0,120938.0,136264.0,142012.0,150205.0
2.0,2200.0,200.0,110209.0,107284.0,107284.0,0.0,121139.0,133289.0,138195.0,149558.0
2.0,2200.0,200.0,109717.0,107168.0,106860.0,0.0,119635.0,128037.0,132904.0,147651.0
3.0,2200.0,200.0,115817.0,112528.0,112472.0,0.0,140731.0,163024.0,172814.0,180605.0
3.0,2200.0,200.0,115860.0,113209.0,112702.0,0.0,141177.0,161093.0,168900.0,180270.0
3.0,2200.0,200.0,115339.0,111753.0,111750.0,0.0,140426.0,156980.0,164945.0,179350.0
4.0,2200.0,200.0,118736.0,115846.0,115813.0,0.0,156498.0,182510.0,192461.0,200126.0
4.0,2200.0,200.0,118756.0,116356.0,115817.0,0.0,159645.0,181151.0,188931.0,199979.0
4.0,2200.0,200.0,118501.0,115639.0,115345.0,0.0,158133.0,180514.0,185513.0,199293.0
2.0,2400.0,400.0,108656.0,105793.0,105793.0,0.0,111425.0,125802.0,134215.0,144701.0
2.0,2400.0,400.0,107916.0,105627.0,105621.0,0.0,113329.0,122327.0,129809.0,143861.0
2.0,2400.0,400.0,107269.0,104910.0,104910.0,0.0,112448.0,117929.0,124241.0,141107.0
3.0,2400.0,400.0,114099.0,110241.0,110221.0,0.0,135235.0,151368.0,166083.0,174264.0
3.0,2400.0,400.0,114583.0,110673.0,110417.0,0.0,138997.0,147826.0,162396.0,174120.0
3.0,2400.0,400.0,113683.0,110043.0,110020.0,0.0,137770.0,147379.0,157913.0,173081.0
4.0,2400.0,400.0,117793.0,113051.0,113059.0,0.0,151330.0,171710.0,186515.0,193671.0
4.0,2400.0,400.0,117473.0,114229.0,113715.0,0.0,149901.0,169777.0,183226.0,193563.0
4.0,2400.0,400.0,116826.0,112819.0,112833.0,0.0,148735.0,168528.0,179608.0,192950.0
2.0,3000.0,0.0,111765.0,111807.0,111360.0,111765.0,144320.0,150858.0,150858.0,155012.0
2.0,3000.0,0.0,114816.0,111273.0,111217.0,114816.0,142909.0,147252.0,147252.0,154541.0
2.0,3000.0,0.0,111672.0,110612.0,110409.0,111672.0,140029.0,143162.0,143162.0,153178.0
3.0,3000.0,0.0,116078.0,117147.0,116071.0,116078.0,168922.0,180766.0,180766.0,186439.0
3.0,3000.0,0.0,115884.0,115912.0,115790.0,115884.0,167072.0,177384.0,177384.0,186096.0
3.0,3000.0,0.0,115518.0,115492.0,115070.0,115518.0,164415.0,173756.0,173756.0,185062.0
4.0,3000.0,0.0,120732.0,118620.0,118610.0,120732.0,185099.0,200015.0,200015.0,206265.0
4.0,3000.0,0.0,121013.0,119009.0,117950.0,121013.0,183550.0,200538.0,200538.0,206029.0
4.0,3000.0,0.0,118487.0,117880.0,117718.0,118487.0,180608.0,199417.0,199417.0,205217.0
2.0,3300.0,300.0,109515.0,106404.0,106404.0,0.0,129340.0,138406.0,143095.0,149944.0
2.0,3300.0,300.0,109057.0,106606.0,106504.0,0.0,128385.0,135001.0,139444.0,149351.0
2.0,3300.0,300.0,108396.0,105966.0,105966.0,0.0,125688.0,130284.0,134664.0,147458.0
3.0,3300.0,300.0,114792.0,111649.0,111689.0,0.0,153233.0,164536.0,173978.0,180138.0
3.0,3300.0,300.0,114504.0,110990.0,110881.0,0.0,151288.0,162220.0,170734.0,179898.0
3.0,3300.0,300.0,114217.0,111294.0,110965.0,0.0,148104.0,158164.0,166427.0,179041.0
4.0,3300.0,300.0,117619.0,114314.0,113996.0,0.0,170234.0,184457.0,193836.0,199674.0
4.0,3300.0,300.0,117348.0,114639.0,113833.0,0.0,169923.0,184245.0,190739.0,199464.0
4.0,3300.0,300.0,116949.0,113902.0,113871.0,0.0,166324.0,183022.0,187479.0,198830.0
2.0,3600.0,600.0,108210.0,104928.0,104928.0,0.0,119180.0,128229.0,135257.0,144441.0
2.0,3600.0,600.0,108191.0,104775.0,104775.0,0.0,118302.0,124624.0,131312.0,143658.0
2.0,3600.0,600.0,108705.0,104450.0,104450.0,0.0,115726.0,119984.0,125972.0,140981.0
3.0,3600.0,600.0,113827.0,109041.0,109033.0,0.0,141586.0,151908.0,167444.0,174005.0
3.0,3600.0,600.0,113125.0,108815.0,108809.0,0.0,142887.0,148429.0,163801.0,173670.0
3.0,3600.0,600.0,113100.0,108500.0,108544.0,0.0,139974.0,145818.0,159135.0,172719.0
4.0,3600.0,600.0,116289.0,111947.0,111953.0,0.0,161143.0,171746.0,188214.0,193234.0
4.0,3600.0,600.0,116192.0,111929.0,111595.0,0.0,160475.0,172929.0,185020.0,193020.0
4.0,3600.0,600.0,116504.0,111257.0,111261.0,0.0,157839.0,173654.0,181230.0,192384.0
2.0,4000.0,0.0,113935.0,115212.0,113544.0,113935.0,145235.0,150002.0,150002.0,155032.0
2.0,4000.0,0.0,117884.0,114122.0,112909.0,117884.0,143080.0,146502.0,146502.0,154596.0
2.0,4000.0,0.0,111735.0,112852.0,111785.0,111735.0,139789.0,142331.0,142331.0,153221.0
3.0,4000.0,0.0,118797.0,119749.0,119065.0,118797.0,166309.0,179872.0,179872.0,186475.0
3.0,4000.0,0.0,118747.0,118884.0,118489.0,118747.0,164776.0,176277.0,176277.0,186146.0
3.0,4000.0,0.0,118664.0,118490.0,117735.0,118664.0,162373.0,172376.0,172376.0,185161.0
4.0,4000.0,0.0,125496.0,121183.0,121231.0,125496.0,180370.0,198800.0,198800.0,206285.0
4.0,4000.0,0.0,121024.0,121100.0,121051.0,121024.0,178766.0,198790.0,198790.0,206062.0
4.0,4000.0,0.0,120351.0,121650.0,121662.0,120351.0,175643.0,198051.0,198051.0,205221.0
2.0,4400.0,400.0,111331.0,109155.0,107712.0,0.0,130288.0,138263.0,142397.0,149974.0
2.0,4400.0,400.0,111045.0,107480.0,107482.0,0.0,128378.0,134834.0,138661.0,149377.0
2.0,4400.0,400.0,110774.0,106726.0,106727.0,0.0,126170.0,130196.0,133688.0,147479.0
3.0,4400.0,400.0,117170.0,114128.0,113182.0,0.0,151488.0,164454.0,173050.0,180216.0
3.0,4400.0,400.0,116272.0,113090.0,113077.0,0.0,150005.0,160440.0,169336.0,179943.0
3.0,4400.0,400.0,116845.0,113071.0,112575.0,0.0,147344.0,157333.0,164906.0,179004.0
4.0,4400.0,400.0,120345.0,116823.0,116779.0,0.0,166598.0,183406.0,192538.0,199657.0
4.0,4400.0,400.0,120070.0,116789.0,116564.0,0.0,165465.0,183349.0,189566.0,199483.0
4.0,4400.0,400.0,120647.0,116570.0,116231.0,0.0,164000.0,183100.0,185754.0,198866.0
2.0,4800.0,800.0,109643.0,106018.0,106019.0,0.0,119278.0,128755.0,134416.0,144474.0
2.0,4800.0,800.0,108402.0,105954.0,105958.0,0.0,119191.0,125423.0,130285.0,143594.0
2.0,4800.0,800.0,107522.0,105046.0,105038.0,0.0,116596.0,120365.0,124710.0,140959.0
3.0,4800.0,800.0,116035.0,111495.0,110642.0,0.0,141736.0,150999.0,166421.0,174008.0
3.0,4800.0,800.0,115900.0,110127.0,110093.0,0.0,142152.0,148493.0,162381.0,173692.0
3.0,4800.0,800.0,115550.0,110643.0,110207.0,0.0,139670.0,147290.0,157667.0,172713.0
4.0,4800.0,800.0,119389.0,113502.0,113459.0,0.0,161611.0,170747.0,186852.0,193242.0
4.0,4800.0,800.0,118833.0,113656.0,113528.0,0.0,155921.0,170783.0,183551.0,193055.0
4.0,4800.0,800.0,118797.0,113308.0,113315.0,0.0,155198.0,171564.0,179672.0,192440.0
2.0,5000.0,0.0,113343.0,115394.0,113520.0,113343.0,142644.0,149918.0,149918.0,155080.0
2.0,5000.0,0.0,113123.0,114463.0,112795.0,113123.0,141609.0,146138.0,146138.0,154637.0
2.0,5000.0,0.0,112090.0,112321.0,111453.0,112090.0,138921.0,141810.0,141810.0,153263.0
3.0,5000.0,0.0,121061.0,119660.0,118775.0,121061.0,163353.0,180535.0,180535.0,186550.0
3.0,5000.0,0.0,121889.0,118537.0,117751.0,121889.0,160968.0,176552.0,176552.0,186233.0
3.0,5000.0,0.0,117931.0,118018.0,117254.0,117931.0,158249.0,175414.0,175414.0,185244.0
4.0,5000.0,0.0,121131.0,120792.0,120823.0,121131.0,177183.0,199341.0,199341.0,206473.0
4.0,5000.0,0.0,121484.0,121591.0,121165.0,121484.0,174805.0,196749.0,196749.0,206240.0
4.0,5000.0,0.0,120555.0,120566.0,120033.0,120555.0,172082.0,193536.0,193536.0,205375.0
2.0,5500.0,500.0,111271.0,109017.0,107807.0,0.0,127213.0,137787.0,142225.0,150046.0
2.0,5500.0,500.0,110249.0,108313.0,107506.0,0.0,127183.0,134258.0,138293.0,149402.0
2.0,5500.0,500.0,110217.0,106992.0,106645.0,0.0,124426.0,130454.0,133376.0,147496.0
3.0,5500.0,500.0,116791.0,113284.0,112982.0,0.0,148197.0,165061.0,173143.0,180279.0
3.0,5500.0,500.0,116472.0,114366.0,113292.0,0.0,146670.0,161269.0,169243.0,180051.0
3.0,5500.0,500.0,115996.0,113146.0,112709.0,0.0,147043.0,156805.0,164652.0,179109.0
4.0,5500.0,500.0,119805.0,116481.0,116249.0,0.0,165461.0,182302.0,193100.0,199834.0
4.0,5500.0,500.0,120008.0,117025.0,116515.0,0.0,165587.0,180227.0,189613.0,199654.0
4.0,5500.0,500.0,119684.0,116211.0,115772.0,0.0,164420.0,179291.0,185686.0,199024.0
2.0,6000.0,1000.0,109500.0,105940.0,105940.0,0.0,117818.0,127499.0,134169.0,144587.0
2.0,6000.0,1000.0,108356.0,105696.0,105704.0,0.0,116871.0,124627.0,130082.0,143706.0
2.0,6000.0,1000.0,107678.0,105071.0,105038.0,0.0,115177.0,120063.0,124451.0,141029.0
3.0,6000.0,1000.0,115554.0,110733.0,110394.0,0.0,138982.0,152051.0,166311.0,174102.0
3.0,6000.0,1000.0,114859.0,110470.0,110242.0,0.0,140678.0,148221.0,162136.0,173778.0
3.0,6000.0,1000.0,114442.0,109969.0,109948.0,0.0,139946.0,146101.0,157265.0,172846.0
4.0,6000.0,1000.0,118628.0,113310.0,113274.0,0.0,155547.0,173324.0,187257.0,193392.0
4.0,6000.0,1000.0,118910.0,114289.0,113545.0,0.0,154552.0,170864.0,183556.0,193230.0
4.0,6000.0,1000.0,118628.0,113725.0,113378.0,0.0,156620.0,167602.0,179317.0,192596.0
2.0,6000.0,0.0,113789.0,116203.0,113695.0,113789.0,142814.0,150829.0,150829.0,155037.0
2.0,6000.0,0.0,114231.0,115093.0,112872.0,114231.0,141444.0,147124.0,147124.0,154590.0
2.0,6000.0,0.0,117314.0,115911.0,111687.0,117314.0,139164.0,142781.0,142781.0,153215.0
3.0,6000.0,0.0,118618.0,120506.0,118906.0,118618.0,165978.0,180881.0,180881.0,186477.0
3.0,6000.0,0.0,118080.0,120469.0,118798.0,118080.0,164592.0,177276.0,177276.0,186182.0
3.0,6000.0,0.0,117403.0,119308.0,118098.0,117403.0,161697.0,173349.0,173349.0,185186.0
4.0,6000.0,0.0,121576.0,122252.0,121758.0,121576.0,181835.0,200458.0,200458.0,206361.0
4.0,6000.0,0.0,120937.0,121703.0,121367.0,120937.0,179968.0,198437.0,198437.0,206128.0
4.0,6000.0,0.0,121074.0,121617.0,121068.0,121074.0,175531.0,196456.0,196456.0,205325.0
2.0,6600.0,600.0,111474.0,108687.0,107911.0,0.0,126041.0,139464.0,142872.0,149998.0
2.0,6600.0,600.0,110949.0,109161.0,107858.0,0.0,126265.0,135615.0,139091.0,149387.0
2.0,6600.0,600.0,110466.0,107153.0,107120.0,0.0,123897.0,130938.0,134252.0,147444.0
3.0,6600.0,600.0,117099.0,114171.0,113247.0,0.0,150806.0,166316.0,173839.0,180260.0
3.0,6600.0,600.0,117212.0,113743.0,113339.0,0.0,148901.0,162617.0,170280.0,179961.0
3.0,6600.0,600.0,116641.0,113202.0,112642.0,0.0,147413.0,158255.0,165901.0,179058.0
4.0,6600.0,600.0,120435.0,116973.0,117050.0,0.0,167965.0,184192.0,193737.0,199772.0
4.0,6600.0,600.0,120025.0,116519.0,116544.0,0.0,168691.0,181214.0,190813.0,199578.0
4.0,6600.0,600.0,120412.0,116735.0,116119.0,0.0,164958.0,179982.0,186896.0,198989.0
2.0,7200.0,1200.0,109719.0,105841.0,105844.0,0.0,116527.0,129311.0,134761.0,144511.0
2.0,7200.0,1200.0,109070.0,105907.0,105919.0,0.0,116140.0,125440.0,130846.0,143618.0
2.0,7200.0,1200.0,109556.0,105154.0,105092.0,0.0,115203.0,121320.0,125472.0,140991.0
3.0,7200.0,1200.0,116197.0,111306.0,110545.0,0.0,141354.0,152887.0,167066.0,174032.0
3.0,7200.0,1200.0,115472.0,110865.0,110548.0,0.0,140271.0,149433.0,163118.0,173721.0
3.0,7200.0,1200.0,115490.0,110543.0,110263.0,0.0,139680.0,146298.0,158356.0,172803.0
4.0,7200.0,1200.0,119457.0,113584.0,113460.0,0.0,161520.0,171686.0,188114.0,193303.0
4.0,7200.0,1200.0,119236.0,114433.0,114215.0,0.0,159426.0,170026.0,184773.0,193104.0
4.0,7200.0,1200.0,118872.0,114119.0,113677.0,0.0,157448.0,170280.0,180533.0,192493.0
2.0,7000.0,0.0,112845.0,116381.0,112712.0,112845.0,144447.0,150496.0,150496.0,154920.0
2.0,7000.0,0.0,113461.0,115597.0,112426.0,113461.0,143413.0,147099.0,147099.0,154494.0
2.0,7000.0,0.0,111045.0,113078.0,111266.0,111045.0,140006.0,143128.0,143128.0,153107.0
3.0,7000.0,0.0,119259.0,120283.0,117643.0,119259.0,167983.0,180681.0,180681.0,186233.0
3.0,7000.0,0.0,121011.0,118981.0,118067.0,121011.0,165728.0,177711.0,177711.0,185924.0
3.0,7000.0,0.0,116968.0,118820.0,116644.0,116968.0,163581.0,173907.0,173907.0,184910.0
4.0,7000.0,0.0,120213.0,123568.0,120561.0,120213.0,181050.0,200241.0,200241.0,206076.0
4.0,7000.0,0.0,124033.0,123250.0,120148.0,124033.0,180866.0,197123.0,197123.0,205778.0
4.0,7000.0,0.0,119344.0,121016.0,119722.0,119344.0,177454.0,193797.0,193797.0,205017.0
2.0,7700.0,700.0,110887.0,109136.0,107865.0,0.0,128516.0,139284.0,142772.0,149897.0
2.0,7700.0,700.0,110585.0,107061.0,107035.0,0.0,127741.0,136319.0,139231.0,149252.0
2.0,7700.0,700.0,109358.0,106637.0,106602.0,0.0,126262.0,132214.0,134625.0,147337.0
3.0,7700.0,700.0,116387.0,112879.0,112532.0,0.0,152376.0,165747.0,174088.0,180035.0
3.0,7700.0,700.0,115886.0,112326.0,112281.0,0.0,150340.0,162527.0,170680.0,179773.0
3.0,7700.0,700.0,116149.0,112135.0,111711.0,0.0,148787.0,158413.0,166250.0,178824.0
4.0,7700.0,700.0,119278.0,116795.0,116126.0,0.0,167079.0,184063.0,193863.0,199443.0
4.0,7700.0,700.0,118928.0,116854.0,115912.0,0.0,165119.0,181079.0,190652.0,199239.0
4.0,7700.0,700.0,118721.0,116713.0,115439.0,0.0,165671.0,178026.0,187110.0,198604.0
2.0,8400.0,1400.0,109446.0,105939.0,105937.0,0.0,117516.0,129497.0,134976.0,144386.0
2.0,8400.0,1400.0,108059.0,105516.0,105484.0,0.0,118104.0,126854.0,131188.0,143515.0
2.0,8400.0,1400.0,108374.0,104880.0,104851.0,0.0,116497.0,122389.0,126131.0,140848.0
3.0,8400.0,1400.0,115136.0,110360.0,110309.0,0.0,140908.0,153067.0,167406.0,173796.0
3.0,8400.0,1400.0,115237.0,110075.0,110032.0,0.0,141491.0,149437.0,163551.0,173496.0
3.0,8400.0,1400.0,114471.0,110351.0,110312.0,0.0,138751.0,147089.0,158830.0,172553.0
4.0,8400.0,1400.0,118079.0,114701.0,114030.0,0.0,158477.0,173064.0,187895.0,193036.0
4.0,8400.0,1400.0,117613.0,113461.0,113317.0,0.0,161031.0,169505.0,184710.0,192802.0
4.0,8400.0,1400.0,117261.0,113006.0,112629.0,0.0,157660.0,167108.0,180658.0,192212.0
2.0,8000.0,0.0,113989.0,119139.0,111500.0,113989.0,149094.0,151225.0,151225.0,154850.0
2.0,8000.0,0.0,111019.0,117431.0,110886.0,111019.0,145970.0,147861.0,147861.0,154398.0
2.0,8000.0,0.0,110269.0,117470.0,110174.0,110269.0,142836.0,143938.0,143938.0,153041.0
3.0,8000.0,0.0,118433.0,125005.0,115958.0,118433.0,176212.0,181746.0,181746.0,186129.0
3.0,8000.0,0.0,116197.0,120915.0,115494.0,116197.0,173321.0,178539.0,178539.0,185782.0
3.0,8000.0,0.0,116793.0,121512.0,114989.0,116793.0,169610.0,174852.0,174852.0,184797.0
4.0,8000.0,0.0,118182.0,122755.0,118148.0,118182.0,193323.0,200983.0,200983.0,205819.0
4.0,8000.0,0.0,118126.0,123843.0,117978.0,118126.0,190574.0,198509.0,198509.0,205568.0
4.0,8000.0,0.0,117459.0,122716.0,117532.0,117459.0,188088.0,195749.0,195749.0,204778.0
2.0,8800.0,800.0,109827.0,110614.0,108025.0,0.0,133072.0,139757.0,143596.0,149787.0
2.0,8800.0,800.0,108590.0,108379.0,107342.0,0.0,131762.0,136386.0,140100.0,149179.0
2.0,8800.0,800.0,110454.0,108592.0,107482.0,0.0,128908.0,132403.0,135526.0,147268.0
3.0,8800.0,800.0,114768.0,114949.0,112727.0,0.0,159324.0,166837.0,174798.0,179868.0
3.0,8800.0,800.0,113975.0,112770.0,111474.0,0.0,156344.0,163425.0,171612.0,179613.0
3.0,8800.0,800.0,113739.0,112499.0,111098.0,0.0,154018.0,159970.0,167627.0,178698.0
4.0,8800.0,800.0,117147.0,117080.0,115134.0,0.0,175911.0,184744.0,194692.0,199233.0
4.0,8800.0,800.0,115864.0,115073.0,114754.0,0.0,174711.0,182449.0,191891.0,199063.0
4.0,8800.0,800.0,117285.0,114670.0,113894.0,0.0,176037.0,179555.0,188176.0,198388.0
2.0,9600.0,1600.0,108322.0,106006.0,105995.0,0.0,123639.0,129815.0,135792.0,144355.0
2.0,9600.0,1600.0,107849.0,105117.0,105104.0,0.0,122102.0,126691.0,132025.0,143487.0
2.0,9600.0,1600.0,108024.0,104946.0,104930.0,0.0,117327.0,122670.0,127033.0,140757.0
3.0,9600.0,1600.0,113589.0,111329.0,111233.0,0.0,146620.0,154218.0,168419.0,173661.0
3.0,9600.0,1600.0,113308.0,109829.0,109591.0,0.0,145491.0,150072.0,164929.0,173341.0
3.0,9600.0,1600.0,112590.0,109968.0,109894.0,0.0,146403.0,147804.0,160219.0,172423.0
4.0,9600.0,1600.0,116285.0,114083.0,113419.0,0.0,167561.0,171758.0,189165.0,192868.0
4.0,9600.0,1600.0,116532.0,115336.0,113027.0,0.0,168158.0,171767.0,185995.0,192630.0
4.0,9600.0,1600.0,115628.0,112826.0,112218.0,0.0,166489.0,169650.0,182199.0,192008.0
2.0,9000.0,0.0,114623.0,118922.0,114182.0,114623.0,145618.0,149858.0,149858.0,155118.0
2.0,9000.0,0.0,113714.0,118437.0,113178.0,113714.0,141875.0,146100.0,146100.0,154680.0
2.0,9000.0,0.0,112219.0,116257.0,112062.0,112219.0,139545.0,141695.0,141695.0,153325.0
3.0,9000.0,0.0,119469.0,125318.0,119515.0,119469.0,168931.0,179809.0,179809.0,186645.0
3.0,9000.0,0.0,120298.0,125358.0,119159.0,120298.0,167010.0,176015.0,176015.0,186316.0
3.0,9000.0,0.0,119205.0,122001.0,118120.0,119205.0,162293.0,171649.0,171649.0,185337.0
4.0,9000.0,0.0,122579.0,126779.0,124069.0,122579.0,184953.0,198868.0,198868.0,206623.0
4.0,9000.0,0.0,122145.0,125935.0,122130.0,122145.0,181114.0,195364.0,195364.0,206333.0
4.0,9000.0,0.0,121481.0,126177.0,121477.0,121481.0,178816.0,193370.0,193370.0,205505.0
2.0,9900.0,900.0,112023.0,112690.0,111189.0,0.0,127826.0,138152.0,141919.0,150081.0
2.0,9900.0,900.0,112187.0,110874.0,108874.0,0.0,128042.0,134249.0,137976.0,149446.0
2.0,9900.0,900.0,110127.0,109747.0,108133.0,0.0,122799.0,129819.0,132718.0,147531.0
3.0,9900.0,900.0,118038.0,119369.0,116035.0,0.0,153534.0,164527.0,172487.0,180422.0
3.0,9900.0,900.0,117954.0,116007.0,114275.0,0.0,150993.0,160155.0,168476.0,180159.0
3.0,9900.0,900.0,117784.0,115592.0,113933.0,0.0,150295.0,156167.0,163804.0,179229.0
4.0,9900.0,900.0,121523.0,120674.0,117804.0,0.0,172034.0,182240.0,192276.0,199957.0
4.0,9900.0,900.0,120965.0,119254.0,117885.0,0.0,169284.0,180522.0,188837.0,199814.0
4.0,9900.0,900.0,120899.0,119392.0,117884.0,0.0,167947.0,176290.0,184794.0,199096.0
2.0,10800.0,1800.0,110234.0,107382.0,107436.0,0.0,120819.0,128346.0,133829.0,144597.0
2.0,10800.0,1800.0,109714.0,107103.0,107114.0,0.0,117305.0,124483.0,129410.0,143757.0
2.0,10800.0,1800.0,107595.0,105509.0,105387.0,0.0,115793.0,120001.0,123503.0,141067.0
3.0,10800.0,1800.0,116907.0,113834.0,112800.0,0.0,143398.0,152035.0,165410.0,174212.0
3.0,10800.0,1800.0,115985.0,112468.0,111407.0,0.0,143219.0,148615.0,161261.0,173909.0
3.0,10800.0,1800.0,116122.0,112402.0,111806.0,0.0,141139.0,146931.0,156059.0,172888.0
4.0,10800.0,1800.0,120135.0,116528.0,115848.0,0.0,161501.0,172255.0,186273.0,193550.0
4.0,10800.0,1800.0,119915.0,116542.0,116306.0,0.0,161459.0,169825.0,182729.0,193328.0
4.0,10800.0,1800.0,119340.0,116138.0,115131.0,0.0,156974.0,167871.0,178317.0,192703.0
2.0,10000.0,0.0,113841.0,117594.0,113395.0,113841.0,140385.0,150529.0,150529.0,155128.0
2.0,10000.0,0.0,113902.0,117146.0,112505.0,113902.0,140996.0,146732.0,146732.0,154680.0
2.0,10000.0,0.0,111776.0,115555.0,111414.0,111776.0,138904.0,142385.0,142385.0,153302.0
3.0,10000.0,0.0,118670.0,122529.0,118777.0,118670.0,163820.0,180493.0,180493.0,186654.0
3.0,10000.0,0.0,118316.0,123443.0,118584.0,118316.0,160167.0,176911.0,176911.0,186314.0
3.0,10000.0,0.0,118139.0,121052.0,117351.0,118139.0,158411.0,172851.0,172851.0,185294.0
4.0,10000.0,0.0,124127.0,123968.0,121514.0,124127.0,176677.0,199966.0,199966.0,206588.0
4.0,10000.0,0.0,122617.0,123311.0,121086.0,122617.0,173737.0,198154.0,198154.0,206333.0
4.0,10000.0,0.0,120795.0,122920.0,120495.0,120795.0,171532.0,194611.0,194611.0,205529.0
2.0,11000.0,1000.0,111513.0,109861.0,109924.0,0.0,125895.0,138595.0,142568.0,150082.0
2.0,11000.0,1000.0,110781.0,112110.0,110044.0,0.0,126362.0,134922.0,138627.0,149445.0
2.0,11000.0,1000.0,111179.0,107419.0,106932.0,0.0,122790.0,130212.0,133701.0,147580.0
3.0,11000.0,1000.0,117322.0,115174.0,114004.0,0.0,148099.0,165038.0,173473.0,180383.0
3.0,11000.0,1000.0,117114.0,114630.0,113793.0,0.0,146213.0,161491.0,169786.0,180123.0
3.0,11000.0,1000.0,115939.0,115959.0,113432.0,0.0,147003.0,157053.0,165295.0,179224.0
4.0,11000.0,1000.0,120315.0,118486.0,117216.0,0.0,165056.0,182843.0,193445.0,199946.0
4.0,11000.0,1000.0,120061.0,117464.0,116813.0,0.0,166709.0,180396.0,190169.0,199746.0
4.0,11000.0,1000.0,119452.0,118092.0,116506.0,0.0,162176.0,178126.0,186176.0,199147.0
2.0,12000.0,2000.0,109820.0,106177.0,106183.0,0.0,117171.0,128454.0,134442.0,144592.0
2.0,12000.0,2000.0,108493.0,106005.0,106008.0,0.0,115962.0,124603.0,130402.0,143728.0
2.0,12000.0,2000.0,108307.0,105194.0,105176.0,0.0,115931.0,120439.0,124867.0,141070.0
3.0,12000.0,2000.0,115816.0,112244.0,111439.0,0.0,138751.0,152667.0,166687.0,174175.0
3.0,12000.0,2000.0,114962.0,112011.0,111673.0,0.0,141511.0,148630.0,162784.0,173849.0
3.0,12000.0,2000.0,115491.0,112319.0,111350.0,0.0,138597.0,146403.0,157840.0,172888.0
4.0,12000.0,2000.0,119240.0,114960.0,114777.0,0.0,156720.0,174336.0,187647.0,193490.0
4.0,12000.0,2000.0,119067.0,115256.0,114994.0,0.0,158041.0,169940.0,184136.0,193310.0
4.0,12000.0,2000.0,119230.0,116456.0,114621.0,0.0,155006.0,166230.0,179738.0,192672.0
